date,ticker,flow_usd,flow_type
2026-09-12,ACWI,,estimated
2026-09-14,ACWI,0.0,estimated
2026-09-15,ACWI,0.0,estimated
2026-09-16,ACWI,0.0,estimated
2026-09-17,ACWI,0.0,estimated
2026-09-18,ACWI,0.0,estimated
2026-09-21,ACWI,0.0,estimated
2026-09-22,ACWI,0.0,estimated
2026-09-23,ACWI,0.0,estimated
2026-09-24,ACWI,0.0,estimated
2026-01-02,AGG,-8279999.999999999,
2026-01-05,AGG,-49700000.0,
2026-01-06,AGG,24870000.0,
2026-01-07,AGG,-74600000.0,
2026-01-08,AGG,165760000.0,
2026-01-09,AGG,-99420000.0,
2026-01-12,AGG,99370000.0,
2026-01-13,AGG,,
2026-01-14,AGG,-74560000.0,
2026-01-15,AGG,,
2026-01-16,AGG,215290000.0,
2026-01-19,AGG,,
2026-01-20,AGG,33110000.0,
2026-01-21,AGG,-115910000.0,
2026-01-22,AGG,339540000.0,
2026-01-23,AGG,339450000.0,
2026-01-26,AGG,,
2026-01-27,AGG,24860000.0,
2026-01-28,AGG,-33150000.0,
2026-01-29,AGG,-132620000.0,
2026-01-30,AGG,-66340000.0,
2026-02-02,AGG,-74670000.0,
2026-02-03,AGG,8270000.0,
2026-02-04,AGG,,
2026-02-05,AGG,,
2026-02-06,AGG,140860000.0,
2026-02-09,AGG,33130000.000000004,
2026-02-10,AGG,306600000.0,
2026-02-11,AGG,149260000.0,
2026-02-12,AGG,74560000.0,
2026-02-13,AGG,-8289999.999999999,
2026-02-16,AGG,,
2026-02-17,AGG,-24910000.0,
2026-02-18,AGG,74710000.0,
2026-02-19,AGG,,
2026-02-20,AGG,-33190000.0,
2026-02-23,AGG,,
2026-02-24,AGG,24920000.0,
2026-02-25,AGG,-16610000.0,
2026-02-26,AGG,,
2026-02-27,AGG,-49840000.0,
2026-03-02,AGG,249480000.0,
2026-03-03,AGG,-57970000.0,
2026-03-04,AGG,-74510000.0,
2026-03-05,AGG,-297820000.0,
2026-03-06,AGG,115760000.0,
2026-03-09,AGG,-74440000.0,
2026-03-10,AGG,,
2026-03-11,AGG,115790000.0,
2026-03-12,AGG,,
2026-03-13,AGG,-66000000.0,
2026-03-16,AGG,-156790000.0,
2026-03-17,AGG,115670000.0,
2026-03-18,AGG,,
2026-03-19,AGG,-33000000.0,
2026-03-20,AGG,74220000.0,
2026-03-23,AGG,49380000.0,
2026-03-24,AGG,107130000.0,
2026-03-25,AGG,-107000000.0,
2026-03-26,AGG,-82390000.0,
2026-03-27,AGG,74010000.0,
2026-03-30,AGG,0.0,
2026-03-31,AGG,-198610000.6103516,
2026-04-01,AGG,,
2026-04-02,AGG,,
2026-04-03,AGG,,
2026-04-06,AGG,,
2026-04-07,AGG,,
2026-04-08,AGG,,
2026-04-09,AGG,,
2026-04-10,AGG,,
2026-04-13,AGG,,
2026-04-14,AGG,,
2026-04-15,AGG,,
2026-04-16,AGG,,
2026-04-17,AGG,,
2026-04-20,AGG,,
2026-04-21,AGG,,
2026-04-22,AGG,,
2026-04-23,AGG,,
2026-04-24,AGG,,
2026-04-27,AGG,29850000.0,
2026-04-28,AGG,,
2026-04-29,AGG,-19827000.427246097,
2026-04-30,AGG,-19824000.549316406,
2026-05-01,AGG,,
2026-05-04,AGG,-98726997.37548828,
2026-05-05,AGG,,
2026-05-06,AGG,0.0,
2026-05-07,AGG,49632499.69482422,
2026-05-08,AGG,,
2026-05-11,AGG,29704499.81689453,
2026-05-12,AGG,59196002.197265625,
2026-05-13,AGG,0.0,
2026-05-14,AGG,0.0,
2026-05-15,AGG,39233999.63378906,
2026-09-12,AIQ,,estimated
2026-09-14,AIQ,2005645.0256500244,estimated
2026-09-15,AIQ,0.0,estimated
2026-09-16,AIQ,740283.6692352295,estimated
2026-09-17,AIQ,0.0,estimated
2026-09-18,AIQ,-538970.0329971313,estimated
2026-09-21,AIQ,622125.1033554077,estimated
2026-09-22,AIQ,3779802.480834961,estimated
2026-09-23,AIQ,0.0,estimated
2026-09-24,AIQ,127294.70587921143,estimated
2026-09-12,ARKB,,estimated
2026-01-02,ARKK,,
2026-01-05,ARKK,-188530000.0,
2026-01-06,ARKK,-67140000.0,
2026-01-07,ARKK,,
2026-01-08,ARKK,,
2026-01-09,ARKK,41700000.0,
2026-01-12,ARKK,-67700000.0,
2026-01-13,ARKK,,
2026-01-14,ARKK,,
2026-01-15,ARKK,95410000.0,
2026-01-16,ARKK,95500000.0,
2026-01-19,ARKK,,
2026-01-20,ARKK,173640000.0,
2026-01-21,ARKK,,
2026-01-22,ARKK,,
2026-01-23,ARKK,63690000.0,
2026-01-26,ARKK,,
2026-01-27,ARKK,,
2026-01-28,ARKK,,
2026-01-29,ARKK,,
2026-01-30,ARKK,595350000.0,
2026-02-02,ARKK,,
2026-02-03,ARKK,-75450000.0,
2026-02-04,ARKK,500310000.0,
2026-02-05,ARKK,,
2026-02-06,ARKK,,
2026-02-09,ARKK,-177000000.0,
2026-02-10,ARKK,,
2026-02-11,ARKK,66300000.0,
2026-02-12,ARKK,57360000.0,
2026-02-13,ARKK,,
2026-02-16,ARKK,,
2026-02-17,ARKK,,
2026-02-18,ARKK,,
2026-02-19,ARKK,-65930000.00000001,
2026-02-20,ARKK,,
2026-02-23,ARKK,-76100000.0,
2026-02-24,ARKK,,
2026-02-25,ARKK,,
2026-02-26,ARKK,,
2026-02-27,ARKK,,
2026-03-02,ARKK,49160000.0,
2026-03-03,ARKK,-120040000.0,
2026-03-04,ARKK,-56850000.0,
2026-03-05,ARKK,,
2026-03-06,ARKK,-696580000.0,
2026-03-09,ARKK,-28960000.0,
2026-03-10,ARKK,,
2026-03-11,ARKK,,
2026-03-12,ARKK,,
2026-03-13,ARKK,-1139410000.0,
2026-03-16,ARKK,-227880000.0,
2026-03-17,ARKK,-554660000.0,
2026-03-18,ARKK,-387160000.0,
2026-03-19,ARKK,-329980000.0,
2026-03-20,ARKK,-64940000.0,
2026-03-23,ARKK,-214680000.0,
2026-03-24,ARKK,-222760000.0,
2026-03-25,ARKK,,
2026-03-26,ARKK,,
2026-03-27,ARKK,50320000.0,
2026-03-30,ARKK,,
2026-03-31,ARKK,0.0,
2026-04-01,ARKK,,
2026-04-02,ARKK,,
2026-04-03,ARKK,,
2026-04-06,ARKK,,
2026-04-07,ARKK,,
2026-04-08,ARKK,,
2026-04-09,ARKK,,
2026-04-10,ARKK,,
2026-04-13,ARKK,,
2026-04-14,ARKK,,
2026-04-15,ARKK,,
2026-04-16,ARKK,,
2026-04-17,ARKK,,
2026-04-20,ARKK,,
2026-04-21,ARKK,,
2026-04-22,ARKK,,
2026-04-23,ARKK,,
2026-04-24,ARKK,,
2026-04-27,ARKK,971169015.5029296,
2026-04-28,ARKK,,
2026-04-29,ARKK,1842841954.040528,
2026-04-30,ARKK,-2903333035.65979,
2026-05-01,ARKK,,
2026-05-04,ARKK,0.0,
2026-05-05,ARKK,,
2026-05-06,ARKK,-23248500.82397461,
2026-05-07,ARKK,-67549501.03759766,
2026-05-08,ARKK,,
2026-05-11,ARKK,15824000.549316406,
2026-05-12,ARKK,0.0,
2026-05-13,ARKK,3888249.969482422,
2026-05-14,ARKK,165636001.9683838,
2026-05-15,ARKK,-37709999.084472656,
2026-05-18,ARKK,5504156022.644043,
2026-05-19,ARKK,0.0,
2026-05-20,ARKK,-4653642018.890381,
2026-05-21,ARKK,-1365476610.5651855,
2026-05-22,ARKK,-133990676.8798828,
2026-05-25,ARKK,,
2026-05-26,ARKK,0.0,
2026-05-27,ARKK,-3890000.1525878906,
2026-05-28,ARKK,-20055000.30517578,
2026-05-29,ARKK,,
2026-06-01,ARKK,368685001.373291,
2026-06-02,ARKK,0.0,
2026-06-03,ARKK,-19447500.22888184,
2026-06-04,ARKK,0.0,
2026-06-05,ARKK,30677999.877929688,
2026-06-08,ARKK,,
2026-06-09,ARKK,0.0,
2026-06-10,ARKK,-55656675.33874512,
2026-06-11,ARKK,0.0,
2026-06-12,ARKK,-7493000.030517578,
2026-06-15,ARKK,1623227993.774414,
2026-06-16,ARKK,0.0,
2026-06-17,ARKK,4909800224.304199,
2026-06-18,ARKK,-6244425000.0,
2026-06-19,ARKK,,
2026-06-22,ARKK,0.0,
2026-06-23,ARKK,0.0,
2026-06-24,ARKK,-180903007.88879395,
2026-06-25,ARKK,-23133000.18310547,
2026-06-26,ARKK,-38805000.30517578,
2026-06-29,ARKK,-194199248.50463867,
2026-06-30,ARKK,0.0,
2026-07-01,ARKK,0.0,
2026-07-02,ARKK,-12490499.49645996,
2026-07-03,ARKK,,
2026-07-06,ARKK,116445004.27246094,
2026-07-07,ARKK,4054000.0915527344,
2026-07-08,ARKK,-51928499.603271484,
2026-07-09,ARKK,8147000.122070312,
2026-07-10,ARKK,0.0,
2026-07-13,ARKK,192949743.270874,
2026-07-14,ARKK,,
2026-07-15,ARKK,,
2026-07-16,ARKK,-1805380471.8017576,
2026-07-17,ARKK,,
2026-07-20,ARKK,-203363999.1760254,
2026-07-21,ARKK,,
2026-07-22,ARKK,-23096999.35913086,
2026-07-23,ARKK,-15003999.32861328,
2026-07-24,ARKK,,
2026-07-27,ARKK,-79640001.6784668,
2026-07-28,ARKK,0.0,
2026-07-29,ARKK,100729995.72753906,
2026-07-30,ARKK,-7202999.877929688,
2026-07-31,ARKK,-35610000.61035156,
2026-08-03,ARKK,-54554998.39782715,
2026-08-04,ARKK,0.0,
2026-08-05,ARKK,3868899.917602539,
2026-08-06,ARKK,75641998.29101562,
2026-08-07,ARKK,,
2026-08-10,ARKK,,
2026-08-11,ARKK,,
2026-08-12,ARKK,,
2026-08-13,ARKK,,
2026-08-14,ARKK,,
2026-08-17,ARKK,,
2026-08-18,ARKK,,
2026-08-19,ARKK,,
2026-08-20,ARKK,,
2026-08-21,ARKK,,
2026-08-24,ARKK,,
2026-08-25,ARKK,,
2026-08-26,ARKK,,
2026-08-27,ARKK,-166021994.78149414,
2026-08-28,ARKK,0.0,
2026-08-31,ARKK,110370001.98364258,
2026-09-01,ARKK,-58912002.56347656,
2026-09-02,ARKK,-37232999.03869629,
2026-09-03,ARKK,-12991500.091552734,
2026-09-04,ARKK,-8641000.366210938,
2026-09-07,ARKK,,
2026-09-08,ARKK,0.0,
2026-09-09,ARKK,67984002.68554688,
2026-09-10,ARKK,37737000.2746582,
2026-09-11,ARKK,-8418000.030517578,
2026-09-12,ASHR,,estimated
2026-09-14,ASHR,0.0,estimated
2026-09-15,ASHR,0.0,estimated
2026-09-16,ASHR,0.0,estimated
2026-09-17,ASHR,0.0,estimated
2026-09-18,ASHR,-30087000.274658203,estimated
2026-09-21,ASHR,-11819500.160217283,estimated
2026-09-22,ASHR,0.0,estimated
2026-09-23,ASHR,-23960999.67956543,estimated
2026-09-24,ASHR,0.0,estimated
2026-09-12,BIL,,estimated
2026-09-14,BIL,135420000.0,estimated
2026-09-15,BIL,0.0,estimated
2026-09-16,BIL,0.0,estimated
2026-09-17,BIL,535333512.4969482,estimated
2026-09-18,BIL,107090098.57177734,estimated
2026-09-21,BIL,375355012.51220703,estimated
2026-09-22,BIL,0.0,estimated
2026-09-23,BIL,171235899.4293213,estimated
2026-09-24,BIL,17402099.30419922,estimated
2026-09-12,BITB,,estimated
2026-01-02,BKLN,,
2026-01-05,BKLN,8390000.0,
2026-01-06,BKLN,67150000.0,
2026-01-07,BKLN,60900000.0,
2026-01-08,BKLN,44110000.0,
2026-01-09,BKLN,243740000.0,
2026-01-12,BKLN,92480000.0,
2026-01-13,BKLN,132470000.0,
2026-01-14,BKLN,86240000.0,
2026-01-15,BKLN,67310000.0,
2026-01-16,BKLN,86260000.0,
2026-01-19,BKLN,,
2026-01-20,BKLN,35770000.0,
2026-01-21,BKLN,39760000.0,
2026-01-22,BKLN,43940000.0,
2026-01-23,BKLN,14650000.0,
2026-01-26,BKLN,22990000.0,
2026-01-27,BKLN,-58480000.0,
2026-01-28,BKLN,-146020000.0,
2026-01-29,BKLN,-25000000.0,
2026-01-30,BKLN,-74770000.0,
2026-02-02,BKLN,-99600000.0,
2026-02-03,BKLN,-2080000.0,
2026-02-04,BKLN,-120460000.0,
2026-02-05,BKLN,-47570000.0,
2026-02-06,BKLN,,
2026-02-09,BKLN,2070000.0,
2026-02-10,BKLN,,
2026-02-11,BKLN,-26920000.0,
2026-02-12,BKLN,,
2026-02-13,BKLN,-18630000.0,
2026-02-16,BKLN,,
2026-02-17,BKLN,-51730000.0,
2026-02-18,BKLN,-55880000.0,
2026-02-19,BKLN,2070000.0,
2026-02-20,BKLN,-60020000.0,
2026-02-23,BKLN,-146860000.0,
2026-02-24,BKLN,-151800000.0,
2026-02-25,BKLN,-273290000.0,
2026-02-26,BKLN,124460000.0,
2026-02-27,BKLN,8170000.0,
2026-03-02,BKLN,-130250000.0,
2026-03-03,BKLN,-113780000.0,
2026-03-04,BKLN,-154210000.0,
2026-03-05,BKLN,51090000.0,
2026-03-06,BKLN,-114620000.0,
2026-03-09,BKLN,-128820000.0,
2026-03-10,BKLN,38880000.0,
2026-03-11,BKLN,10290000.0,
2026-03-12,BKLN,-107040000.0,
2026-03-13,BKLN,-63710000.0,
2026-03-16,BKLN,-43140000.0,
2026-03-17,BKLN,43160000.0,
2026-03-18,BKLN,26730000.0,
2026-03-19,BKLN,28790000.0,
2026-03-20,BKLN,28750000.0,
2026-03-23,BKLN,10270000.0,
2026-03-24,BKLN,36820000.0,
2026-03-25,BKLN,96120000.0,
2026-03-26,BKLN,120840000.0,
2026-03-27,BKLN,90050000.0,
2026-03-30,BKLN,,
2026-03-31,BKLN,0.0,
2026-04-01,BKLN,,
2026-04-02,BKLN,,
2026-04-03,BKLN,,
2026-04-06,BKLN,,
2026-04-07,BKLN,,
2026-04-08,BKLN,,
2026-04-09,BKLN,,
2026-04-10,BKLN,,
2026-04-13,BKLN,,
2026-04-14,BKLN,,
2026-04-15,BKLN,,
2026-04-16,BKLN,,
2026-04-17,BKLN,,
2026-04-20,BKLN,,
2026-04-21,BKLN,,
2026-04-22,BKLN,,
2026-04-23,BKLN,,
2026-04-24,BKLN,,
2026-04-27,BKLN,59551499.55749512,
2026-04-28,BKLN,,
2026-04-29,BKLN,4109000.015258789,
2026-04-30,BKLN,-2057999.9923706048,
2026-05-01,BKLN,,
2026-05-04,BKLN,107041995.2392578,
2026-05-05,BKLN,,
2026-05-06,BKLN,20628799.43847656,
2026-05-07,BKLN,0.0,
2026-05-08,BKLN,,
2026-05-11,BKLN,31005000.11444092,
2026-05-12,BKLN,0.0,
2026-05-13,BKLN,123810001.37329102,
2026-05-14,BKLN,4131000.1373291016,
2026-05-15,BKLN,18571500.20599365,
2026-05-18,BKLN,82059997.55859375,
2026-05-19,BKLN,0.0,
2026-05-20,BKLN,-12318000.411987305,
2026-05-21,BKLN,8204000.091552734,
2026-05-22,BKLN,0.0,
2026-05-25,BKLN,,
2026-05-26,BKLN,0.0,
2026-05-27,BKLN,0.0,
2026-05-28,BKLN,0.0,
2026-05-29,BKLN,,
2026-06-01,BKLN,-90288002.01416016,
2026-06-02,BKLN,0.0,
2026-06-03,BKLN,0.0,
2026-06-04,BKLN,-12312000.274658203,
2026-06-05,BKLN,14339500.427246094,
2026-06-08,BKLN,18427500.34332276,
2026-06-09,BKLN,0.0,
2026-06-10,BKLN,0.0,
2026-06-11,BKLN,2043000.030517578,
2026-06-12,BKLN,22489499.66430664,
2026-06-15,BKLN,6140999.794006348,
2026-06-16,BKLN,0.0,
2026-06-17,BKLN,,
2026-06-18,BKLN,2047999.9542236328,
2026-06-19,BKLN,,
2026-06-22,BKLN,24425999.4506836,
2026-06-23,BKLN,0.0,
2026-06-24,BKLN,-63007502.36511231,
2026-06-25,BKLN,-8130000.305175781,
2026-06-26,BKLN,20315000.534057617,
2026-06-29,BKLN,16227999.877929688,
2026-06-30,BKLN,0.0,
2026-07-01,BKLN,12212999.725341797,
2026-07-02,BKLN,0.0,
2026-07-03,BKLN,,
2026-07-06,BKLN,0.0,
2026-07-07,BKLN,0.0,
2026-07-08,BKLN,0.0,
2026-07-09,BKLN,0.0,
2026-07-10,BKLN,-4090000.1525878906,
2026-07-13,BKLN,0.0,
2026-07-14,BKLN,,
2026-07-15,BKLN,,
2026-07-16,BKLN,-34807500.648498535,
2026-07-17,BKLN,,
2026-07-20,BKLN,-46885500.52642822,
2026-07-21,BKLN,,
2026-07-22,BKLN,-40799999.23706055,
2026-07-23,BKLN,0.0,
2026-07-24,BKLN,,
2026-07-27,BKLN,-106002001.19018556,
2026-07-28,BKLN,0.0,
2026-07-29,BKLN,-89715997.31445312,
2026-07-30,BKLN,-6116999.816894531,
2026-07-31,BKLN,-34654500.38909912,
2026-08-03,BKLN,-8167960.357666016,
2026-08-04,BKLN,-20430000.30517578,
2026-08-05,BKLN,0.0,
2026-08-06,BKLN,0.0,
2026-08-07,BKLN,,
2026-08-10,BKLN,,
2026-08-11,BKLN,,
2026-08-12,BKLN,,
2026-08-13,BKLN,,
2026-08-14,BKLN,,
2026-08-17,BKLN,,
2026-08-18,BKLN,,
2026-08-19,BKLN,,
2026-08-20,BKLN,,
2026-08-21,BKLN,,
2026-08-24,BKLN,,
2026-08-25,BKLN,,
2026-08-26,BKLN,,
2026-08-27,BKLN,18477000.61798096,
2026-08-28,BKLN,20520000.457763672,
2026-08-31,BKLN,0.0,
2026-09-01,BKLN,0.0,
2026-09-02,BKLN,2057999.9923706048,
2026-09-03,BKLN,0.0,
2026-09-04,BKLN,18535499.382019043,
2026-09-07,BKLN,,
2026-09-08,BKLN,0.0,
2026-09-09,BKLN,0.0,
2026-09-10,BKLN,2057500.0762939453,
2026-09-11,BKLN,-32944158.935546875,
2026-01-02,BND,64849999.99999999,
2026-01-05,BND,1400000.0,
2026-01-06,BND,2830000.0,
2026-01-07,BND,2040000.0,
2026-01-08,BND,2730000.0,
2026-01-09,BND,1320000.0,
2026-01-12,BND,500000.0,
2026-01-13,BND,900000.0,
2026-01-14,BND,6350000.0,
2026-01-15,BND,850000.0,
2026-01-16,BND,303720000.0,
2026-01-19,BND,,
2026-01-20,BND,168690000.0,
2026-01-21,BND,521140000.0,
2026-01-22,BND,508710000.0,
2026-01-23,BND,305420000.0,
2026-01-26,BND,90880000.0,
2026-01-27,BND,57870000.0,
2026-01-28,BND,350000.0,
2026-01-29,BND,100000.0,
2026-01-30,BND,1270000.0,
2026-02-02,BND,400000.0,
2026-02-03,BND,830000.0,
2026-02-04,BND,4940000.0,
2026-02-05,BND,1410000.0,
2026-02-06,BND,160000.0,
2026-02-09,BND,490000.0,
2026-02-10,BND,1310000.0,
2026-02-11,BND,380000.0,
2026-02-12,BND,480000.0,
2026-02-13,BND,292240000.0,
2026-02-16,BND,,
2026-02-17,BND,1080000.0,
2026-02-18,BND,347790000.0,
2026-02-19,BND,289550000.0,
2026-02-20,BND,310800000.0,
2026-02-23,BND,106940000.0,
2026-02-24,BND,348810000.0,
2026-02-25,BND,950000.0,
2026-02-26,BND,212380000.0,
2026-02-27,BND,1050000.0,
2026-03-02,BND,1340000.0,
2026-03-03,BND,610000.0,
2026-03-04,BND,400000.0,
2026-03-05,BND,1520000.0,
2026-03-06,BND,60000.0,
2026-03-09,BND,2390000.0,
2026-03-10,BND,630000.0,
2026-03-11,BND,260000.0,
2026-03-12,BND,270000.0,
2026-03-13,BND,470000.0,
2026-03-16,BND,1460000.0,
2026-03-17,BND,860000.0,
2026-03-18,BND,1050000.0,
2026-03-19,BND,930000.0,
2026-03-20,BND,590000.0,
2026-03-23,BND,4510000.0,
2026-03-24,BND,500000.0,
2026-03-25,BND,280000.0,
2026-03-26,BND,580000.0,
2026-03-27,BND,390000.0,
2026-03-30,BND,,
2026-03-31,BND,0.0,
2026-04-01,BND,,
2026-04-02,BND,,
2026-04-03,BND,,
2026-04-06,BND,,
2026-04-07,BND,,
2026-04-08,BND,,
2026-04-09,BND,,
2026-04-10,BND,,
2026-04-13,BND,,
2026-04-14,BND,,
2026-04-15,BND,,
2026-04-16,BND,,
2026-04-17,BND,,
2026-04-20,BND,,
2026-04-21,BND,,
2026-04-22,BND,,
2026-04-23,BND,,
2026-04-24,BND,,
2026-04-27,BND,221415000.9155273,
2026-04-28,BND,,
2026-04-29,BND,191126005.5541992,
2026-04-30,BND,205855990.600586,
2026-05-01,BND,,
2026-05-04,BND,139098998.26049805,
2026-05-05,BND,,
2026-05-06,BND,0.0,
2026-05-07,BND,58884002.68554688,
2026-05-08,BND,,
2026-05-11,BND,330412513.73291016,
2026-05-12,BND,0.0,
2026-05-13,BND,248557011.41357425,
2026-05-14,BND,51306498.71826172,
2026-05-15,BND,0.0,
2026-05-18,BND,559713018.7988281,
2026-05-19,BND,14473199.462890623,
2026-05-20,BND,872278839.1113281,
2026-05-21,BND,123531694.79370116,
2026-05-22,BND,480876004.0283203,
2026-05-25,BND,,
2026-05-26,BND,0.0,
2026-05-27,BND,0.0,
2026-05-28,BND,132065826.41601562,
2026-05-29,BND,,
2026-06-01,BND,124337998.96240234,
2026-06-02,BND,0.0,
2026-06-03,BND,262782009.8876953,
2026-06-04,BND,153638106.53686523,
2026-06-05,BND,255097507.47680664,
2026-06-08,BND,0.0,
2026-06-09,BND,94803277.58789062,
2026-06-10,BND,233584008.7890625,
2026-06-11,BND,36495651.24511719,
2026-06-12,BND,21938999.17602539,
2026-06-15,BND,146600204.46777344,
2026-06-16,BND,0.0,
2026-06-17,BND,132147001.64794922,
2026-06-18,BND,117543994.140625,
2026-06-19,BND,,
2026-06-22,BND,0.0,
2026-06-23,BND,0.0,
2026-06-24,BND,73535003.66210938,
2026-06-25,BND,117895996.09375,
2026-06-26,BND,103089002.99072266,
2026-06-29,BND,191500656.1279297,
2026-06-30,BND,0.0,
2026-07-01,BND,,
2026-07-02,BND,51156001.28173828,
2026-07-03,BND,,
2026-07-06,BND,0.0,
2026-07-07,BND,0.0,
2026-07-08,BND,254518962.86010745,
2026-07-09,BND,298418515.01464844,
2026-07-10,BND,116489916.9921875,
2026-07-13,BND,94367134.09423828,
2026-07-14,BND,,
2026-07-15,BND,,
2026-07-16,BND,101766142.27294922,
2026-07-17,BND,,
2026-07-20,BND,189202268.9819336,
2026-07-21,BND,,
2026-07-22,BND,79741532.13500977,
2026-07-23,BND,202229995.72753903,
2026-07-24,BND,,
2026-07-27,BND,166602793.1213379,
2026-07-28,BND,0.0,
2026-07-29,BND,108817497.25341795,
2026-07-30,BND,101437002.56347656,
2026-07-31,BND,86610003.66210938,
2026-08-03,BND,173184008.7890625,
2026-08-04,BND,0.0,
2026-08-05,BND,50690500.64086914,
2026-08-06,BND,57891998.291015625,
2026-08-07,BND,,
2026-08-10,BND,,
2026-08-11,BND,,
2026-08-12,BND,,
2026-08-13,BND,,
2026-08-14,BND,,
2026-08-17,BND,,
2026-08-18,BND,,
2026-08-19,BND,,
2026-08-20,BND,,
2026-08-21,BND,,
2026-08-24,BND,,
2026-08-25,BND,,
2026-08-26,BND,,
2026-08-27,BND,7254000.091552734,
2026-08-28,BND,166312994.38476562,
2026-08-31,BND,209365499.11499023,
2026-09-01,BND,179787502.28881836,
2026-09-02,BND,0.0,
2026-09-03,BND,79233107.75756836,
2026-09-04,BND,201487997.43652344,
2026-09-07,BND,,
2026-09-08,BND,0.0,
2026-09-09,BND,301161007.6904297,
2026-09-10,BND,0.0,
2026-09-11,BND,213735008.2397461,
2026-09-12,BND,0.0,estimated
2026-09-12,BNDX,,estimated
2026-09-12,BNO,,estimated
2026-09-14,BNO,-12273999.786376951,estimated
2026-09-15,BNO,0.0,estimated
2026-09-16,BNO,9534000.205993652,estimated
2026-09-17,BNO,101821498.48937988,estimated
2026-09-18,BNO,15227499.961853027,estimated
2026-09-21,BNO,18170999.908447266,estimated
2026-09-22,BNO,0.0,estimated
2026-09-23,BNO,0.0,estimated
2026-09-24,BNO,-21126000.213623047,estimated
2026-09-12,BOTZ,,estimated
2026-09-14,BOTZ,-3293670.1260375977,estimated
2026-09-15,BOTZ,0.0,estimated
2026-09-16,BOTZ,-183833464.56009293,estimated
2026-09-17,BOTZ,-543194.4190979004,estimated
2026-09-18,BOTZ,0.0,estimated
2026-09-21,BOTZ,715928.0224456787,estimated
2026-09-22,BOTZ,0.0,estimated
2026-09-23,BOTZ,-176198.57849884033,estimated
2026-09-24,BOTZ,100294.18260192871,estimated
2026-09-12,BSOL,,estimated
2026-09-12,BWX,,estimated
2026-09-12,CIBR,,estimated
2026-09-14,CIBR,0.0,estimated
2026-09-15,CIBR,0.0,estimated
2026-09-16,CIBR,0.0,estimated
2026-09-17,CIBR,10030000.30517578,estimated
2026-09-18,CIBR,35581001.28173828,estimated
2026-09-21,CIBR,179766004.94384766,estimated
2026-09-22,CIBR,0.0,estimated
2026-09-23,CIBR,0.0,estimated
2026-09-24,CIBR,109210502.24304199,estimated
2026-09-12,COPX,,estimated
2026-09-14,COPX,10073385.911102297,estimated
2026-09-15,COPX,0.0,estimated
2026-09-16,COPX,-33143460.23513794,estimated
2026-09-17,COPX,-49975269.63922119,estimated
2026-09-18,COPX,-79557694.70065308,estimated
2026-09-21,COPX,-103423481.91351318,estimated
2026-09-22,COPX,0.0,estimated
2026-09-23,COPX,24547068.700637817,estimated
2026-09-24,COPX,-528185.0625915527,estimated
2026-09-12,CPER,,estimated
2026-09-14,CPER,1959000.015258789,estimated
2026-09-15,CPER,0.0,estimated
2026-09-16,CPER,0.0,estimated
2026-09-17,CPER,0.0,estimated
2026-09-18,CPER,0.0,estimated
2026-09-21,CPER,-4022999.954223633,estimated
2026-09-22,CPER,0.0,estimated
2026-09-23,CPER,0.0,estimated
2026-09-24,CPER,-4061000.0610351562,estimated
2026-09-12,DBC,,estimated
2026-09-14,DBC,0.0,estimated
2026-09-15,DBC,0.0,estimated
2026-09-16,DBC,11788000.106811523,estimated
2026-09-17,DBC,0.0,estimated
2026-09-18,DBC,0.0,estimated
2026-09-21,DBC,0.0,estimated
2026-09-22,DBC,0.0,estimated
2026-09-23,DBC,0.0,estimated
2026-09-24,DBC,0.0,estimated
2026-01-02,DIA,96100000.0,
2026-01-05,DIA,-290240000.0,
2026-01-06,DIA,1689400000.0,
2026-01-07,DIA,-1508590000.0,
2026-01-08,DIA,171490000.0,
2026-01-09,DIA,-344860000.0,
2026-01-12,DIA,-222760000.0,
2026-01-13,DIA,24800000.0,
2026-01-14,DIA,-196780000.0,
2026-01-15,DIA,-294910000.0,
2026-01-16,DIA,-271950000.0,
2026-01-19,DIA,,
2026-01-20,DIA,1184230000.0,
2026-01-21,DIA,-193930000.0,
2026-01-22,DIA,147210000.0,
2026-01-23,DIA,271570000.0,
2026-01-26,DIA,-1865680000.0,
2026-01-27,DIA,-98820000.0,
2026-01-28,DIA,122500000.0,
2026-01-29,DIA,-147040000.0,
2026-01-30,DIA,24530000.0,
2026-02-02,DIA,-391110000.0,
2026-02-03,DIA,197620000.0,
2026-02-04,DIA,-73860000.0,
2026-02-05,DIA,123740000.0,
2026-02-06,DIA,-366780000.0,
2026-02-09,DIA,1854080000.0,
2026-02-10,DIA,150400000.0,
2026-02-11,DIA,-250990000.0,
2026-02-12,DIA,-225590000.0,
2026-02-13,DIA,-222580000.0,
2026-02-16,DIA,,
2026-02-17,DIA,-247650000.0,
2026-02-18,DIA,-173510000.0,
2026-02-19,DIA,,
2026-02-20,DIA,-766330000.0,
2026-02-23,DIA,-24800000.0,
2026-02-24,DIA,536660000.0,
2026-02-25,DIA,762070000.0,
2026-02-26,DIA,-346310000.0,
2026-02-27,DIA,148470000.0,
2026-03-02,DIA,,
2026-03-03,DIA,-122340000.0,
2026-03-04,DIA,-436910000.0,
2026-03-05,DIA,609790000.0,
2026-03-06,DIA,-479990000.0,
2026-03-09,DIA,47540000.0,
2026-03-10,DIA,788660000.0,
2026-03-11,DIA,-429930000.0,
2026-03-12,DIA,23740000.0,
2026-03-13,DIA,70130000.0,
2026-03-16,DIA,489710000.0,
2026-03-17,DIA,-681960000.0,
2026-03-18,DIA,-164770000.0,
2026-03-19,DIA,-92620000.0,
2026-03-20,DIA,-138320000.0,
2026-03-23,DIA,979630000.0,
2026-03-24,DIA,-392650000.0,
2026-03-25,DIA,-253610000.0,
2026-03-26,DIA,69620000.0,
2026-03-27,DIA,-114860000.0,
2026-03-30,DIA,-113014999.38964844,
2026-03-31,DIA,0.0,
2026-04-01,DIA,,
2026-04-02,DIA,,
2026-04-03,DIA,,
2026-04-06,DIA,,
2026-04-07,DIA,,
2026-04-08,DIA,,
2026-04-09,DIA,,
2026-04-10,DIA,,
2026-04-13,DIA,,
2026-04-14,DIA,,
2026-04-15,DIA,,
2026-04-16,DIA,,
2026-04-17,DIA,,
2026-09-12,DIA,-1578149963.3789062,estimated
2026-09-14,DIA,-262894989.01367188,estimated
2026-09-15,DIA,314693994.140625,estimated
2026-09-16,DIA,-52122998.046875,estimated
2026-09-17,DIA,-51521997.0703125,estimated
2026-09-18,DIA,207339990.234375,estimated
2026-09-21,DIA,361116003.4179688,estimated
2026-09-22,DIA,1507362084.9609375,estimated
2026-09-23,DIA,-1065549060.0585938,estimated
2026-09-24,DIA,-540014987.1826172,estimated
2026-09-12,DXJ,,estimated
2026-09-14,DXJ,0.0,estimated
2026-09-15,DXJ,0.0,estimated
2026-09-16,DXJ,-35348001.09863281,estimated
2026-09-17,DXJ,-44572498.3215332,estimated
2026-09-18,DXJ,0.0,estimated
2026-09-21,DXJ,-26769001.00708008,estimated
2026-09-22,DXJ,0.0,estimated
2026-09-23,DXJ,0.0,estimated
2026-09-24,DXJ,0.0,estimated
2026-09-12,ECH,,estimated
2026-09-14,ECH,0.0,estimated
2026-09-15,ECH,-1959000.015258789,estimated
2026-09-16,ECH,0.0,estimated
2026-09-17,ECH,-21422500.4196167,estimated
2026-09-18,ECH,0.0,estimated
2026-09-21,ECH,0.0,estimated
2026-09-22,ECH,0.0,estimated
2026-09-23,ECH,0.0,estimated
2026-09-24,ECH,0.0,estimated
2026-01-02,EEM,,
2026-01-05,EEM,,
2026-01-06,EEM,352710000.0,
2026-01-07,EEM,,
2026-01-08,EEM,,
2026-01-09,EEM,,
2026-01-12,EEM,,
2026-01-13,EEM,,
2026-01-14,EEM,,
2026-01-15,EEM,,
2026-01-16,EEM,,
2026-01-19,EEM,,
2026-01-20,EEM,,
2026-01-21,EEM,,
2026-01-22,EEM,,
2026-01-23,EEM,,
2026-01-26,EEM,,
2026-01-27,EEM,,
2026-01-28,EEM,,
2026-01-29,EEM,,
2026-01-30,EEM,,
2026-02-02,EEM,,
2026-02-03,EEM,,
2026-02-04,EEM,,
2026-02-05,EEM,,
2026-02-06,EEM,,
2026-02-09,EEM,,
2026-02-10,EEM,,
2026-02-11,EEM,,
2026-02-12,EEM,,
2026-02-13,EEM,,
2026-02-16,EEM,,
2026-02-17,EEM,,
2026-02-18,EEM,,
2026-02-19,EEM,,
2026-02-20,EEM,,
2026-02-23,EEM,,
2026-02-24,EEM,,
2026-02-25,EEM,,
2026-02-26,EEM,,
2026-02-27,EEM,,
2026-03-02,EEM,,
2026-03-03,EEM,,
2026-03-04,EEM,,
2026-03-05,EEM,,
2026-03-06,EEM,,
2026-03-09,EEM,,
2026-03-10,EEM,,
2026-03-11,EEM,,
2026-03-12,EEM,,
2026-03-13,EEM,,
2026-03-16,EEM,,
2026-03-17,EEM,,
2026-03-18,EEM,,
2026-03-19,EEM,,
2026-03-20,EEM,,
2026-03-23,EEM,,
2026-03-24,EEM,,
2026-03-25,EEM,,
2026-03-26,EEM,,
2026-03-27,EEM,,
2026-03-30,EEM,0.0,
2026-03-31,EEM,0.0,
2026-04-01,EEM,,
2026-04-02,EEM,,
2026-04-03,EEM,,
2026-04-06,EEM,,
2026-04-07,EEM,,
2026-04-08,EEM,,
2026-04-09,EEM,,
2026-04-10,EEM,,
2026-04-13,EEM,,
2026-04-14,EEM,,
2026-04-15,EEM,,
2026-04-16,EEM,,
2026-04-17,EEM,,
2026-04-20,EEM,,
2026-04-21,EEM,,
2026-04-22,EEM,,
2026-04-23,EEM,,
2026-04-24,EEM,,
2026-04-27,EEM,0.0,
2026-04-28,EEM,,
2026-04-29,EEM,0.0,
2026-04-30,EEM,0.0,
2026-05-01,EEM,,
2026-05-04,EEM,0.0,
2026-05-05,EEM,,
2026-05-06,EEM,0.0,
2026-05-07,EEM,0.0,
2026-05-08,EEM,,
2026-05-11,EEM,0.0,
2026-05-12,EEM,0.0,
2026-05-13,EEM,0.0,
2026-05-14,EEM,0.0,
2026-05-15,EEM,0.0,
2026-09-12,EEM,1493997689.4378662,estimated
2026-09-14,EEM,0.0,estimated
2026-09-15,EEM,0.0,estimated
2026-09-16,EEM,0.0,estimated
2026-09-17,EEM,0.0,estimated
2026-09-18,EEM,0.0,estimated
2026-09-21,EEM,0.0,estimated
2026-09-22,EEM,0.0,estimated
2026-09-23,EEM,0.0,estimated
2026-09-24,EEM,0.0,estimated
2026-01-02,EFA,,
2026-01-05,EFA,,
2026-01-06,EFA,,
2026-01-07,EFA,565000000.0,
2026-01-08,EFA,,
2026-01-09,EFA,,
2026-01-12,EFA,,
2026-01-13,EFA,363570000.0,
2026-01-14,EFA,336490000.0,
2026-01-15,EFA,129460000.0,
2026-01-16,EFA,,
2026-01-19,EFA,,
2026-01-20,EFA,1039750000.0,
2026-01-21,EFA,,
2026-01-22,EFA,,
2026-01-23,EFA,,
2026-01-26,EFA,,
2026-01-27,EFA,,
2026-01-28,EFA,916370000.0,
2026-01-29,EFA,708450000.0,
2026-01-30,EFA,54290000.0,
2026-02-02,EFA,159640000.0,
2026-02-03,EFA,,
2026-02-04,EFA,,
2026-02-05,EFA,,
2026-02-06,EFA,,
2026-02-09,EFA,,
2026-02-10,EFA,,
2026-02-11,EFA,,
2026-02-12,EFA,,
2026-02-13,EFA,,
2026-02-16,EFA,,
2026-02-17,EFA,,
2026-02-18,EFA,,
2026-02-19,EFA,,
2026-02-20,EFA,,
2026-02-23,EFA,,
2026-02-24,EFA,332920000.0,
2026-02-25,EFA,506400000.0,
2026-02-26,EFA,,
2026-02-27,EFA,649020000.0,
2026-03-02,EFA,84350000.0,
2026-03-03,EFA,,
2026-03-04,EFA,,
2026-03-05,EFA,,
2026-03-06,EFA,,
2026-03-09,EFA,,
2026-03-10,EFA,,
2026-03-11,EFA,,
2026-03-12,EFA,,
2026-03-13,EFA,,
2026-03-16,EFA,-154040000.0,
2026-03-17,EFA,-709400000.0,
2026-03-18,EFA,-317150000.0,
2026-03-19,EFA,,
2026-03-20,EFA,,
2026-03-23,EFA,,
2026-03-24,EFA,-1024320000.0,
2026-03-25,EFA,-76620000.0,
2026-03-26,EFA,-77860000.0,
2026-03-27,EFA,,
2026-03-30,EFA,0.0,
2026-03-31,EFA,0.0,
2026-04-01,EFA,,
2026-04-02,EFA,,
2026-04-03,EFA,,
2026-04-06,EFA,,
2026-04-07,EFA,,
2026-04-08,EFA,,
2026-04-09,EFA,,
2026-04-10,EFA,,
2026-04-13,EFA,,
2026-04-14,EFA,,
2026-04-15,EFA,,
2026-04-16,EFA,,
2026-04-17,EFA,,
2026-04-20,EFA,,
2026-04-21,EFA,,
2026-04-22,EFA,,
2026-04-23,EFA,,
2026-04-24,EFA,,
2026-04-27,EFA,0.0,
2026-04-28,EFA,,
2026-04-29,EFA,0.0,
2026-04-30,EFA,0.0,
2026-05-01,EFA,,
2026-05-04,EFA,0.0,
2026-05-05,EFA,,
2026-05-06,EFA,0.0,
2026-05-07,EFA,0.0,
2026-05-08,EFA,,
2026-05-11,EFA,0.0,
2026-05-12,EFA,0.0,
2026-05-13,EFA,0.0,
2026-05-14,EFA,0.0,
2026-05-15,EFA,0.0,
2026-09-12,EIDO,,estimated
2026-09-14,EIDO,0.0,estimated
2026-09-15,EIDO,0.0,estimated
2026-09-16,EIDO,-4476499.98664856,estimated
2026-09-17,EIDO,-11979499.673843384,estimated
2026-09-18,EIDO,-5091999.816894531,estimated
2026-09-21,EIDO,0.0,estimated
2026-09-22,EIDO,0.0,estimated
2026-09-23,EIDO,-6797999.811172485,estimated
2026-09-24,EIDO,0.0,estimated
2026-01-02,EMB,,
2026-01-05,EMB,32960000.0,
2026-01-06,EMB,-77070000.0,
2026-01-07,EMB,165170000.0,
2026-01-08,EMB,-286560000.0,
2026-01-09,EMB,55000000.0,
2026-01-12,EMB,33050000.0,
2026-01-13,EMB,44050000.0,
2026-01-14,EMB,77180000.0,
2026-01-15,EMB,22080000.0,
2026-01-16,EMB,55110000.0,
2026-01-19,EMB,,
2026-01-20,EMB,11000000.0,
2026-01-21,EMB,164540000.0,
2026-01-22,EMB,-110070000.0,
2026-01-23,EMB,-33000000.0,
2026-01-26,EMB,-198410000.0,
2026-01-27,EMB,,
2026-01-28,EMB,-44150000.0,
2026-01-29,EMB,-22090000.0,
2026-01-30,EMB,,
2026-02-02,EMB,11040000.0,
2026-02-03,EMB,220290000.0,
2026-02-04,EMB,,
2026-02-05,EMB,-55100000.0,
2026-02-06,EMB,22110000.0,
2026-02-09,EMB,-77410000.0,
2026-02-10,EMB,55350000.0,
2026-02-11,EMB,,
2026-02-12,EMB,,
2026-02-13,EMB,22240000.0,
2026-02-16,EMB,,
2026-02-17,EMB,33400000.0,
2026-02-18,EMB,33350000.0,
2026-02-19,EMB,,
2026-02-20,EMB,,
2026-02-23,EMB,,
2026-02-24,EMB,100180000.0,
2026-02-25,EMB,11130000.0,
2026-02-26,EMB,-33400000.0,
2026-02-27,EMB,,
2026-03-02,EMB,-22360000.0,
2026-03-03,EMB,,
2026-03-04,EMB,66849999.99999999,
2026-03-05,EMB,,
2026-03-06,EMB,-11120000.0,
2026-03-09,EMB,,
2026-03-10,EMB,-33450000.000000004,
2026-03-11,EMB,,
2026-03-12,EMB,55500000.0,
2026-03-13,EMB,,
2026-03-16,EMB,-22120000.0,
2026-03-17,EMB,-44380000.0,
2026-03-18,EMB,,
2026-03-19,EMB,-22230000.0,
2026-03-20,EMB,,
2026-03-23,EMB,33040000.0,
2026-03-24,EMB,-22020000.0,
2026-03-25,EMB,-87840000.0,
2026-03-26,EMB,-110080000.0,
2026-03-27,EMB,87780000.0,
2026-03-30,EMB,0.0,
2026-03-31,EMB,-84577498.62670898,
2026-04-01,EMB,,
2026-04-02,EMB,,
2026-04-03,EMB,,
2026-04-06,EMB,,
2026-04-07,EMB,,
2026-04-08,EMB,,
2026-04-09,EMB,,
2026-04-10,EMB,,
2026-04-13,EMB,,
2026-04-14,EMB,,
2026-04-15,EMB,,
2026-04-16,EMB,,
2026-04-17,EMB,,
2026-04-20,EMB,,
2026-04-21,EMB,,
2026-04-22,EMB,,
2026-04-23,EMB,,
2026-04-24,EMB,,
2026-04-27,EMB,,
2026-04-28,EMB,,
2026-04-29,EMB,-66902497.86376953,
2026-04-30,EMB,114887997.43652344,
2026-05-01,EMB,,
2026-05-04,EMB,-124175995.63598631,
2026-05-05,EMB,,
2026-05-06,EMB,-240324993.1335449,
2026-05-07,EMB,0.0,
2026-05-08,EMB,,
2026-05-11,EMB,47994998.931884766,
2026-05-12,EMB,57372001.64794922,
2026-05-13,EMB,-76379998.77929688,
2026-05-14,EMB,-95694999.69482422,
2026-05-15,EMB,-9479000.091552734,
2026-09-12,EMB,504495016.4794922,estimated
2026-09-14,EMB,-93339996.33789062,estimated
2026-09-15,EMB,-177118002.31933594,estimated
2026-09-16,EMB,-37195999.14550781,estimated
2026-09-17,EMB,74447998.046875,estimated
2026-09-18,EMB,0.0,estimated
2026-09-21,EMB,-158745995.33081055,estimated
2026-09-22,EMB,-93779998.77929688,estimated
2026-09-23,EMB,75023999.0234375,estimated
2026-09-24,EMB,0.0,estimated
2026-09-12,EMLC,,estimated
2026-09-12,EMXC,,estimated
2026-09-14,EMXC,0.0,estimated
2026-09-15,EMXC,0.0,estimated
2026-09-16,EMXC,0.0,estimated
2026-09-17,EMXC,0.0,estimated
2026-09-18,EMXC,0.0,estimated
2026-09-21,EMXC,0.0,estimated
2026-09-22,EMXC,0.0,estimated
2026-09-23,EMXC,0.0,estimated
2026-09-24,EMXC,0.0,estimated
2026-09-12,EPI,,estimated
2026-09-14,EPI,0.0,estimated
2026-09-15,EPI,-33720001.220703125,estimated
2026-09-16,EPI,0.0,estimated
2026-09-17,EPI,0.0,estimated
2026-09-18,EPI,0.0,estimated
2026-09-21,EPI,0.0,estimated
2026-09-22,EPI,0.0,estimated
2026-09-23,EPI,-25241999.81689453,estimated
2026-09-24,EPI,0.0,estimated
2026-09-12,ETHA,,estimated
2026-09-12,ETHE,,estimated
2026-09-12,EWG,,estimated
2026-09-14,EWG,0.0,estimated
2026-09-15,EWG,0.0,estimated
2026-09-16,EWG,-89312997.43652344,estimated
2026-09-17,EWG,0.0,estimated
2026-09-18,EWG,0.0,estimated
2026-09-21,EWG,-12645000.457763672,estimated
2026-09-22,EWG,0.0,estimated
2026-09-23,EWG,0.0,estimated
2026-09-24,EWG,-12560999.67956543,estimated
2026-09-12,EWH,,estimated
2026-09-14,EWH,-20268000.411987305,estimated
2026-09-15,EWH,0.0,estimated
2026-09-16,EWH,0.0,estimated
2026-09-17,EWH,0.0,estimated
2026-09-18,EWH,0.0,estimated
2026-09-21,EWH,0.0,estimated
2026-09-22,EWH,0.0,estimated
2026-09-23,EWH,0.0,estimated
2026-09-24,EWH,0.0,estimated
2026-09-12,EWI,,estimated
2026-09-14,EWI,0.0,estimated
2026-09-15,EWI,0.0,estimated
2026-09-16,EWI,0.0,estimated
2026-09-17,EWI,0.0,estimated
2026-09-18,EWI,0.0,estimated
2026-09-21,EWI,0.0,estimated
2026-09-22,EWI,0.0,estimated
2026-09-23,EWI,0.0,estimated
2026-09-24,EWI,22492499.828338623,estimated
2026-01-02,EWJ,322690000.0,
2026-01-05,EWJ,,
2026-01-06,EWJ,1206810000.0,
2026-01-07,EWJ,167830000.0,
2026-01-08,EWJ,,
2026-01-09,EWJ,,
2026-01-12,EWJ,754600000.0,
2026-01-13,EWJ,296840000.0,
2026-01-14,EWJ,507360000.0,
2026-01-15,EWJ,1311800000.0,
2026-01-16,EWJ,383500000.0,
2026-01-19,EWJ,,
2026-01-20,EWJ,,
2026-01-21,EWJ,716520000.0,
2026-01-22,EWJ,638880000.0,
2026-01-23,EWJ,559790000.0,
2026-01-26,EWJ,301950000.0,
2026-01-27,EWJ,260270000.0,
2026-01-28,EWJ,440520000.0,
2026-01-29,EWJ,579100000.0,
2026-01-30,EWJ,399430000.0,
2026-02-02,EWJ,392110000.0,
2026-02-03,EWJ,173760000.0,
2026-02-04,EWJ,,
2026-02-05,EWJ,,
2026-02-06,EWJ,,
2026-02-09,EWJ,,
2026-02-10,EWJ,178200000.0,
2026-02-11,EWJ,178230000.0,
2026-02-12,EWJ,766630000.0,
2026-02-13,EWJ,,
2026-02-16,EWJ,,
2026-02-17,EWJ,,
2026-02-18,EWJ,,
2026-02-19,EWJ,,
2026-02-20,EWJ,,
2026-02-23,EWJ,,
2026-02-24,EWJ,408330000.0,
2026-02-25,EWJ,,
2026-02-26,EWJ,92800000.0,
2026-02-27,EWJ,,
2026-03-02,EWJ,183840000.0,
2026-03-03,EWJ,,
2026-03-04,EWJ,,
2026-03-05,EWJ,,
2026-03-06,EWJ,,
2026-03-09,EWJ,,
2026-03-10,EWJ,,
2026-03-11,EWJ,,
2026-03-12,EWJ,,
2026-03-13,EWJ,,
2026-03-16,EWJ,,
2026-03-17,EWJ,,
2026-03-18,EWJ,,
2026-03-19,EWJ,,
2026-03-20,EWJ,,
2026-03-23,EWJ,,
2026-03-24,EWJ,,
2026-03-25,EWJ,,
2026-03-26,EWJ,,
2026-03-27,EWJ,,
2026-03-30,EWJ,0.0,
2026-03-31,EWJ,-552552008.0566406,
2026-04-01,EWJ,,
2026-04-02,EWJ,,
2026-04-03,EWJ,,
2026-04-06,EWJ,,
2026-04-07,EWJ,,
2026-04-08,EWJ,,
2026-04-09,EWJ,,
2026-04-10,EWJ,,
2026-04-13,EWJ,,
2026-04-14,EWJ,,
2026-04-15,EWJ,,
2026-04-16,EWJ,,
2026-04-17,EWJ,,
2026-04-20,EWJ,,
2026-04-21,EWJ,,
2026-04-22,EWJ,,
2026-04-23,EWJ,,
2026-04-24,EWJ,,
2026-04-27,EWJ,0.0,
2026-04-28,EWJ,,
2026-04-29,EWJ,65129997.25341797,
2026-04-30,EWJ,0.0,
2026-05-01,EWJ,,
2026-05-04,EWJ,-252766506.9580078,
2026-05-05,EWJ,,
2026-05-06,EWJ,0.0,
2026-05-07,EWJ,0.0,
2026-05-08,EWJ,,
2026-05-11,EWJ,-262983754.34875488,
2026-05-12,EWJ,606804016.1132812,
2026-05-13,EWJ,69772499.08447266,
2026-05-14,EWJ,0.0,
2026-05-15,EWJ,0.0,
2026-09-12,EWJ,842431489.5629883,estimated
2026-09-14,EWJ,0.0,estimated
2026-09-15,EWJ,-29274000.549316406,estimated
2026-09-16,EWJ,-101765998.07739258,estimated
2026-09-17,EWJ,0.0,estimated
2026-09-18,EWJ,44059501.64794922,estimated
2026-09-21,EWJ,-43650000.0,estimated
2026-09-22,EWJ,0.0,estimated
2026-09-23,EWJ,-14693999.862670898,estimated
2026-09-24,EWJ,0.0,estimated
2026-09-12,EWL,,estimated
2026-09-14,EWL,0.0,estimated
2026-09-15,EWL,0.0,estimated
2026-09-16,EWL,0.0,estimated
2026-09-17,EWL,30024999.61853028,estimated
2026-09-18,EWL,0.0,estimated
2026-09-21,EWL,0.0,estimated
2026-09-22,EWL,0.0,estimated
2026-09-23,EWL,0.0,estimated
2026-09-24,EWL,90554998.39782715,estimated
2026-09-12,EWM,,estimated
2026-09-14,EWM,0.0,estimated
2026-09-15,EWM,0.0,estimated
2026-09-16,EWM,0.0,estimated
2026-09-17,EWM,-4118999.8626708975,estimated
2026-09-18,EWM,-6185249.948501587,estimated
2026-09-21,EWM,0.0,estimated
2026-09-22,EWM,4148999.977111816,estimated
2026-09-23,EWM,0.0,estimated
2026-09-24,EWM,-18656999.588012695,estimated
2026-09-12,EWP,,estimated
2026-09-14,EWP,0.0,estimated
2026-09-15,EWP,0.0,estimated
2026-09-16,EWP,0.0,estimated
2026-09-17,EWP,0.0,estimated
2026-09-18,EWP,0.0,estimated
2026-09-21,EWP,0.0,estimated
2026-09-22,EWP,0.0,estimated
2026-09-23,EWP,0.0,estimated
2026-09-24,EWP,0.0,estimated
2026-09-12,EWQ,,estimated
2026-09-14,EWQ,0.0,estimated
2026-09-15,EWQ,0.0,estimated
2026-09-16,EWQ,0.0,estimated
2026-09-17,EWQ,0.0,estimated
2026-09-18,EWQ,8881999.969482422,estimated
2026-09-21,EWQ,0.0,estimated
2026-09-22,EWQ,0.0,estimated
2026-09-23,EWQ,0.0,estimated
2026-09-24,EWQ,8726000.213623047,estimated
2026-09-12,EWS,,estimated
2026-09-14,EWS,6723999.786376953,estimated
2026-09-15,EWS,0.0,estimated
2026-09-16,EWS,0.0,estimated
2026-09-17,EWS,6544000.244140625,estimated
2026-09-18,EWS,33040000.915527344,estimated
2026-09-21,EWS,0.0,estimated
2026-09-22,EWS,0.0,estimated
2026-09-23,EWS,0.0,estimated
2026-09-24,EWS,0.0,estimated
2026-09-12,EWT,,estimated
2026-09-14,EWT,22182000.732421875,estimated
2026-09-15,EWT,0.0,estimated
2026-09-16,EWT,0.0,estimated
2026-09-17,EWT,0.0,estimated
2026-09-18,EWT,0.0,estimated
2026-09-21,EWT,0.0,estimated
2026-09-22,EWT,0.0,estimated
2026-09-23,EWT,0.0,estimated
2026-09-24,EWT,0.0,estimated
2026-09-12,EWU,,estimated
2026-09-14,EWU,0.0,estimated
2026-09-15,EWU,0.0,estimated
2026-09-16,EWU,0.0,estimated
2026-09-17,EWU,0.0,estimated
2026-09-18,EWU,0.0,estimated
2026-09-21,EWU,0.0,estimated
2026-09-22,EWU,0.0,estimated
2026-09-23,EWU,0.0,estimated
2026-09-24,EWU,0.0,estimated
2026-09-12,EWW,,estimated
2026-09-14,EWW,-15075999.450683594,estimated
2026-09-15,EWW,0.0,estimated
2026-09-16,EWW,0.0,estimated
2026-09-17,EWW,-21866999.81689453,estimated
2026-09-18,EWW,0.0,estimated
2026-09-21,EWW,0.0,estimated
2026-09-22,EWW,0.0,estimated
2026-09-23,EWW,-29479998.779296875,estimated
2026-09-24,EWW,-7341999.816894531,estimated
2026-09-12,EWY,,estimated
2026-09-14,EWY,-339696002.1972656,estimated
2026-09-15,EWY,-105732000.73242188,estimated
2026-09-16,EWY,-88245002.74658203,estimated
2026-09-17,EWY,-193093992.6147461,estimated
2026-09-18,EWY,0.0,estimated
2026-09-21,EWY,-770567489.6240234,estimated
2026-09-22,EWY,0.0,estimated
2026-09-23,EWY,-47290000.915527344,estimated
2026-09-24,EWY,-148519995.1171875,estimated
2026-01-02,EWZ,,
2026-01-05,EWZ,,
2026-01-06,EWZ,,
2026-01-07,EWZ,,
2026-01-08,EWZ,,
2026-01-09,EWZ,,
2026-01-12,EWZ,,
2026-01-13,EWZ,,
2026-01-14,EWZ,,
2026-01-15,EWZ,,
2026-01-16,EWZ,,
2026-01-19,EWZ,,
2026-01-20,EWZ,,
2026-01-21,EWZ,,
2026-01-22,EWZ,,
2026-01-23,EWZ,,
2026-01-26,EWZ,,
2026-01-27,EWZ,,
2026-01-28,EWZ,,
2026-01-29,EWZ,,
2026-01-30,EWZ,,
2026-02-02,EWZ,,
2026-02-03,EWZ,,
2026-02-04,EWZ,,
2026-02-05,EWZ,,
2026-02-06,EWZ,,
2026-02-09,EWZ,,
2026-02-10,EWZ,,
2026-02-11,EWZ,,
2026-02-12,EWZ,,
2026-02-13,EWZ,,
2026-02-16,EWZ,,
2026-02-17,EWZ,,
2026-02-18,EWZ,,
2026-02-19,EWZ,,
2026-02-20,EWZ,,
2026-02-23,EWZ,,
2026-02-24,EWZ,,
2026-02-25,EWZ,,
2026-02-26,EWZ,,
2026-02-27,EWZ,,
2026-03-02,EWZ,,
2026-03-03,EWZ,,
2026-03-04,EWZ,,
2026-03-05,EWZ,,
2026-03-06,EWZ,,
2026-03-09,EWZ,,
2026-03-10,EWZ,,
2026-03-11,EWZ,,
2026-03-12,EWZ,,
2026-03-13,EWZ,,
2026-03-16,EWZ,,
2026-03-17,EWZ,,
2026-03-18,EWZ,-5540000.0,
2026-03-19,EWZ,,
2026-03-20,EWZ,,
2026-03-23,EWZ,-37030000.0,
2026-03-24,EWZ,,
2026-03-25,EWZ,,
2026-03-26,EWZ,,
2026-03-27,EWZ,,
2026-03-30,EWZ,0.0,
2026-03-31,EWZ,0.0,
2026-04-01,EWZ,,
2026-04-02,EWZ,,
2026-04-03,EWZ,,
2026-04-06,EWZ,,
2026-04-07,EWZ,,
2026-04-08,EWZ,,
2026-04-09,EWZ,,
2026-04-10,EWZ,,
2026-04-13,EWZ,,
2026-04-14,EWZ,,
2026-04-15,EWZ,,
2026-04-16,EWZ,,
2026-04-17,EWZ,,
2026-04-20,EWZ,,
2026-04-21,EWZ,,
2026-04-22,EWZ,,
2026-04-23,EWZ,,
2026-04-24,EWZ,,
2026-04-27,EWZ,0.0,
2026-04-28,EWZ,,
2026-04-29,EWZ,0.0,
2026-04-30,EWZ,0.0,
2026-05-01,EWZ,,
2026-05-04,EWZ,0.0,
2026-05-05,EWZ,,
2026-05-06,EWZ,0.0,
2026-05-07,EWZ,0.0,
2026-05-08,EWZ,,
2026-05-11,EWZ,0.0,
2026-05-12,EWZ,0.0,
2026-05-13,EWZ,0.0,
2026-05-14,EWZ,0.0,
2026-05-15,EWZ,0.0,
2026-09-12,EWZ,-2435806357.574463,estimated
2026-09-14,EWZ,0.0,estimated
2026-09-15,EWZ,60352001.953125,estimated
2026-09-16,EWZ,0.0,estimated
2026-09-17,EWZ,0.0,estimated
2026-09-18,EWZ,0.0,estimated
2026-09-21,EWZ,0.0,estimated
2026-09-22,EWZ,0.0,estimated
2026-09-23,EWZ,0.0,estimated
2026-09-24,EWZ,59791998.291015625,estimated
2026-09-12,EZU,,estimated
2026-09-14,EZU,-13922000.122070312,estimated
2026-09-15,EZU,0.0,estimated
2026-09-16,EZU,0.0,estimated
2026-09-17,EZU,0.0,estimated
2026-09-18,EZU,0.0,estimated
2026-09-21,EZU,0.0,estimated
2026-09-22,EZU,0.0,estimated
2026-09-23,EZU,-6898999.786376953,estimated
2026-09-24,EZU,0.0,estimated
2026-09-12,FBTC,,estimated
2026-09-12,FCG,,estimated
2026-09-14,FCG,9548999.977111816,estimated
2026-09-15,FCG,0.0,estimated
2026-09-16,FCG,0.0,estimated
2026-09-17,FCG,4605000.114440918,estimated
2026-09-18,FCG,0.0,estimated
2026-09-21,FCG,6088000.106811523,estimated
2026-09-22,FCG,0.0,estimated
2026-09-23,FCG,0.0,estimated
2026-09-24,FCG,-8904000.091552734,estimated
2026-09-12,FETH,,estimated
2026-09-12,FEZ,,estimated
2026-09-14,FEZ,0.0,estimated
2026-09-15,FEZ,0.0,estimated
2026-09-16,FEZ,0.0,estimated
2026-09-17,FEZ,0.0,estimated
2026-09-18,FEZ,0.0,estimated
2026-09-21,FEZ,0.0,estimated
2026-09-22,FEZ,0.0,estimated
2026-09-23,FEZ,0.0,estimated
2026-09-24,FEZ,0.0,estimated
2026-01-02,FXI,,
2026-01-05,FXI,,
2026-01-06,FXI,,
2026-01-07,FXI,,
2026-01-08,FXI,,
2026-01-09,FXI,,
2026-01-12,FXI,,
2026-01-13,FXI,65750000.0,
2026-01-14,FXI,65209999.99999999,
2026-01-15,FXI,59550000.0,
2026-01-16,FXI,99920000.0,
2026-01-19,FXI,,
2026-01-20,FXI,86320000.0,
2026-01-21,FXI,20130000.0,
2026-01-22,FXI,174420000.0,
2026-01-23,FXI,168680000.0,
2026-01-26,FXI,142400000.0,
2026-01-27,FXI,40210000.0,
2026-01-28,FXI,,
2026-01-29,FXI,,
2026-01-30,FXI,,
2026-02-02,FXI,55590000.0,
2026-02-03,FXI,41140000.0,
2026-02-04,FXI,76070000.0,
2026-02-05,FXI,,
2026-02-06,FXI,,
2026-02-09,FXI,,
2026-02-10,FXI,,
2026-02-11,FXI,,
2026-02-12,FXI,7810000.0,
2026-02-13,FXI,,
2026-02-16,FXI,,
2026-02-17,FXI,,
2026-02-18,FXI,,
2026-02-19,FXI,,
2026-02-20,FXI,54010000.0,
2026-02-23,FXI,78540000.0,
2026-02-24,FXI,58100000.0,
2026-02-25,FXI,80680000.0,
2026-02-26,FXI,59360000.0,
2026-02-27,FXI,,
2026-03-02,FXI,50350000.0,
2026-03-03,FXI,,
2026-03-04,FXI,,
2026-03-05,FXI,119770000.0,
2026-03-06,FXI,,
2026-03-09,FXI,28980000.0,
2026-03-10,FXI,,
2026-03-11,FXI,,
2026-03-12,FXI,,
2026-03-13,FXI,,
2026-03-16,FXI,,
2026-03-17,FXI,,
2026-03-18,FXI,,
2026-03-19,FXI,,
2026-03-20,FXI,,
2026-03-23,FXI,,
2026-03-24,FXI,,
2026-03-25,FXI,,
2026-03-26,FXI,,
2026-03-27,FXI,,
2026-03-30,FXI,0.0,
2026-03-31,FXI,0.0,
2026-04-01,FXI,,
2026-04-02,FXI,,
2026-04-03,FXI,,
2026-04-06,FXI,,
2026-04-07,FXI,,
2026-04-08,FXI,,
2026-04-09,FXI,,
2026-04-10,FXI,,
2026-04-13,FXI,,
2026-04-14,FXI,,
2026-04-15,FXI,,
2026-04-16,FXI,,
2026-04-17,FXI,,
2026-04-20,FXI,,
2026-04-21,FXI,,
2026-04-22,FXI,,
2026-04-23,FXI,,
2026-04-24,FXI,,
2026-04-27,FXI,0.0,
2026-04-28,FXI,,
2026-04-29,FXI,0.0,
2026-04-30,FXI,0.0,
2026-05-01,FXI,,
2026-05-04,FXI,0.0,
2026-05-05,FXI,,
2026-05-06,FXI,-16677000.617980955,
2026-05-07,FXI,0.0,
2026-05-08,FXI,,
2026-05-11,FXI,-11270999.908447266,
2026-05-12,FXI,0.0,
2026-05-13,FXI,0.0,
2026-05-14,FXI,0.0,
2026-05-15,FXI,0.0,
2026-09-12,FXI,-1557675000.0,estimated
2026-09-14,FXI,0.0,estimated
2026-09-15,FXI,0.0,estimated
2026-09-16,FXI,0.0,estimated
2026-09-17,FXI,0.0,estimated
2026-09-18,FXI,0.0,estimated
2026-09-21,FXI,0.0,estimated
2026-09-22,FXI,0.0,estimated
2026-09-23,FXI,0.0,estimated
2026-09-24,FXI,0.0,estimated
2026-09-12,GBTC,,estimated
2026-01-02,GDX,,
2026-01-05,GDX,,
2026-01-06,GDX,17680000.0,
2026-01-07,GDX,-41440000.0,
2026-01-08,GDX,36500000.0,
2026-01-09,GDX,,
2026-01-12,GDX,27770000.0,
2026-01-13,GDX,-38300000.0,
2026-01-14,GDX,9670000.0,
2026-01-15,GDX,-38820000.0,
2026-01-16,GDX,,
2026-01-19,GDX,,
2026-01-20,GDX,-38840000.0,
2026-01-21,GDX,-15400000.0,
2026-01-22,GDX,40540000.0,
2026-01-23,GDX,20900000.0,
2026-01-26,GDX,208240000.0,
2026-01-27,GDX,,
2026-01-28,GDX,-48940000.0,
2026-01-29,GDX,245900000.0,
2026-01-30,GDX,182560000.0,
2026-02-02,GDX,250870000.0,
2026-02-03,GDX,108080000.0,
2026-02-04,GDX,73650000.0,
2026-02-05,GDX,285430000.0,
2026-02-06,GDX,55520000.0,
2026-02-09,GDX,97180000.0,
2026-02-10,GDX,10270000.0,
2026-02-11,GDX,108400000.0,
2026-02-12,GDX,,
2026-02-13,GDX,153150000.0,
2026-02-16,GDX,,
2026-02-17,GDX,,
2026-02-18,GDX,,
2026-02-19,GDX,-102700000.0,
2026-02-20,GDX,-15630000.0,
2026-02-23,GDX,-74270000.0,
2026-02-24,GDX,-10970000.0,
2026-02-25,GDX,110880000.0,
2026-02-26,GDX,-38940000.0,
2026-02-27,GDX,17030000.0,
2026-03-02,GDX,104040000.0,
2026-03-03,GDX,17290000.0,
2026-03-04,GDX,,
2026-03-05,GDX,-53100000.0,
2026-03-06,GDX,-30560000.0,
2026-03-09,GDX,35540000.0,
2026-03-10,GDX,30690000.0,
2026-03-11,GDX,31100000.0,
2026-03-12,GDX,-50870000.0,
2026-03-13,GDX,-9970000.0,
2026-03-16,GDX,-201120000.0,
2026-03-17,GDX,-236200000.0,
2026-03-18,GDX,-187960000.0,
2026-03-19,GDX,-13310000.0,
2026-03-20,GDX,-153990000.0,
2026-03-23,GDX,68140000.0,
2026-03-24,GDX,-111740000.0,
2026-03-25,GDX,229740000.0,
2026-03-26,GDX,,
2026-03-27,GDX,4139999.999999999,
2026-03-30,GDX,,
2026-03-31,GDX,0.0,
2026-04-01,GDX,,
2026-04-02,GDX,,
2026-04-03,GDX,,
2026-04-06,GDX,,
2026-04-07,GDX,,
2026-04-08,GDX,,
2026-04-09,GDX,,
2026-04-10,GDX,,
2026-04-13,GDX,,
2026-04-14,GDX,,
2026-04-15,GDX,,
2026-04-16,GDX,,
2026-04-17,GDX,,
2026-04-20,GDX,,
2026-04-21,GDX,,
2026-04-22,GDX,,
2026-04-23,GDX,,
2026-04-24,GDX,,
2026-04-27,GDX,-32602500.534057617,
2026-04-28,GDX,,
2026-04-29,GDX,-203968245.69702148,
2026-04-30,GDX,-17539999.389648438,
2026-05-01,GDX,,
2026-05-04,GDX,-13058999.633789062,
2026-05-05,GDX,,
2026-05-06,GDX,0.0,
2026-05-07,GDX,-37992001.34277344,
2026-05-08,GDX,,
2026-05-11,GDX,4874000.16784668,
2026-05-12,GDX,0.0,
2026-05-13,GDX,9577999.877929688,
2026-05-14,GDX,-18761999.51171875,
2026-05-15,GDX,0.0,
2026-05-18,GDX,-26075999.4506836,
2026-05-19,GDX,0.0,
2026-05-20,GDX,-17077999.877929688,
2026-05-21,GDX,42481399.53613281,
2026-05-22,GDX,0.0,
2026-05-25,GDX,,
2026-05-26,GDX,0.0,
2026-05-27,GDX,0.0,
2026-05-28,GDX,0.0,
2026-05-29,GDX,,
2026-06-01,GDX,-52400999.4506836,
2026-06-02,GDX,0.0,
2026-06-03,GDX,21336250.30517578,
2026-06-04,GDX,21467500.686645508,
2026-06-05,GDX,-60386249.54223633,
2026-06-08,GDX,0.0,
2026-06-09,GDX,0.0,
2026-06-10,GDX,0.0,
2026-06-11,GDX,0.0,
2026-06-12,GDX,31298001.09863281,
2026-06-15,GDX,46849000.16784668,
2026-06-16,GDX,21770025.2532959,
2026-06-17,GDX,0.0,
2026-06-18,GDX,8359110.260009766,
2026-06-19,GDX,,
2026-06-22,GDX,0.0,
2026-06-23,GDX,0.0,
2026-06-24,GDX,-128299002.07519533,
2026-06-25,GDX,-136308595.2758789,
2026-06-26,GDX,-117067497.25341795,
2026-06-29,GDX,-15063000.48828125,
2026-06-30,GDX,0.0,
2026-07-01,GDX,42954999.1607666,
2026-07-02,GDX,75106997.68066406,
2026-07-03,GDX,,
2026-07-06,GDX,70592671.96655273,
2026-07-07,GDX,0.0,
2026-07-08,GDX,78025497.43652344,
2026-07-09,GDX,0.0,
2026-07-10,GDX,82973000.33569336,
2026-07-13,GDX,14752000.427246094,
2026-07-14,GDX,,
2026-07-15,GDX,,
2026-07-16,GDX,10811249.542236328,
2026-07-17,GDX,,
2026-07-20,GDX,0.0,
2026-07-21,GDX,,
2026-07-22,GDX,15333999.633789062,
2026-07-23,GDX,0.0,
2026-07-24,GDX,,
2026-07-27,GDX,-41326999.66430664,
2026-07-28,GDX,0.0,
2026-07-29,GDX,-21884999.084472656,
2026-07-30,GDX,7533000.183105469,
2026-07-31,GDX,0.0,
2026-08-03,GDX,-3743249.893188477,
2026-08-04,GDX,-11713499.450683594,
2026-08-05,GDX,0.0,
2026-08-06,GDX,0.0,
2026-08-07,GDX,,
2026-08-10,GDX,,
2026-08-11,GDX,,
2026-08-12,GDX,,
2026-08-13,GDX,,
2026-08-14,GDX,,
2026-08-17,GDX,,
2026-08-18,GDX,,
2026-08-19,GDX,,
2026-08-20,GDX,,
2026-08-21,GDX,,
2026-08-24,GDX,,
2026-08-25,GDX,,
2026-08-26,GDX,,
2026-08-27,GDX,-51845001.220703125,
2026-08-28,GDX,-59790000.915527344,
2026-08-31,GDX,-48992500.30517578,
2026-09-01,GDX,-4838999.938964844,
2026-09-02,GDX,-217642507.5531006,
2026-09-03,GDX,-156487998.58093262,
2026-09-04,GDX,-174457504.27246094,
2026-09-07,GDX,,
2026-09-08,GDX,0.0,
2026-09-09,GDX,-19905999.75585937,
2026-09-10,GDX,-262035008.2397461,
2026-09-11,GDX,0.0,
2026-01-02,GDXJ,,
2026-01-05,GDXJ,-5670000.0,
2026-01-06,GDXJ,,
2026-01-07,GDXJ,,
2026-01-08,GDXJ,,
2026-01-09,GDXJ,,
2026-01-12,GDXJ,12190000.0,
2026-01-13,GDXJ,,
2026-01-14,GDXJ,,
2026-01-15,GDXJ,,
2026-01-16,GDXJ,-12710000.0,
2026-01-19,GDXJ,,
2026-01-20,GDXJ,12790000.0,
2026-01-21,GDXJ,6780000.0,
2026-01-22,GDXJ,13470000.0,
2026-01-23,GDXJ,,
2026-01-26,GDXJ,50610000.0,
2026-01-27,GDXJ,,
2026-01-28,GDXJ,-7320000.0,
2026-01-29,GDXJ,37350000.0,
2026-01-30,GDXJ,7130000.0,
2026-02-02,GDXJ,6270000.0,
2026-02-03,GDXJ,-173110000.0,
2026-02-04,GDXJ,-58530000.0,
2026-02-05,GDXJ,-13010000.0,
2026-02-06,GDXJ,-6060000.0,
2026-02-09,GDXJ,,
2026-02-10,GDXJ,-27350000.0,
2026-02-11,GDXJ,-20540000.0,
2026-02-12,GDXJ,-105490000.0,
2026-02-13,GDXJ,,
2026-02-16,GDXJ,,
2026-02-17,GDXJ,-34180000.0,
2026-02-18,GDXJ,-52720000.0,
2026-02-19,GDXJ,-194640000.0,
2026-02-20,GDXJ,-13820000.0,
2026-02-23,GDXJ,-21240000.0,
2026-02-24,GDXJ,,
2026-02-25,GDXJ,29480000.0,
2026-02-26,GDXJ,,
2026-02-27,GDXJ,,
2026-03-02,GDXJ,54370000.0,
2026-03-03,GDXJ,,
2026-03-04,GDXJ,,
2026-03-05,GDXJ,-71750000.0,
2026-03-06,GDXJ,-6840000.0,
2026-03-09,GDXJ,,
2026-03-10,GDXJ,,
2026-03-11,GDXJ,,
2026-03-12,GDXJ,,
2026-03-13,GDXJ,-13230000.0,
2026-03-16,GDXJ,,
2026-03-17,GDXJ,,
2026-03-18,GDXJ,,
2026-03-19,GDXJ,,
2026-03-20,GDXJ,-93380000.0,
2026-03-23,GDXJ,,
2026-03-24,GDXJ,-146050000.0,
2026-03-25,GDXJ,87900000.0,
2026-03-26,GDXJ,,
2026-03-27,GDXJ,,
2026-03-30,GDXJ,,
2026-03-31,GDXJ,0.0,
2026-04-01,GDXJ,,
2026-04-02,GDXJ,,
2026-04-03,GDXJ,,
2026-04-06,GDXJ,,
2026-04-07,GDXJ,,
2026-04-08,GDXJ,,
2026-04-09,GDXJ,,
2026-04-10,GDXJ,,
2026-04-13,GDXJ,,
2026-04-14,GDXJ,,
2026-04-15,GDXJ,,
2026-04-16,GDXJ,,
2026-04-17,GDXJ,,
2026-04-20,GDXJ,,
2026-04-21,GDXJ,,
2026-04-22,GDXJ,,
2026-04-23,GDXJ,,
2026-04-24,GDXJ,,
2026-04-27,GDXJ,0.0,
2026-04-28,GDXJ,,
2026-04-29,GDXJ,-56959999.084472656,
2026-04-30,GDXJ,11567500.30517578,
2026-05-01,GDXJ,,
2026-05-04,GDXJ,-28748750.686645508,
2026-05-05,GDXJ,,
2026-05-06,GDXJ,0.0,
2026-05-07,GDXJ,-44456998.82507324,
2026-05-08,GDXJ,,
2026-05-11,GDXJ,6477999.877929688,
2026-05-12,GDXJ,0.0,
2026-05-13,GDXJ,25670001.220703125,
2026-05-14,GDXJ,56355750.2746582,
2026-05-15,GDXJ,0.0,
2026-05-18,GDXJ,0.0,
2026-05-19,GDXJ,0.0,
2026-05-20,GDXJ,-22452000.427246097,
2026-05-21,GDXJ,0.0,
2026-05-22,GDXJ,0.0,
2026-05-25,GDXJ,,
2026-05-26,GDXJ,0.0,
2026-05-27,GDXJ,0.0,
2026-05-28,GDXJ,-11358499.908447266,
2026-05-29,GDXJ,,
2026-06-01,GDXJ,-29034999.84741211,
2026-06-02,GDXJ,0.0,
2026-06-03,GDXJ,38839500.427246094,
2026-06-04,GDXJ,0.0,
2026-06-05,GDXJ,0.0,
2026-06-08,GDXJ,20602020.263671875,
2026-06-09,GDXJ,0.0,
2026-06-10,GDXJ,0.0,
2026-06-11,GDXJ,-4850000.0,
2026-06-12,GDXJ,-30474000.549316406,
2026-06-15,GDXJ,-11198500.061035156,
2026-06-16,GDXJ,11389810.180664062,
2026-06-17,GDXJ,0.0,
2026-06-18,GDXJ,-16329000.091552734,
2026-06-19,GDXJ,,
2026-06-22,GDXJ,0.0,
2026-06-23,GDXJ,0.0,
2026-06-24,GDXJ,-58691999.81689453,
2026-06-25,GDXJ,-29307000.732421875,
2026-06-26,GDXJ,-35696499.252319336,
2026-06-29,GDXJ,0.0,
2026-06-30,GDXJ,0.0,
2026-07-01,GDXJ,25483749.38964844,
2026-07-02,GDXJ,0.0,
2026-07-03,GDXJ,,
2026-07-06,GDXJ,0.0,
2026-07-07,GDXJ,0.0,
2026-07-08,GDXJ,0.0,
2026-07-09,GDXJ,0.0,
2026-07-10,GDXJ,0.0,
2026-07-13,GDXJ,-14406000.137329102,
2026-07-14,GDXJ,,
2026-07-15,GDXJ,,
2026-07-16,GDXJ,0.0,
2026-07-17,GDXJ,,
2026-07-20,GDXJ,0.0,
2026-07-21,GDXJ,,
2026-07-22,GDXJ,0.0,
2026-07-23,GDXJ,0.0,
2026-07-24,GDXJ,,
2026-07-27,GDXJ,0.0,
2026-07-28,GDXJ,0.0,
2026-07-29,GDXJ,-28393498.99291992,
2026-07-30,GDXJ,0.0,
2026-07-31,GDXJ,0.0,
2026-08-03,GDXJ,0.0,
2026-08-04,GDXJ,0.0,
2026-08-05,GDXJ,0.0,
2026-08-06,GDXJ,-21760000.61035156,
2026-08-07,GDXJ,,
2026-08-10,GDXJ,,
2026-08-11,GDXJ,,
2026-08-12,GDXJ,,
2026-08-13,GDXJ,,
2026-08-14,GDXJ,,
2026-08-17,GDXJ,,
2026-08-18,GDXJ,,
2026-08-19,GDXJ,,
2026-08-20,GDXJ,,
2026-08-21,GDXJ,,
2026-08-24,GDXJ,,
2026-08-25,GDXJ,,
2026-08-26,GDXJ,,
2026-08-27,GDXJ,87613495.63598633,
2026-08-28,GDXJ,0.0,
2026-08-31,GDXJ,0.0,
2026-09-01,GDXJ,0.0,
2026-09-02,GDXJ,0.0,
2026-09-03,GDXJ,-65769996.643066406,
2026-09-04,GDXJ,-6477749.633789063,
2026-09-07,GDXJ,,
2026-09-08,GDXJ,0.0,
2026-09-09,GDXJ,0.0,
2026-09-10,GDXJ,12571009.826660156,
2026-09-11,GDXJ,-31517499.92370605,
2026-01-02,GLD,-752630000.0,
2026-01-05,GLD,,
2026-01-06,GLD,286830000.0,
2026-01-07,GLD,,
2026-01-08,GLD,,
2026-01-09,GLD,-366530000.0,
2026-01-12,GLD,950310000.0,
2026-01-13,GLD,508950000.0,
2026-01-14,GLD,,
2026-01-15,GLD,84700000.0,
2026-01-16,GLD,1610870000.0,
2026-01-19,GLD,,
2026-01-20,GLD,-593500000.0,
2026-01-21,GLD,-611080000.0,
2026-01-22,GLD,313180000.0,
2026-01-23,GLD,1066130000.0,
2026-01-26,GLD,,
2026-01-27,GLD,140400000.0,
2026-01-28,GLD,418990000.0,
2026-01-29,GLD,-585430000.0,
2026-01-30,GLD,99370000.0,
2026-02-02,GLD,,
2026-02-03,GLD,-563390000.0,
2026-02-04,GLD,-226170000.0,
2026-02-05,GLD,-641520000.0,
2026-02-06,GLD,-267330000.0,
2026-02-09,GLD,545770000.0,
2026-02-10,GLD,,
2026-02-11,GLD,323720000.0,
2026-02-12,GLD,-840100000.0,
2026-02-13,GLD,139060000.0,
2026-02-16,GLD,,
2026-02-17,GLD,-229540000.0,
2026-02-18,GLD,,
2026-02-19,GLD,505820000.0,
2026-02-20,GLD,,
2026-02-23,GLD,1253910000.0,
2026-02-24,GLD,1288160000.0,
2026-02-25,GLD,564660000.0,
2026-02-26,GLD,47710000.0,
2026-02-27,GLD,569850000.0,
2026-03-02,GLD,,
2026-03-03,GLD,-390660000.0,
2026-03-04,GLD,-2914100000.0,
2026-03-05,GLD,-851600000.0,
2026-03-06,GLD,-422120000.0,
2026-03-09,GLD,-376940000.0,
2026-03-10,GLD,467370000.0,
2026-03-11,GLD,622310000.0,
2026-03-12,GLD,-238090000.0,
2026-03-13,GLD,-707060000.0,
2026-03-16,GLD,-139050000.0,
2026-03-17,GLD,-183570000.0,
2026-03-18,GLD,-414840000.0,
2026-03-19,GLD,-760640000.0,
2026-03-20,GLD,-760780000.0,
2026-03-23,GLD,-628770000.0,
2026-03-24,GLD,41030000.0,
2026-03-25,GLD,-81090000.0,
2026-03-26,GLD,41930000.0,
2026-03-27,GLD,-450340000.0,
2026-03-30,GLD,-456037985.2294922,
2026-03-31,GLD,-513287988.28125,
2026-04-01,GLD,,
2026-04-02,GLD,,
2026-04-03,GLD,,
2026-04-06,GLD,,
2026-04-07,GLD,,
2026-04-08,GLD,,
2026-04-09,GLD,,
2026-04-10,GLD,,
2026-04-13,GLD,,
2026-04-14,GLD,,
2026-04-15,GLD,,
2026-04-16,GLD,,
2026-04-17,GLD,,
2026-09-12,GLD,-119589001.46484376,estimated
2026-09-14,GLD,-398769989.0136719,estimated
2026-09-15,GLD,0.0,estimated
2026-09-16,GLD,394149993.8964844,estimated
2026-09-17,GLD,235043994.140625,estimated
2026-09-18,GLD,119507995.60546876,estimated
2026-09-21,GLD,601755020.1416016,estimated
2026-09-22,GLD,-239028002.9296875,estimated
2026-09-23,GLD,79676000.9765625,estimated
2026-09-24,GLD,117864001.46484375,estimated
2026-01-02,GLDM,,
2026-01-05,GLDM,25850000.0,
2026-01-06,GLDM,114670000.0,
2026-01-07,GLDM,177760000.0,
2026-01-08,GLDM,,
2026-01-09,GLDM,70140000.0,
2026-01-12,GLDM,97840000.0,
2026-01-13,GLDM,146090000.0,
2026-01-14,GLDM,183010000.0,
2026-01-15,GLDM,18240000.0,
2026-01-16,GLDM,45630000.0,
2026-01-19,GLDM,,
2026-01-20,GLDM,191660000.0,
2026-01-21,GLDM,93970000.0,
2026-01-22,GLDM,240810000.0,
2026-01-23,GLDM,38260000.0,
2026-01-26,GLDM,,
2026-01-27,GLDM,201520000.0,
2026-01-28,GLDM,70170000.0,
2026-01-29,GLDM,63020000.0,
2026-01-30,GLDM,,
2026-02-02,GLDM,236650000.0,
2026-02-03,GLDM,,
2026-02-04,GLDM,48700000.0,
2026-02-05,GLDM,69070000.0,
2026-02-06,GLDM,,
2026-02-09,GLDM,254630000.0,
2026-02-10,GLDM,89770000.0,
2026-02-11,GLDM,59750000.0,
2026-02-12,GLDM,-50250000.0,
2026-02-13,GLDM,,
2026-02-16,GLDM,,
2026-02-17,GLDM,29660000.0,
2026-02-18,GLDM,,
2026-02-19,GLDM,138630000.0,
2026-02-20,GLDM,,
2026-02-23,GLDM,110010000.0,
2026-02-24,GLDM,205490000.0,
2026-02-25,GLDM,,
2026-02-26,GLDM,,
2026-02-27,GLDM,61360000.0,
2026-03-02,GLDM,-82680000.0,
2026-03-03,GLDM,,
2026-03-04,GLDM,,
2026-03-05,GLDM,,
2026-03-06,GLDM,,
2026-03-09,GLDM,-314580000.0,
2026-03-10,GLDM,30200000.0,
2026-03-11,GLDM,,
2026-03-12,GLDM,,
2026-03-13,GLDM,,
2026-03-16,GLDM,,
2026-03-17,GLDM,,
2026-03-18,GLDM,,
2026-03-19,GLDM,,
2026-03-20,GLDM,-163870000.0,
2026-03-23,GLDM,,
2026-03-24,GLDM,114900000.0,
2026-03-25,GLDM,,
2026-03-26,GLDM,,
2026-03-27,GLDM,,
2026-03-30,GLDM,0.0,
2026-03-31,GLDM,55272001.64794922,
2026-04-01,GLDM,,
2026-04-02,GLDM,,
2026-04-03,GLDM,,
2026-04-06,GLDM,,
2026-04-07,GLDM,,
2026-04-08,GLDM,,
2026-04-09,GLDM,,
2026-04-10,GLDM,,
2026-04-13,GLDM,,
2026-04-14,GLDM,,
2026-04-15,GLDM,,
2026-04-16,GLDM,,
2026-04-17,GLDM,,
2026-09-12,GLDM,3036153075.4089355,estimated
2026-09-14,GLDM,0.0,estimated
2026-09-15,GLDM,101676004.02832033,estimated
2026-09-16,GLDM,51000000.0,estimated
2026-09-17,GLDM,0.0,estimated
2026-09-18,GLDM,25784999.084472656,estimated
2026-09-21,GLDM,0.0,estimated
2026-09-22,GLDM,-120343998.71826172,estimated
2026-09-23,GLDM,51575999.4506836,estimated
2026-09-24,GLDM,-237300000.0,estimated
2026-01-02,GSG,,
2026-01-05,GSG,-201840000.0,
2026-01-06,GSG,-568220000.0,
2026-01-07,GSG,-46240000.0,
2026-01-08,GSG,293560000.0,
2026-01-09,GSG,224960000.0,
2026-01-12,GSG,99160000.0,
2026-01-13,GSG,-72400000.0,
2026-01-14,GSG,-217810000.0,
2026-01-15,GSG,-528450000.00000006,
2026-01-16,GSG,33090000.000000004,
2026-01-19,GSG,,
2026-01-20,GSG,436190000.0,
2026-01-21,GSG,-173480000.0,
2026-01-22,GSG,-189130000.0,
2026-01-23,GSG,-42320000.0,
2026-01-26,GSG,-367890000.0,
2026-01-27,GSG,-447030000.0,
2026-01-28,GSG,-758400000.0,
2026-01-29,GSG,-408920000.0,
2026-01-30,GSG,,
2026-02-02,GSG,3394780000.0,
2026-02-03,GSG,-267410000.00000003,
2026-02-04,GSG,-190270000.0,
2026-02-05,GSG,-357090000.0,
2026-02-06,GSG,-142640000.0,
2026-02-09,GSG,,
2026-02-10,GSG,65530000.0,
2026-02-11,GSG,52190000.0,
2026-02-12,GSG,-171620000.0,
2026-02-13,GSG,-355650000.0,
2026-02-16,GSG,,
2026-02-17,GSG,-546620000.0,
2026-02-18,GSG,-432770000.0,
2026-02-19,GSG,-228970000.0,
2026-02-20,GSG,-73960000.0,
2026-02-23,GSG,809520000.0,
2026-02-24,GSG,775790000.0,
2026-02-25,GSG,-79810000.0,
2026-02-26,GSG,49300000.0,
2026-02-27,GSG,-289670000.0,
2026-03-02,GSG,-260830000.0,
2026-03-03,GSG,257130000.0,
2026-03-04,GSG,-88380000.0,
2026-03-05,GSG,-385190000.0,
2026-03-06,GSG,-129680000.0,
2026-03-09,GSG,-134240000.0,
2026-03-10,GSG,-151160000.0,
2026-03-11,GSG,-328740000.0,
2026-03-12,GSG,,
2026-03-13,GSG,-220720000.0,
2026-03-16,GSG,-280460000.0,
2026-03-17,GSG,85800000.0,
2026-03-18,GSG,-323290000.0,
2026-03-19,GSG,-195750000.0,
2026-03-20,GSG,138860000.0,
2026-03-23,GSG,616080000.0,
2026-03-24,GSG,,
2026-03-25,GSG,,
2026-03-26,GSG,-245160000.0,
2026-03-27,GSG,,
2026-03-30,GSG,0.0,
2026-03-31,GSG,4836749.839782715,
2026-04-01,GSG,,
2026-04-02,GSG,,
2026-04-03,GSG,,
2026-04-06,GSG,,
2026-04-07,GSG,,
2026-04-08,GSG,,
2026-04-09,GSG,,
2026-04-10,GSG,,
2026-04-13,GSG,,
2026-04-14,GSG,,
2026-04-15,GSG,,
2026-04-16,GSG,,
2026-04-17,GSG,,
2026-04-20,GSG,,
2026-04-21,GSG,,
2026-04-22,GSG,,
2026-04-23,GSG,,
2026-04-24,GSG,,
2026-04-27,GSG,0.0,
2026-04-28,GSG,,
2026-04-29,GSG,-5127000.045776367,
2026-04-30,GSG,0.0,
2026-05-01,GSG,,
2026-05-04,GSG,1704500.0076293943,
2026-05-05,GSG,,
2026-05-06,GSG,23057999.03869629,
2026-05-07,GSG,-8013750.076293945,
2026-05-08,GSG,,
2026-05-11,GSG,-10037999.725341797,
2026-05-12,GSG,-6845999.908447266,
2026-05-13,GSG,20682000.732421875,
2026-05-14,GSG,0.0,
2026-05-15,GSG,0.0,
2026-09-12,GSG,-85622253.22723389,estimated
2026-09-14,GSG,0.0,estimated
2026-09-15,GSG,0.0,estimated
2026-09-16,GSG,0.0,estimated
2026-09-17,GSG,5492999.839782715,estimated
2026-09-18,GSG,0.0,estimated
2026-09-21,GSG,14524000.549316406,estimated
2026-09-22,GSG,0.0,estimated
2026-09-23,GSG,0.0,estimated
2026-09-24,GSG,0.0,estimated
2026-09-12,GSOL,,estimated
2026-09-12,HACK,,estimated
2026-09-14,HACK,0.0,estimated
2026-09-15,HACK,0.0,estimated
2026-09-16,HACK,0.0,estimated
2026-09-17,HACK,0.0,estimated
2026-09-18,HACK,54216001.51062012,estimated
2026-09-21,HACK,160204497.52807617,estimated
2026-09-22,HACK,-98384002.68554688,estimated
2026-09-23,HACK,0.0,estimated
2026-09-24,HACK,31017499.923706055,estimated
2026-09-12,HEWJ,,estimated
2026-09-14,HEWJ,0.0,estimated
2026-09-15,HEWJ,0.0,estimated
2026-09-16,HEWJ,-25519999.69482422,estimated
2026-09-17,HEWJ,0.0,estimated
2026-09-18,HEWJ,-3247000.1220703125,estimated
2026-09-21,HEWJ,0.0,estimated
2026-09-22,HEWJ,0.0,estimated
2026-09-23,HEWJ,0.0,estimated
2026-09-24,HEWJ,-6523999.786376953,estimated
2026-01-02,HYG,48330000.0,
2026-01-05,HYG,-217550000.0,
2026-01-06,HYG,-217920000.0,
2026-01-07,HYG,-347300000.0,
2026-01-08,HYG,-48480000.0,
2026-01-09,HYG,-307000000.0,
2026-01-12,HYG,-8090000.0,
2026-01-13,HYG,-56620000.0,
2026-01-14,HYG,8090000.0,
2026-01-15,HYG,-266970000.00000003,
2026-01-16,HYG,-32390000.0,
2026-01-19,HYG,,
2026-01-20,HYG,-323900000.0,
2026-01-21,HYG,-298980000.0,
2026-01-22,HYG,-24300000.0,
2026-01-23,HYG,24330000.0,
2026-01-26,HYG,-24330000.0,
2026-01-27,HYG,64890000.0,
2026-01-28,HYG,24330000.0,
2026-01-29,HYG,40510000.0,
2026-01-30,HYG,97100000.0,
2026-02-02,HYG,-89020000.0,
2026-02-03,HYG,-241840000.0,
2026-02-04,HYG,-330190000.0,
2026-02-05,HYG,-72480000.0,
2026-02-06,HYG,-112660000.0,
2026-02-09,HYG,-411250000.0,
2026-02-10,HYG,40370000.0,
2026-02-11,HYG,581780000.0,
2026-02-12,HYG,-8080000.0,
2026-02-13,HYG,,
2026-02-16,HYG,,
2026-02-17,HYG,,
2026-02-18,HYG,-112970000.0,
2026-02-19,HYG,-113200000.0,
2026-02-20,HYG,-137420000.0,
2026-02-23,HYG,40420000.0,
2026-02-24,HYG,40400000.0,
2026-02-25,HYG,-161490000.0,
2026-02-26,HYG,40390000.0,
2026-02-27,HYG,-193810000.0,
2026-03-02,HYG,-80580000.0,
2026-03-03,HYG,136320000.0,
2026-03-04,HYG,-200230000.0,
2026-03-05,HYG,72330000.0,
2026-03-06,HYG,-938300000.0,
2026-03-09,HYG,7990000.0,
2026-03-10,HYG,599700000.0,
2026-03-11,HYG,216380000.0,
2026-03-12,HYG,-575560000.0,
2026-03-13,HYG,-580660000.0,
2026-03-16,HYG,222060000.0,
2026-03-17,HYG,357790000.0,
2026-03-18,HYG,111620000.0,
2026-03-19,HYG,-119290000.0,
2026-03-20,HYG,-222000000.0,
2026-03-23,HYG,316180000.0,
2026-03-24,HYG,245960000.0,
2026-03-25,HYG,696900000.0,
2026-03-26,HYG,39730000.0,
2026-03-27,HYG,-339760000.0,
2026-03-30,HYG,0.0,
2026-03-31,HYG,-484736477.6611328,
2026-04-01,HYG,,
2026-04-02,HYG,,
2026-04-03,HYG,,
2026-04-06,HYG,,
2026-04-07,HYG,,
2026-04-08,HYG,,
2026-04-09,HYG,,
2026-04-10,HYG,,
2026-04-13,HYG,,
2026-04-14,HYG,,
2026-04-15,HYG,,
2026-04-16,HYG,,
2026-04-17,HYG,,
2026-04-20,HYG,,
2026-04-21,HYG,,
2026-04-22,HYG,,
2026-04-23,HYG,,
2026-04-24,HYG,,
2026-04-27,HYG,345977996.0632324,
2026-04-28,HYG,,
2026-04-29,HYG,144476998.9013672,
2026-04-30,HYG,184575000.0,
2026-05-01,HYG,,
2026-05-04,HYG,-79964996.33789062,
2026-05-05,HYG,,
2026-05-06,HYG,-232435004.42504883,
2026-05-07,HYG,40082500.45776367,
2026-05-08,HYG,,
2026-05-11,HYG,-40047500.61035156,
2026-05-12,HYG,-207505993.6523437,
2026-05-13,HYG,31938000.48828125,
2026-05-14,HYG,143964006.04248047,
2026-05-15,HYG,167128498.07739258,
2026-09-12,HYG,-1470848477.1728516,estimated
2026-09-14,HYG,-652379987.3352051,estimated
2026-09-15,HYG,-180618997.1923828,estimated
2026-09-16,HYG,133245995.33081056,estimated
2026-09-17,HYG,101945997.6196289,estimated
2026-09-18,HYG,346368005.3710937,estimated
2026-09-21,HYG,86382998.65722656,estimated
2026-09-22,HYG,94416000.36621094,estimated
2026-09-23,HYG,385532001.4953613,estimated
2026-09-24,HYG,148389997.10083008,estimated
2026-09-12,IAGG,,estimated
2026-01-02,IAU,,
2026-01-05,IAU,-113580000.0,
2026-01-06,IAU,8119999.999999999,
2026-01-07,IAU,61430000.0,
2026-01-08,IAU,73080000.0,
2026-01-09,IAU,-44340000.0,
2026-01-12,IAU,-48210000.0,
2026-01-13,IAU,37110000.0,
2026-01-14,IAU,41590000.0,
2026-01-15,IAU,54070000.0,
2026-01-16,IAU,16370000.000000002,
2026-01-19,IAU,,
2026-01-20,IAU,-114380000.0,
2026-01-21,IAU,55500000.0,
2026-01-22,IAU,92350000.0,
2026-01-23,IAU,1023280000.0,
2026-01-26,IAU,-928580000.0,
2026-01-27,IAU,-95930000.0,
2026-01-28,IAU,-7980000.0,
2026-01-29,IAU,3950000.0,
2026-01-30,IAU,-194280000.0,
2026-02-02,IAU,,
2026-02-03,IAU,,
2026-02-04,IAU,-14680000.0,
2026-02-05,IAU,7000000.0,
2026-02-06,IAU,-19900000.0,
2026-02-09,IAU,-28150000.0,
2026-02-10,IAU,14490000.0,
2026-02-11,IAU,-115670000.0,
2026-02-12,IAU,-63830000.0,
2026-02-13,IAU,195220000.0,
2026-02-16,IAU,,
2026-02-17,IAU,-17560000.0,
2026-02-18,IAU,77300000.0,
2026-02-19,IAU,-117880000.0,
2026-02-20,IAU,-137290000.0,
2026-02-23,IAU,-64330000.0,
2026-02-24,IAU,77030000.0,
2026-02-25,IAU,75570000.0,
2026-02-26,IAU,99300000.0,
2026-02-27,IAU,33560000.0,
2026-03-02,IAU,29190000.0,
2026-03-03,IAU,22260000.0,
2026-03-04,IAU,-50590000.0,
2026-03-05,IAU,89860000.0,
2026-03-06,IAU,-18490000.0,
2026-03-09,IAU,-86920000.0,
2026-03-10,IAU,18570000.0,
2026-03-11,IAU,-14580000.0,
2026-03-12,IAU,,
2026-03-13,IAU,-7070000.0,
2026-03-16,IAU,-73730000.0,
2026-03-17,IAU,54020000.0,
2026-03-18,IAU,58440000.0,
2026-03-19,IAU,-46440000.0,
2026-03-20,IAU,7110000.0,
2026-03-23,IAU,-234970000.0,
2026-03-24,IAU,39000000.0,
2026-03-25,IAU,34470000.0,
2026-03-26,IAU,10480000.0,
2026-03-27,IAU,138220000.0,
2026-03-30,IAU,,
2026-03-31,IAU,0.0,
2026-04-01,IAU,,
2026-04-02,IAU,,
2026-04-03,IAU,,
2026-04-06,IAU,,
2026-04-07,IAU,,
2026-04-08,IAU,,
2026-04-09,IAU,,
2026-04-10,IAU,,
2026-04-13,IAU,,
2026-04-14,IAU,,
2026-04-15,IAU,,
2026-04-16,IAU,,
2026-04-17,IAU,,
2026-04-20,IAU,,
2026-04-21,IAU,,
2026-04-22,IAU,,
2026-04-23,IAU,,
2026-04-24,IAU,,
2026-04-27,IAU,0.0,
2026-04-28,IAU,,
2026-04-29,IAU,0.0,
2026-04-30,IAU,0.0,
2026-05-01,IAU,,
2026-05-04,IAU,197420497.8942871,
2026-05-05,IAU,,
2026-05-06,IAU,-128288747.7874756,
2026-05-07,IAU,-84787594.22302246,
2026-05-08,IAU,,
2026-05-11,IAU,17794000.244140625,
2026-05-12,IAU,0.0,
2026-05-13,IAU,0.0,
2026-05-14,IAU,0.0,
2026-05-15,IAU,0.0,
2026-05-18,IAU,-51209999.084472656,
2026-05-19,IAU,0.0,
2026-05-20,IAU,-42567501.068115234,
2026-05-21,IAU,0.0,
2026-05-22,IAU,-245398007.9650879,
2026-05-25,IAU,,
2026-05-26,IAU,0.0,
2026-05-27,IAU,0.0,
2026-05-28,IAU,0.0,
2026-05-29,IAU,,
2026-06-01,IAU,-33739999.38964844,
2026-06-02,IAU,0.0,
2026-06-03,IAU,0.0,
2026-06-04,IAU,-62985002.5177002,
2026-06-05,IAU,0.0,
2026-06-08,IAU,122354999.54223631,
2026-06-09,IAU,0.0,
2026-06-10,IAU,-73767501.44958496,
2026-06-11,IAU,-115410003.66210938,
2026-06-12,IAU,0.0,
2026-06-15,IAU,-419544731.1401367,
2026-06-16,IAU,-285932498.9318848,
2026-06-17,IAU,0.0,
2026-06-18,IAU,-219738746.6430664,
2026-06-19,IAU,,
2026-06-22,IAU,188784008.7890625,
2026-06-23,IAU,-232695007.32421875,
2026-06-24,IAU,-90601199.34082033,
2026-06-25,IAU,-45366000.36621094,
2026-06-26,IAU,-376393511.9628906,
2026-06-29,IAU,-113415149.6887207,
2026-06-30,IAU,0.0,
2026-07-01,IAU,-111889395.14160156,
2026-07-02,IAU,0.0,
2026-07-03,IAU,,
2026-07-06,IAU,0.0,
2026-07-07,IAU,0.0,
2026-07-08,IAU,-45939001.46484375,
2026-07-09,IAU,96875000.0,
2026-07-10,IAU,0.0,
2026-07-13,IAU,-124583245.46813963,
2026-07-14,IAU,,
2026-07-15,IAU,,
2026-07-16,IAU,0.0,
2026-07-17,IAU,,
2026-07-20,IAU,-49010000.99182129,
2026-07-21,IAU,,
2026-07-22,IAU,0.0,
2026-07-23,IAU,152529998.77929688,
2026-07-24,IAU,,
2026-07-27,IAU,68953498.07739258,
2026-07-28,IAU,0.0,
2026-07-29,IAU,-45207000.73242188,
2026-07-30,IAU,0.0,
2026-07-31,IAU,0.0,
2026-08-03,IAU,-37927501.6784668,
2026-08-04,IAU,-34554645.53833008,
2026-08-05,IAU,-63208001.708984375,
2026-08-06,IAU,-240450004.57763672,
2026-08-07,IAU,,
2026-08-10,IAU,,
2026-08-11,IAU,,
2026-08-12,IAU,,
2026-08-13,IAU,,
2026-08-14,IAU,,
2026-08-17,IAU,,
2026-08-18,IAU,,
2026-08-19,IAU,,
2026-08-20,IAU,,
2026-08-21,IAU,,
2026-08-24,IAU,,
2026-08-25,IAU,,
2026-08-26,IAU,,
2026-08-27,IAU,56303001.78527832,
2026-08-28,IAU,50291999.81689453,
2026-08-31,IAU,0.0,
2026-09-01,IAU,-49314001.46484375,
2026-09-02,IAU,0.0,
2026-09-03,IAU,0.0,
2026-09-04,IAU,25033499.908447266,
2026-09-07,IAU,,
2026-09-08,IAU,0.0,
2026-09-09,IAU,0.0,
2026-09-10,IAU,0.0,
2026-09-11,IAU,0.0,
2026-09-12,IAU,0.0,estimated
2026-09-14,IAU,106222998.80981444,estimated
2026-09-15,IAU,0.0,estimated
2026-09-16,IAU,145403997.80273438,estimated
2026-09-17,IAU,220879999.1607666,estimated
2026-09-18,IAU,65352001.953125,estimated
2026-09-21,IAU,-24669001.00708008,estimated
2026-09-22,IAU,32667999.267578125,estimated
2026-09-23,IAU,-122504997.25341795,estimated
2026-09-24,IAU,48311997.985839844,estimated
2026-01-02,IBB,-75960000.0,
2026-01-05,IBB,92970000.0,
2026-01-06,IBB,-8369999.999999999,
2026-01-07,IBB,-25680000.0,
2026-01-08,IBB,132530000.0,
2026-01-09,IBB,-25830000.0,
2026-01-12,IBB,-43100000.0,
2026-01-13,IBB,-34270000.0,
2026-01-14,IBB,-17130000.0,
2026-01-15,IBB,51850000.0,
2026-01-16,IBB,59680000.0,
2026-01-19,IBB,,
2026-01-20,IBB,,
2026-01-21,IBB,-93900000.0,
2026-01-22,IBB,17510000.0,
2026-01-23,IBB,-26640000.0,
2026-01-26,IBB,8760000.0,
2026-01-27,IBB,43970000.0,
2026-01-28,IBB,-17690000.0,
2026-01-29,IBB,-43510000.0,
2026-01-30,IBB,26150000.0,
2026-02-02,IBB,-25860000.0,
2026-02-03,IBB,-34840000.0,
2026-02-04,IBB,-86940000.0,
2026-02-05,IBB,104410000.0,
2026-02-06,IBB,-76560000.0,
2026-02-09,IBB,43730000.0,
2026-02-10,IBB,-261590000.0,
2026-02-11,IBB,25820000.0,
2026-02-12,IBB,146850000.0,
2026-02-13,IBB,153660000.0,
2026-02-16,IBB,,
2026-02-17,IBB,,
2026-02-18,IBB,-121830000.0,
2026-02-19,IBB,34940000.0,
2026-02-20,IBB,17510000.0,
2026-02-23,IBB,-26150000.0,
2026-02-24,IBB,148900000.0,
2026-02-25,IBB,-70530000.0,
2026-02-26,IBB,26280000.0,
2026-02-27,IBB,104330000.0,
2026-03-02,IBB,35070000.0,
2026-03-03,IBB,-43510000.0,
2026-03-04,IBB,-102140000.0,
2026-03-05,IBB,17290000.0,
2026-03-06,IBB,-84410000.0,
2026-03-09,IBB,-25150000.0,
2026-03-10,IBB,77070000.0,
2026-03-11,IBB,-103370000.0,
2026-03-12,IBB,25650000.0,
2026-03-13,IBB,-108090000.0,
2026-03-16,IBB,-124020000.0,
2026-03-17,IBB,66860000.0,
2026-03-18,IBB,41790000.0,
2026-03-19,IBB,81910000.0,
2026-03-20,IBB,-49360000.0,
2026-03-23,IBB,-258770000.0,
2026-03-24,IBB,170880000.0,
2026-03-25,IBB,,
2026-03-26,IBB,82850000.0,
2026-03-27,IBB,-8260000.0,
2026-03-30,IBB,0.0,
2026-03-31,IBB,0.0,
2026-04-01,IBB,,
2026-04-02,IBB,,
2026-04-03,IBB,,
2026-04-06,IBB,,
2026-04-07,IBB,,
2026-04-08,IBB,,
2026-04-09,IBB,,
2026-04-10,IBB,,
2026-04-13,IBB,,
2026-04-14,IBB,,
2026-04-15,IBB,,
2026-04-16,IBB,,
2026-04-17,IBB,,
2026-04-20,IBB,,
2026-04-21,IBB,,
2026-04-22,IBB,,
2026-04-23,IBB,,
2026-04-24,IBB,,
2026-04-27,IBB,25454999.542236328,
2026-04-28,IBB,,
2026-04-29,IBB,16617999.267578123,
2026-04-30,IBB,-16690499.877929688,
2026-05-01,IBB,,
2026-05-04,IBB,50627998.35205078,
2026-05-05,IBB,,
2026-05-06,IBB,-34300000.0,
2026-05-07,IBB,-34351998.90136719,
2026-05-08,IBB,,
2026-05-11,IBB,0.0,
2026-05-12,IBB,85779998.77929688,
2026-05-13,IBB,-111195504.7607422,
2026-05-14,IBB,8583000.183105469,
2026-05-15,IBB,-16869000.244140625,
2026-01-02,IBIT,-99050000.0,
2026-01-05,IBIT,287370000.0,
2026-01-06,IBIT,372470000.0,
2026-01-07,IBIT,228660000.0,
2026-01-08,IBIT,-129960000.0,
2026-01-09,IBIT,-193340000.0,
2026-01-12,IBIT,-251970000.0,
2026-01-13,IBIT,-70660000.0,
2026-01-14,IBIT,126270000.0,
2026-01-15,IBIT,648380000.0,
2026-01-16,IBIT,315790000.0,
2026-01-19,IBIT,,
2026-01-20,IBIT,15090000.0,
2026-01-21,IBIT,-56870000.0,
2026-01-22,IBIT,-356650000.0,
2026-01-23,IBIT,-22350000.0,
2026-01-26,IBIT,-101620000.0,
2026-01-27,IBIT,15930000.0,
2026-01-28,IBIT,-102810000.0,
2026-01-29,IBIT,-14180000.0,
2026-01-30,IBIT,-317800000.0,
2026-02-02,IBIT,-528300000.0,
2026-02-03,IBIT,141990000.0,
2026-02-04,IBIT,60030000.0,
2026-02-05,IBIT,-373440000.0,
2026-02-06,IBIT,-175340000.0,
2026-02-09,IBIT,231620000.0,
2026-02-10,IBIT,-20850000.0,
2026-02-11,IBIT,26530000.0,
2026-02-12,IBIT,-73410000.0,
2026-02-13,IBIT,-157560000.0,
2026-02-16,IBIT,,
2026-02-17,IBIT,-9360000.0,
2026-02-18,IBIT,-119680000.0,
2026-02-19,IBIT,-84200000.0,
2026-02-20,IBIT,-164060000.0,
2026-02-23,IBIT,64459999.99999999,
2026-02-24,IBIT,-116440000.0,
2026-02-25,IBIT,78930000.0,
2026-02-26,IBIT,297380000.0,
2026-02-27,IBIT,275830000.0,
2026-03-02,IBIT,-32710000.0,
2026-03-03,IBIT,263190000.0,
2026-03-04,IBIT,322390000.0,
2026-03-05,IBIT,306580000.0,
2026-03-06,IBIT,-88740000.0,
2026-03-09,IBIT,-143450000.0,
2026-03-10,IBIT,109310000.0,
2026-03-11,IBIT,185760000.0,
2026-03-12,IBIT,115260000.0,
2026-03-13,IBIT,46150000.0,
2026-03-16,IBIT,143590000.0,
2026-03-17,IBIT,139400000.0,
2026-03-18,IBIT,169330000.0,
2026-03-19,IBIT,-33910000.0,
2026-03-20,IBIT,-38250000.0,
2026-03-23,IBIT,-45940000.0,
2026-03-24,IBIT,160810000.0,
2026-03-25,IBIT,-4720000.0,
2026-03-26,IBIT,-70710000.0,
2026-03-27,IBIT,-41920000.0,
2026-03-30,IBIT,0.0,
2026-03-31,IBIT,-206874007.41577148,
2026-04-01,IBIT,,
2026-04-02,IBIT,,
2026-04-03,IBIT,,
2026-04-06,IBIT,,
2026-04-07,IBIT,,
2026-04-08,IBIT,,
2026-04-09,IBIT,,
2026-04-10,IBIT,,
2026-04-13,IBIT,,
2026-04-14,IBIT,,
2026-04-15,IBIT,,
2026-04-16,IBIT,,
2026-04-17,IBIT,,
2026-04-20,IBIT,,
2026-04-21,IBIT,,
2026-04-22,IBIT,,
2026-04-23,IBIT,,
2026-04-24,IBIT,,
2026-04-27,IBIT,,
2026-04-28,IBIT,,
2026-04-29,IBIT,0.0,
2026-04-30,IBIT,-112943996.42944336,
2026-05-01,IBIT,,
2026-05-04,IBIT,19678999.32861328,
2026-05-05,IBIT,,
2026-05-06,IBIT,342472753.14331055,
2026-05-07,IBIT,248281596.6796875,
2026-05-08,IBIT,,
2026-05-11,IBIT,-98895599.67041016,
2026-05-12,IBIT,-27402060.69946289,
2026-05-13,IBIT,-7229600.219726562,
2026-05-14,IBIT,-32522398.681640625,
2026-05-15,IBIT,-281745611.5722656,
2026-09-12,IBIT,-2376254150.085449,estimated
2026-09-14,IBIT,-24511200.256347656,estimated
2026-09-15,IBIT,-19685600.73852539,estimated
2026-09-16,IBIT,129330001.83105467,estimated
2026-09-17,IBIT,-161830403.4423828,estimated
2026-09-18,IBIT,-145487997.43652344,estimated
2026-09-21,IBIT,195124801.940918,estimated
2026-09-22,IBIT,115663596.03881836,estimated
2026-09-23,IBIT,382277986.907959,estimated
2026-09-24,IBIT,342820807.6477051,estimated
2026-01-02,ICLN,-15050000.0,
2026-01-05,ICLN,-47090000.0,
2026-01-06,ICLN,111390000.0,
2026-01-07,ICLN,213510000.0,
2026-01-08,ICLN,81220000.0,
2026-01-09,ICLN,15970000.0,
2026-01-12,ICLN,-246700000.0,
2026-01-13,ICLN,231270000.0,
2026-01-14,ICLN,216630000.0,
2026-01-15,ICLN,66370000.00000001,
2026-01-16,ICLN,-84360000.0,
2026-01-19,ICLN,,
2026-01-20,ICLN,-119880000.0,
2026-01-21,ICLN,-118060000.0,
2026-01-22,ICLN,52230000.0,
2026-01-23,ICLN,139440000.0,
2026-01-26,ICLN,17230000.0,
2026-01-27,ICLN,34300000.0,
2026-01-28,ICLN,210790000.0,
2026-01-29,ICLN,-54080000.0,
2026-01-30,ICLN,108320000.0,
2026-02-02,ICLN,-155730000.0,
2026-02-03,ICLN,70580000.0,
2026-02-04,ICLN,-51830000.0,
2026-02-05,ICLN,-82600000.0,
2026-02-06,ICLN,314240000.0,
2026-02-09,ICLN,331250000.0,
2026-02-10,ICLN,264700000.0,
2026-02-11,ICLN,-52710000.0,
2026-02-12,ICLN,108110000.0,
2026-02-13,ICLN,-140550000.0,
2026-02-16,ICLN,,
2026-02-17,ICLN,-35460000.0,
2026-02-18,ICLN,265440000.0,
2026-02-19,ICLN,143190000.0,
2026-02-20,ICLN,-195680000.0,
2026-02-23,ICLN,-89870000.0,
2026-02-24,ICLN,696170000.0,
2026-02-25,ICLN,-488890000.0,
2026-02-26,ICLN,,
2026-02-27,ICLN,-588570000.0,
2026-03-02,ICLN,,
2026-03-03,ICLN,422490000.0,
2026-03-04,ICLN,,
2026-03-05,ICLN,273340000.0,
2026-03-06,ICLN,-320840000.0,
2026-03-09,ICLN,161740000.0,
2026-03-10,ICLN,-100920000.0,
2026-03-11,ICLN,-101640000.0,
2026-03-12,ICLN,,
2026-03-13,ICLN,115540000.0,
2026-03-16,ICLN,82830000.0,
2026-03-17,ICLN,-16890000.0,
2026-03-18,ICLN,-238180000.0,
2026-03-19,ICLN,-16910000.0,
2026-03-20,ICLN,-68050000.0,
2026-03-23,ICLN,99690000.0,
2026-03-24,ICLN,185150000.0,
2026-03-25,ICLN,-51140000.0,
2026-03-26,ICLN,51800000.0,
2026-03-27,ICLN,-49300000.0,
2026-03-30,ICLN,0.0,
2026-03-31,ICLN,0.0,
2026-04-01,ICLN,,
2026-04-02,ICLN,,
2026-04-03,ICLN,,
2026-04-06,ICLN,,
2026-04-07,ICLN,,
2026-04-08,ICLN,,
2026-04-09,ICLN,,
2026-04-10,ICLN,,
2026-04-13,ICLN,,
2026-04-14,ICLN,,
2026-04-15,ICLN,,
2026-04-16,ICLN,,
2026-04-17,ICLN,,
2026-04-20,ICLN,,
2026-04-21,ICLN,,
2026-04-22,ICLN,,
2026-04-23,ICLN,,
2026-04-24,ICLN,,
2026-04-27,ICLN,0.0,
2026-04-28,ICLN,,
2026-04-29,ICLN,0.0,
2026-04-30,ICLN,0.0,
2026-05-01,ICLN,,
2026-05-04,ICLN,14626500.32043457,
2026-05-05,ICLN,,
2026-05-06,ICLN,63570001.60217285,
2026-05-07,ICLN,53262500.76293945,
2026-05-08,ICLN,,
2026-05-11,ICLN,30568998.71826172,
2026-05-12,ICLN,0.0,
2026-05-13,ICLN,8701999.66430664,
2026-05-14,ICLN,21420000.076293945,
2026-05-15,ICLN,53625001.90734863,
2026-01-02,IEF,-139530000.0,
2026-01-05,IEF,-635320000.0,
2026-01-06,IEF,-340890000.0,
2026-01-07,IEF,-192020000.0,
2026-01-08,IEF,588060000.0,
2026-01-09,IEF,-253180000.0,
2026-01-12,IEF,-193280000.0,
2026-01-13,IEF,70090000.0,
2026-01-14,IEF,87770000.0,
2026-01-15,IEF,-61820000.0,
2026-01-16,IEF,-141290000.0,
2026-01-19,IEF,,
2026-01-20,IEF,-280770000.0,
2026-01-21,IEF,-95330000.0,
2026-01-22,IEF,-497740000.0,
2026-01-23,IEF,-350690000.0,
2026-01-26,IEF,17570000.0,
2026-01-27,IEF,335550000.0,
2026-01-28,IEF,-17550000.0,
2026-01-29,IEF,-96340000.0,
2026-01-30,IEF,-17520000.0,
2026-02-02,IEF,-548940000.0,
2026-02-03,IEF,103870000.0,
2026-02-04,IEF,-95400000.0,
2026-02-05,IEF,60560000.0,
2026-02-06,IEF,-69930000.0,
2026-02-09,IEF,148640000.0,
2026-02-10,IEF,131220000.0,
2026-02-11,IEF,-336190000.0,
2026-02-12,IEF,-792170000.0,
2026-02-13,IEF,133800000.0,
2026-02-16,IEF,,
2026-02-17,IEF,-304720000.0,
2026-02-18,IEF,107810000.0,
2026-02-19,IEF,53690000.0,
2026-02-20,IEF,-26880000.0,
2026-02-23,IEF,35750000.0,
2026-02-24,IEF,-62790000.0,
2026-02-25,IEF,-116810000.0,
2026-02-26,IEF,35940000.0,
2026-02-27,IEF,-63170000.0,
2026-03-02,IEF,-117950000.0,
2026-03-03,IEF,913650000.0,
2026-03-04,IEF,-384460000.0,
2026-03-05,IEF,62380000.0,
2026-03-06,IEF,479430000.0,
2026-03-09,IEF,-176840000.0,
2026-03-10,IEF,-196210000.0,
2026-03-11,IEF,-264780000.0,
2026-03-12,IEF,226500000.0,
2026-03-13,IEF,-43480000.0,
2026-03-16,IEF,-441160000.0,
2026-03-17,IEF,-34860000.0,
2026-03-18,IEF,-113660000.0,
2026-03-19,IEF,217330000.0,
2026-03-20,IEF,-542460000.0,
2026-03-23,IEF,549240000.0,
2026-03-24,IEF,-829040000.0,
2026-03-25,IEF,25800000.0,
2026-03-26,IEF,-60760000.0,
2026-03-27,IEF,-421880000.0,
2026-03-30,IEF,0.0,
2026-03-31,IEF,219546504.2114257,
2026-04-01,IEF,,
2026-04-02,IEF,,
2026-04-03,IEF,,
2026-04-06,IEF,,
2026-04-07,IEF,,
2026-04-08,IEF,,
2026-04-09,IEF,,
2026-04-10,IEF,,
2026-04-13,IEF,,
2026-04-14,IEF,,
2026-04-15,IEF,,
2026-04-16,IEF,,
2026-04-17,IEF,,
2026-04-20,IEF,,
2026-04-21,IEF,,
2026-04-22,IEF,,
2026-04-23,IEF,,
2026-04-24,IEF,,
2026-04-27,IEF,66804498.291015625,
2026-04-28,IEF,,
2026-04-29,IEF,0.0,
2026-04-30,IEF,66500000.0,
2026-05-01,IEF,,
2026-05-04,IEF,-368686514.28222656,
2026-05-05,IEF,,
2026-05-06,IEF,28473001.09863281,
2026-05-07,IEF,-209285775.756836,
2026-05-08,IEF,,
2026-05-11,IEF,75828002.9296875,
2026-05-12,IEF,75488000.48828125,
2026-05-13,IEF,-28267499.542236328,
2026-05-14,IEF,0.0,
2026-05-15,IEF,168525000.0,
2026-09-12,IEF,-4495894105.529785,estimated
2026-09-14,IEF,236626005.5541992,estimated
2026-09-15,IEF,36372000.12207031,estimated
2026-09-16,IEF,-72655999.75585938,estimated
2026-09-17,IEF,145168005.37109375,estimated
2026-09-18,IEF,127750000.0,estimated
2026-09-21,IEF,54480001.83105469,estimated
2026-09-22,IEF,63805001.068115234,estimated
2026-09-23,IEF,63805001.068115234,estimated
2026-09-24,IEF,-342722009.27734375,estimated
2026-09-12,IEI,,estimated
2026-09-14,IEI,-22910000.61035156,estimated
2026-09-15,IEI,0.0,estimated
2026-09-16,IEI,-34334999.084472656,estimated
2026-09-17,IEI,-171330001.8310547,estimated
2026-09-21,IEI,102815998.07739258,estimated
2026-09-23,IEI,45783999.63378906,estimated
2026-01-02,IEMG,,
2026-01-05,IEMG,,
2026-01-06,IEMG,149210000.0,
2026-01-07,IEMG,99710000.0,
2026-01-08,IEMG,,
2026-01-09,IEMG,111830000.0,
2026-01-12,IEMG,,
2026-01-13,IEMG,,
2026-01-14,IEMG,,
2026-01-15,IEMG,127380000.0,
2026-01-16,IEMG,,
2026-01-19,IEMG,,
2026-01-20,IEMG,,
2026-01-21,IEMG,,
2026-01-22,IEMG,,
2026-01-23,IEMG,-127360000.0,
2026-01-26,IEMG,,
2026-01-27,IEMG,-114780000.0,
2026-01-28,IEMG,,
2026-01-29,IEMG,,
2026-01-30,IEMG,-90350000.0,
2026-02-02,IEMG,,
2026-02-03,IEMG,,
2026-02-04,IEMG,-25820000.0,
2026-02-05,IEMG,272910000.0,
2026-02-06,IEMG,,
2026-02-09,IEMG,,
2026-02-10,IEMG,,
2026-02-11,IEMG,,
2026-02-12,IEMG,,
2026-02-13,IEMG,430830000.0,
2026-02-16,IEMG,,
2026-02-17,IEMG,,
2026-02-18,IEMG,205700000.0,
2026-02-19,IEMG,301860000.0,
2026-02-20,IEMG,450980000.0,
2026-02-23,IEMG,369170000.0,
2026-02-24,IEMG,,
2026-02-25,IEMG,123290000.0,
2026-02-26,IEMG,96670000.0,
2026-02-27,IEMG,,
2026-03-02,IEMG,,
2026-03-03,IEMG,,
2026-03-04,IEMG,287150000.0,
2026-03-05,IEMG,79660000.0,
2026-03-06,IEMG,-231150000.0,
2026-03-09,IEMG,228230000.0,
2026-03-10,IEMG,77600000.0,
2026-03-11,IEMG,233460000.0,
2026-03-12,IEMG,-38530000.0,
2026-03-13,IEMG,75280000.0,
2026-03-16,IEMG,49910000.0,
2026-03-17,IEMG,,
2026-03-18,IEMG,114650000.0,
2026-03-19,IEMG,,
2026-03-20,IEMG,,
2026-03-23,IEMG,,
2026-03-24,IEMG,-288150000.0,
2026-03-25,IEMG,-99770000.0,
2026-03-26,IEMG,-25400000.0,
2026-03-27,IEMG,-334450000.0,
2026-03-30,IEMG,0.0,
2026-03-31,IEMG,0.0,
2026-04-01,IEMG,,
2026-04-02,IEMG,,
2026-04-03,IEMG,,
2026-04-06,IEMG,,
2026-04-07,IEMG,,
2026-04-08,IEMG,,
2026-04-09,IEMG,,
2026-04-10,IEMG,,
2026-04-13,IEMG,,
2026-04-14,IEMG,,
2026-04-15,IEMG,,
2026-04-16,IEMG,,
2026-04-17,IEMG,,
2026-04-20,IEMG,,
2026-04-21,IEMG,,
2026-04-22,IEMG,,
2026-04-23,IEMG,,
2026-04-24,IEMG,,
2026-04-27,IEMG,0.0,
2026-04-28,IEMG,,
2026-04-29,IEMG,0.0,
2026-04-30,IEMG,0.0,
2026-05-01,IEMG,,
2026-05-04,IEMG,0.0,
2026-05-05,IEMG,,
2026-05-06,IEMG,0.0,
2026-05-07,IEMG,0.0,
2026-05-08,IEMG,,
2026-05-11,IEMG,0.0,
2026-05-12,IEMG,0.0,
2026-05-13,IEMG,327440002.44140625,
2026-05-14,IEMG,0.0,
2026-05-15,IEMG,0.0,
2026-09-12,IEMG,5625477041.625977,estimated
2026-09-14,IEMG,0.0,estimated
2026-09-15,IEMG,0.0,estimated
2026-09-16,IEMG,0.0,estimated
2026-09-17,IEMG,0.0,estimated
2026-09-18,IEMG,0.0,estimated
2026-09-21,IEMG,0.0,estimated
2026-09-22,IEMG,0.0,estimated
2026-09-23,IEMG,0.0,estimated
2026-09-24,IEMG,0.0,estimated
2026-09-12,IGIB,,estimated
2026-09-14,IGIB,10245999.908447266,estimated
2026-09-15,IGIB,0.0,estimated
2026-09-12,IGOV,,estimated
2026-09-12,IGSB,,estimated
2026-09-14,IGSB,38647499.084472656,estimated
2026-09-15,IGSB,0.0,estimated
2026-09-12,IJH,,estimated
2026-09-14,IJH,26054000.854492188,estimated
2026-09-15,IJH,0.0,estimated
2026-09-16,IJH,-91537504.196167,estimated
2026-09-17,IJH,-14560000.610351562,estimated
2026-09-18,IJH,36604999.54223633,estimated
2026-09-21,IJH,2430234111.7858887,estimated
2026-09-22,IJH,0.0,estimated
2026-09-23,IJH,-1805612500.0,estimated
2026-09-24,IJH,109544998.16894531,estimated
2026-09-12,ILF,,estimated
2026-09-14,ILF,0.0,estimated
2026-09-15,ILF,35549999.23706055,estimated
2026-09-16,ILF,-17754999.1607666,estimated
2026-09-17,ILF,0.0,estimated
2026-09-18,ILF,0.0,estimated
2026-09-21,ILF,0.0,estimated
2026-09-22,ILF,0.0,estimated
2026-09-23,ILF,0.0,estimated
2026-09-24,ILF,0.0,estimated
2026-01-02,INDA,,
2026-01-05,INDA,,
2026-01-06,INDA,,
2026-01-07,INDA,,
2026-01-08,INDA,,
2026-01-09,INDA,,
2026-01-12,INDA,-31900000.0,
2026-01-13,INDA,,
2026-01-14,INDA,,
2026-01-15,INDA,,
2026-01-16,INDA,,
2026-01-19,INDA,,
2026-01-20,INDA,,
2026-01-21,INDA,,
2026-01-22,INDA,,
2026-01-23,INDA,,
2026-01-26,INDA,,
2026-01-27,INDA,,
2026-01-28,INDA,,
2026-01-29,INDA,,
2026-01-30,INDA,,
2026-02-02,INDA,,
2026-02-03,INDA,,
2026-02-04,INDA,,
2026-02-05,INDA,,
2026-02-06,INDA,,
2026-02-09,INDA,,
2026-02-10,INDA,,
2026-02-11,INDA,,
2026-02-12,INDA,,
2026-02-13,INDA,21220000.0,
2026-02-16,INDA,,
2026-02-17,INDA,,
2026-02-18,INDA,,
2026-02-19,INDA,,
2026-02-20,INDA,,
2026-02-23,INDA,,
2026-02-24,INDA,15810000.0,
2026-02-25,INDA,,
2026-02-26,INDA,,
2026-02-27,INDA,,
2026-03-02,INDA,,
2026-03-03,INDA,,
2026-03-04,INDA,,
2026-03-05,INDA,-60400000.0,
2026-03-06,INDA,-89040000.0,
2026-03-09,INDA,-213950000.0,
2026-03-10,INDA,-164070000.0,
2026-03-11,INDA,-97830000.0,
2026-03-12,INDA,-42010000.0,
2026-03-13,INDA,-97570000.0,
2026-03-16,INDA,-64900000.00000001,
2026-03-17,INDA,,
2026-03-18,INDA,-34090000.0,
2026-03-19,INDA,-106560000.0,
2026-03-20,INDA,,
2026-03-23,INDA,-115180000.0,
2026-03-24,INDA,-149690000.0,
2026-03-25,INDA,,
2026-03-26,INDA,-21460000.0,
2026-03-27,INDA,,
2026-03-30,INDA,0.0,
2026-03-31,INDA,0.0,
2026-04-01,INDA,,
2026-04-02,INDA,,
2026-04-03,INDA,,
2026-04-06,INDA,,
2026-04-07,INDA,,
2026-04-08,INDA,,
2026-04-09,INDA,,
2026-04-10,INDA,,
2026-04-13,INDA,,
2026-04-14,INDA,,
2026-04-15,INDA,,
2026-04-16,INDA,,
2026-04-17,INDA,,
2026-04-20,INDA,,
2026-04-21,INDA,,
2026-04-22,INDA,,
2026-04-23,INDA,,
2026-04-24,INDA,,
2026-04-27,INDA,0.0,
2026-04-28,INDA,,
2026-04-29,INDA,0.0,
2026-04-30,INDA,0.0,
2026-05-01,INDA,,
2026-05-04,INDA,0.0,
2026-05-05,INDA,,
2026-05-06,INDA,0.0,
2026-05-07,INDA,0.0,
2026-05-08,INDA,,
2026-05-11,INDA,0.0,
2026-05-12,INDA,0.0,
2026-05-13,INDA,0.0,
2026-05-14,INDA,0.0,
2026-05-15,INDA,-9595999.908447266,
2026-09-12,INDA,-29082000.732421875,estimated
2026-09-14,INDA,-16999499.893188477,estimated
2026-09-15,INDA,0.0,estimated
2026-09-16,INDA,0.0,estimated
2026-09-17,INDA,0.0,estimated
2026-09-18,INDA,-4800999.83215332,estimated
2026-09-21,INDA,0.0,estimated
2026-09-22,INDA,0.0,estimated
2026-09-23,INDA,0.0,estimated
2026-09-24,INDA,-4804999.923706055,estimated
2026-09-12,INDY,,estimated
2026-09-14,INDY,-14878499.41253662,estimated
2026-09-15,INDY,0.0,estimated
2026-09-16,INDY,0.0,estimated
2026-09-17,INDY,0.0,estimated
2026-09-18,INDY,-4213999.938964844,estimated
2026-09-21,INDY,0.0,estimated
2026-09-22,INDY,0.0,estimated
2026-09-23,INDY,0.0,estimated
2026-09-24,INDY,0.0,estimated
2026-09-12,ITA,,estimated
2026-09-14,ITA,-43801998.90136719,estimated
2026-09-15,ITA,0.0,estimated
2026-09-16,ITA,-10700000.0,estimated
2026-09-17,ITA,-43054000.85449219,estimated
2026-09-18,ITA,21388000.48828125,estimated
2026-09-21,ITA,-32075999.4506836,estimated
2026-09-22,ITA,10806999.969482422,estimated
2026-09-23,ITA,0.0,estimated
2026-09-24,ITA,0.0,estimated
2026-09-12,ITOT,,estimated
2026-09-14,ITOT,175465500.64086914,estimated
2026-09-15,ITOT,-33273999.0234375,estimated
2026-09-16,ITOT,0.0,estimated
2026-09-17,ITOT,-24657000.732421875,estimated
2026-09-18,ITOT,58173502.34985352,estimated
2026-09-21,ITOT,66535998.53515625,estimated
2026-09-22,ITOT,0.0,estimated
2026-09-23,ITOT,-25321499.633789062,estimated
2026-09-24,ITOT,-142408994.2932129,estimated
2026-09-12,IVE,,estimated
2026-09-14,IVE,23532000.732421875,estimated
2026-09-15,IVE,0.0,estimated
2026-09-16,IVE,-11662500.0,estimated
2026-09-17,IVE,69372001.64794922,estimated
2026-09-18,IVE,0.0,estimated
2026-09-21,IVE,0.0,estimated
2026-09-22,IVE,23344999.69482422,estimated
2026-09-23,IVE,-23344999.69482422,estimated
2026-09-24,IVE,0.0,estimated
2026-01-02,IVV,616330000.0,
2026-01-05,IVV,-2813700000.0,
2026-01-06,IVV,-448910000.0,
2026-01-07,IVV,-8339520000.0,
2026-01-08,IVV,277030000.0,
2026-01-09,IVV,1246730000.0,
2026-01-12,IVV,10038800000.0,
2026-01-13,IVV,-1990140000.0,
2026-01-14,IVV,2334800000.0,
2026-01-15,IVV,-2426380000.0,
2026-01-16,IVV,-4239850000.000001,
2026-01-19,IVV,,
2026-01-20,IVV,-34730000.0,
2026-01-21,IVV,-1428740000.0,
2026-01-22,IVV,-344120000.0,
2026-01-23,IVV,-138410000.0,
2026-01-26,IVV,-1973120000.0,
2026-01-27,IVV,-626210000.0,
2026-01-28,IVV,558900000.0,
2026-01-29,IVV,873220000.0,
2026-01-30,IVV,976750000.0,
2026-02-02,IVV,-69470000.0,
2026-02-03,IVV,-69850000.0,
2026-02-04,IVV,242420000.0,
2026-02-05,IVV,585760000.0,
2026-02-06,IVV,-612620000.0,
2026-02-09,IVV,-937070000.0,
2026-02-10,IVV,-627700000.0,
2026-02-11,IVV,-173790000.0,
2026-02-12,IVV,-729920000.0,
2026-02-13,IVV,-1129150000.0,
2026-02-16,IVV,,
2026-02-17,IVV,-787490000.0,
2026-02-18,IVV,377060000.0,
2026-02-19,IVV,-758350000.0,
2026-02-20,IVV,-1993920000.0,
2026-02-23,IVV,-242320000.0,
2026-02-24,IVV,-650920000.0,
2026-02-25,IVV,,
2026-02-26,IVV,-208830000.0,
2026-02-27,IVV,623130000.0,
2026-03-02,IVV,,
2026-03-03,IVV,34490000.0,
2026-03-04,IVV,-3313870000.0,
2026-03-05,IVV,-895160000.0,
2026-03-06,IVV,-1232490000.0,
2026-03-09,IVV,-641940000.0,
2026-03-10,IVV,-1226510000.0,
2026-03-11,IVV,-10880260000.0,
2026-03-12,IVV,-2989670000.0,
2026-03-13,IVV,-8197100000.0,
2026-03-16,IVV,-24212690000.0,
2026-03-17,IVV,-2419160000.0,
2026-03-18,IVV,10145800000.0,
2026-03-19,IVV,9775810000.0,
2026-03-20,IVV,2875280000.0,
2026-03-23,IVV,1952980000.0,
2026-03-24,IVV,17877930000.0,
2026-03-25,IVV,5805840000.0,
2026-03-26,IVV,12763400000.0,
2026-03-27,IVV,2398080000.0,
2026-03-30,IVV,0.0,
2026-03-31,IVV,-32498001.09863281,
2026-04-01,IVV,,
2026-04-02,IVV,,
2026-04-03,IVV,,
2026-04-06,IVV,,
2026-04-07,IVV,,
2026-04-08,IVV,,
2026-04-09,IVV,,
2026-04-10,IVV,,
2026-04-13,IVV,,
2026-04-14,IVV,,
2026-04-15,IVV,,
2026-04-16,IVV,,
2026-04-17,IVV,,
2026-04-20,IVV,,
2026-04-21,IVV,,
2026-04-22,IVV,,
2026-04-23,IVV,,
2026-04-24,IVV,,
2026-04-27,IVV,1862717980.9570312,
2026-04-28,IVV,,
2026-04-29,IVV,3102681042.4804688,
2026-04-30,IVV,-429756005.859375,
2026-05-01,IVV,,
2026-05-04,IVV,2352707412.7197266,
2026-05-05,IVV,,
2026-05-06,IVV,293195996.09375,
2026-05-07,IVV,-663913970.9472656,
2026-05-08,IVV,,
2026-05-11,IVV,296904003.90625,
2026-05-12,IVV,73879998.77929688,
2026-05-13,IVV,1112714355.46875,
2026-05-14,IVV,37415759.27734375,
2026-05-15,IVV,1189687988.28125,
2026-09-12,IVV,-7341801483.154297,estimated
2026-09-14,IVV,-14168123684.692385,estimated
2026-09-15,IVV,-6077615844.7265625,estimated
2026-09-16,IVV,-1973088012.6953125,estimated
2026-09-17,IVV,6498418041.992188,estimated
2026-09-18,IVV,9703816217.041016,estimated
2026-09-21,IVV,8528857809.448242,estimated
2026-09-22,IVV,-2058678961.1816409,estimated
2026-09-23,IVV,11691742779.541016,estimated
2026-09-24,IVV,16233970962.524414,estimated
2026-09-12,IVW,,estimated
2026-09-14,IVW,13930999.755859377,estimated
2026-09-15,IVW,0.0,estimated
2026-09-16,IVW,27488000.48828125,estimated
2026-09-17,IVW,0.0,estimated
2026-09-18,IVW,-41810998.53515625,estimated
2026-09-21,IVW,14013000.48828125,estimated
2026-09-22,IVW,0.0,estimated
2026-09-23,IVW,28673999.0234375,estimated
2026-09-24,IVW,-142210006.7138672,estimated
2026-09-12,IWB,,estimated
2026-09-14,IWB,-20895500.18310547,estimated
2026-09-15,IWB,0.0,estimated
2026-09-16,IWB,103297500.61035156,estimated
2026-09-17,IWB,82279998.77929688,estimated
2026-09-18,IWB,0.0,estimated
2026-09-21,IWB,20800999.4506836,estimated
2026-09-22,IWB,0.0,estimated
2026-09-23,IWB,-295736007.6904297,estimated
2026-09-24,IWB,-41935000.61035156,estimated
2026-09-12,IWD,,estimated
2026-09-14,IWD,-102232000.73242188,estimated
2026-09-15,IWD,0.0,estimated
2026-09-16,IWD,12674500.274658203,estimated
2026-09-17,IWD,-12558000.183105469,estimated
2026-09-18,IWD,-75846002.19726562,estimated
2026-09-21,IWD,88094998.93188477,estimated
2026-09-22,IWD,0.0,estimated
2026-09-23,IWD,0.0,estimated
2026-09-24,IWD,-12570999.908447266,estimated
2026-09-12,IWF,,estimated
2026-09-14,IWF,-12226999.66430664,estimated
2026-09-15,IWF,-18189000.32043457,estimated
2026-09-16,IWF,-90337497.71118164,estimated
2026-09-17,IWF,-42189000.32043457,estimated
2026-09-18,IWF,-55138499.4506836,estimated
2026-09-21,IWF,117087500.0,estimated
2026-09-22,IWF,0.0,estimated
2026-09-23,IWF,44187500.0,estimated
2026-09-24,IWF,-119120499.42016602,estimated
2026-01-02,IWM,-110800000.0,
2026-01-05,IWM,-1194440000.0,
2026-01-06,IWM,-1440860000.0,
2026-01-07,IWM,281870000.0,
2026-01-08,IWM,344930000.0,
2026-01-09,IWM,-142090000.0,
2026-01-12,IWM,-390560000.0,
2026-01-13,IWM,1189920000.0,
2026-01-14,IWM,-222090000.0,
2026-01-15,IWM,-223660000.0,
2026-01-16,IWM,265410000.00000003,
2026-01-19,IWM,,
2026-01-20,IWM,-558020000.0,
2026-01-21,IWM,170630000.0,
2026-01-22,IWM,334700000.0,
2026-01-23,IWM,-539630000.0,
2026-01-26,IWM,-437090000.0,
2026-01-27,IWM,,
2026-01-28,IWM,-132330000.0,
2026-01-29,IWM,-750560000.0,
2026-01-30,IWM,-197610000.0,
2026-02-02,IWM,-1167350000.0,
2026-02-03,IWM,1428230000.0,
2026-02-04,IWM,52580000.0,
2026-02-05,IWM,1107120000.0,
2026-02-06,IWM,-767560000.0,
2026-02-09,IWM,609610000.0,
2026-02-10,IWM,613910000.0,
2026-02-11,IWM,-505420000.0,
2026-02-12,IWM,-13250000.0,
2026-02-13,IWM,51940000.0,
2026-02-16,IWM,,
2026-02-17,IWM,-275970000.0,
2026-02-18,IWM,-197130000.0,
2026-02-19,IWM,-567660000.0,
2026-02-20,IWM,-66170000.0,
2026-02-23,IWM,-1190510000.0,
2026-02-24,IWM,-520630000.0,
2026-02-25,IWM,658560000.0,
2026-02-26,IWM,330660000.0,
2026-02-27,IWM,-93070000.0,
2026-03-02,IWM,784510000.0,
2026-03-03,IWM,-1055470000.0,
2026-03-04,IWM,38870000.0,
2026-03-05,IWM,-104760000.0,
2026-03-06,IWM,-912030000.0,
2026-03-09,IWM,-1668780000.0,
2026-03-10,IWM,1459170000.0,
2026-03-11,IWM,1025600000.0,
2026-03-12,IWM,-113730000.0,
2026-03-13,IWM,-766900000.0,
2026-03-16,IWM,-838270000.0,
2026-03-17,IWM,3783080000.0,
2026-03-18,IWM,825380000.0,
2026-03-19,IWM,-1033260000.0,
2026-03-20,IWM,49520000.0,
2026-03-23,IWM,-762350000.0,
2026-03-24,IWM,2067110000.0,
2026-03-25,IWM,-944980000.0,
2026-03-26,IWM,-1158050000.0,
2026-03-27,IWM,-420710000.0,
2026-03-30,IWM,0.0,
2026-03-31,IWM,-246279998.77929688,
2026-04-01,IWM,,
2026-04-02,IWM,,
2026-04-03,IWM,,
2026-04-06,IWM,,
2026-04-07,IWM,,
2026-04-08,IWM,,
2026-04-09,IWM,,
2026-04-10,IWM,,
2026-04-13,IWM,,
2026-04-14,IWM,,
2026-04-15,IWM,,
2026-04-16,IWM,,
2026-04-17,IWM,,
2026-04-20,IWM,,
2026-04-21,IWM,,
2026-04-22,IWM,,
2026-04-23,IWM,,
2026-04-24,IWM,,
2026-04-27,IWM,-637614706.4208984,
2026-04-28,IWM,,
2026-04-29,IWM,190872491.45507807,
2026-04-30,IWM,684524993.8964844,
2026-05-01,IWM,,
2026-05-04,IWM,654862770.0805664,
2026-05-05,IWM,,
2026-05-06,IWM,-1377885029.6020508,
2026-05-07,IWM,555457511.9018555,
2026-05-08,IWM,,
2026-05-11,IWM,-42953997.802734375,
2026-05-12,IWM,-197375497.43652344,
2026-05-13,IWM,-675168017.578125,
2026-05-14,IWM,494935012.8173828,
2026-05-15,IWM,390151989.74609375,
2026-09-12,IWM,-2689885363.7695312,estimated
2026-09-14,IWM,476668524.1699219,estimated
2026-09-15,IWM,1828228523.2543943,estimated
2026-09-16,IWM,-299397015.3808594,estimated
2026-09-17,IWM,979524046.3256836,estimated
2026-09-18,IWM,-1655493957.5195312,estimated
2026-09-21,IWM,-667635014.3432617,estimated
2026-09-22,IWM,-1684921920.7763672,estimated
2026-09-23,IWM,1299388938.9038086,estimated
2026-09-24,IWM,1367312065.1245117,estimated
2026-09-12,IWN,,estimated
2026-09-14,IWN,10984500.122070312,estimated
2026-09-15,IWN,0.0,estimated
2026-09-16,IWN,0.0,estimated
2026-09-17,IWN,0.0,estimated
2026-09-18,IWN,108364997.86376952,estimated
2026-09-21,IWN,-10779000.091552734,estimated
2026-09-22,IWN,0.0,estimated
2026-09-23,IWN,0.0,estimated
2026-09-24,IWN,0.0,estimated
2026-09-12,IWO,,estimated
2026-09-14,IWO,0.0,estimated
2026-09-15,IWO,0.0,estimated
2026-09-16,IWO,0.0,estimated
2026-09-17,IWO,-18055499.267578125,estimated
2026-09-18,IWO,18183500.67138672,estimated
2026-09-21,IWO,36208999.63378906,estimated
2026-09-22,IWO,0.0,estimated
2026-09-23,IWO,0.0,estimated
2026-09-24,IWO,0.0,estimated
2026-09-12,IXUS,,estimated
2026-09-14,IXUS,-87498001.09863281,estimated
2026-09-15,IXUS,0.0,estimated
2026-09-16,IXUS,0.0,estimated
2026-09-17,IXUS,0.0,estimated
2026-09-18,IXUS,0.0,estimated
2026-09-21,IXUS,0.0,estimated
2026-09-22,IXUS,0.0,estimated
2026-09-23,IXUS,-146234996.7956543,estimated
2026-09-24,IXUS,0.0,estimated
2026-01-02,JAAA,20210000.0,
2026-01-05,JAAA,111190000.0,
2026-01-06,JAAA,101100000.0,
2026-01-07,JAAA,,
2026-01-08,JAAA,70830000.0,
2026-01-09,JAAA,151800000.0,
2026-01-12,JAAA,10120000.0,
2026-01-13,JAAA,20250000.0,
2026-01-14,JAAA,10130000.0,
2026-01-15,JAAA,81020000.0,
2026-01-16,JAAA,20260000.0,
2026-01-19,JAAA,,
2026-01-20,JAAA,20280000.0,
2026-01-21,JAAA,40560000.0,
2026-01-22,JAAA,149560000.0,
2026-01-23,JAAA,43100000.0,
2026-01-26,JAAA,40580000.0,
2026-01-27,JAAA,182660000.0,
2026-01-28,JAAA,50750000.0,
2026-01-29,JAAA,578660000.0,
2026-01-30,JAAA,111670000.0,
2026-02-02,JAAA,141740000.0,
2026-02-03,JAAA,172140000.0,
2026-02-04,JAAA,48100000.0,
2026-02-05,JAAA,81020000.0,
2026-02-06,JAAA,202520000.0,
2026-02-09,JAAA,30390000.0,
2026-02-10,JAAA,,
2026-02-11,JAAA,,
2026-02-12,JAAA,10130000.0,
2026-02-13,JAAA,20260000.0,
2026-02-16,JAAA,,
2026-02-17,JAAA,121660000.0,
2026-02-18,JAAA,50690000.0,
2026-02-19,JAAA,,
2026-02-20,JAAA,70980000.0,
2026-02-23,JAAA,20290000.0,
2026-02-24,JAAA,,
2026-02-25,JAAA,,
2026-02-26,JAAA,101460000.0,
2026-02-27,JAAA,10150000.0,
2026-03-02,JAAA,-30310000.0,
2026-03-03,JAAA,,
2026-03-04,JAAA,-20180000.0,
2026-03-05,JAAA,,
2026-03-06,JAAA,111000000.0,
2026-03-09,JAAA,-60570000.0,
2026-03-10,JAAA,-171640000.0,
2026-03-11,JAAA,-30290000.0,
2026-03-12,JAAA,20200000.0,
2026-03-13,JAAA,-30280000.0,
2026-03-16,JAAA,,
2026-03-17,JAAA,-50530000.0,
2026-03-18,JAAA,,
2026-03-19,JAAA,-40430000.0,
2026-03-20,JAAA,,
2026-03-23,JAAA,-10110000.0,
2026-03-24,JAAA,60690000.0,
2026-03-25,JAAA,-80940000.0,
2026-03-26,JAAA,,
2026-03-27,JAAA,10120000.0,
2026-03-30,JAAA,,
2026-03-31,JAAA,0.0,
2026-04-01,JAAA,,
2026-04-02,JAAA,,
2026-04-03,JAAA,,
2026-04-06,JAAA,,
2026-04-07,JAAA,,
2026-04-08,JAAA,,
2026-04-09,JAAA,,
2026-04-10,JAAA,,
2026-04-13,JAAA,,
2026-04-14,JAAA,,
2026-04-15,JAAA,,
2026-04-16,JAAA,,
2026-04-17,JAAA,,
2026-04-20,JAAA,,
2026-04-21,JAAA,,
2026-04-22,JAAA,,
2026-04-23,JAAA,,
2026-04-24,JAAA,,
2026-04-27,JAAA,50664001.46484375,
2026-04-28,JAAA,,
2026-04-29,JAAA,0.0,
2026-04-30,JAAA,0.0,
2026-05-01,JAAA,,
2026-05-04,JAAA,186961376.57165527,
2026-05-05,JAAA,,
2026-05-06,JAAA,0.0,
2026-05-07,JAAA,15171749.49645996,
2026-05-08,JAAA,,
2026-05-11,JAAA,10120999.908447266,
2026-05-12,JAAA,-80975842.28515625,
2026-05-13,JAAA,0.0,
2026-05-14,JAAA,-40500000.0,
2026-05-15,JAAA,-20261999.51171875,
2026-05-18,JAAA,40508081.0546875,
2026-05-19,JAAA,0.0,
2026-05-20,JAAA,-10130999.755859377,
2026-05-21,JAAA,0.0,
2026-05-22,JAAA,10138999.938964844,
2026-05-25,JAAA,,
2026-05-26,JAAA,0.0,
2026-05-27,JAAA,0.0,
2026-05-28,JAAA,91295816.80297852,
2026-05-29,JAAA,,
2026-06-01,JAAA,121296002.19726562,
2026-06-02,JAAA,,
2026-06-03,JAAA,40435998.53515625,
2026-06-04,JAAA,91007817.07763672,
2026-06-05,JAAA,275579242.515564,
2026-06-08,JAAA,113793751.71661375,
2026-06-09,JAAA,10112000.274658203,
2026-06-10,JAAA,0.0,
2026-06-11,JAAA,121391757.20214844,
2026-06-12,JAAA,40479998.77929688,
2026-06-15,JAAA,20247999.572753903,
2026-06-16,JAAA,0.0,
2026-06-17,JAAA,118945253.94439696,
2026-06-18,JAAA,98747805.40466309,
2026-06-19,JAAA,,
2026-06-22,JAAA,0.0,
2026-06-23,JAAA,0.0,
2026-06-24,JAAA,15191999.816894531,
2026-06-25,JAAA,0.0,
2026-06-26,JAAA,0.0,
2026-06-29,JAAA,0.0,
2026-06-30,JAAA,30291000.366210938,
2026-07-01,JAAA,20197999.572753903,
2026-07-02,JAAA,0.0,
2026-07-03,JAAA,,
2026-07-06,JAAA,0.0,
2026-07-07,JAAA,0.0,
2026-07-08,JAAA,0.0,
2026-07-09,JAAA,381614736.1755371,
2026-07-10,JAAA,40442639.16015625,
2026-07-13,JAAA,131468996.42944336,
2026-07-14,JAAA,,
2026-07-15,JAAA,,
2026-07-16,JAAA,0.0,
2026-07-17,JAAA,,
2026-07-20,JAAA,0.0,
2026-07-21,JAAA,,
2026-07-22,JAAA,-2530999.9465942383,
2026-07-23,JAAA,0.0,
2026-07-24,JAAA,,
2026-07-27,JAAA,30392999.267578125,
2026-07-28,JAAA,60785998.53515625,
2026-07-29,JAAA,40527920.53222656,
2026-07-30,JAAA,0.0,
2026-07-31,JAAA,0.0,
2026-08-03,JAAA,45450000.0,
2026-08-04,JAAA,295483490.18096924,
2026-08-05,JAAA,146508001.32751465,
2026-08-06,JAAA,0.0,
2026-08-07,JAAA,,
2026-08-10,JAAA,,
2026-08-11,JAAA,,
2026-08-12,JAAA,,
2026-08-13,JAAA,,
2026-08-14,JAAA,,
2026-08-17,JAAA,,
2026-08-18,JAAA,,
2026-08-19,JAAA,,
2026-08-20,JAAA,,
2026-08-21,JAAA,,
2026-08-24,JAAA,,
2026-08-25,JAAA,,
2026-08-26,JAAA,,
2026-08-27,JAAA,15210000.228881836,
2026-08-28,JAAA,0.0,
2026-08-31,JAAA,164173748.01635742,
2026-09-01,JAAA,0.0,
2026-09-02,JAAA,10108000.183105469,
2026-09-03,JAAA,32851065.06347656,
2026-09-04,JAAA,83440499.49645996,
2026-09-07,JAAA,,
2026-09-08,JAAA,0.0,
2026-09-09,JAAA,0.0,
2026-09-10,JAAA,83465248.48937988,
2026-09-11,JAAA,126543998.71826172,
2026-09-12,JNK,,estimated
2026-09-14,JNK,-208142001.34277344,estimated
2026-09-12,KBA,,estimated
2026-09-14,KBA,23925.95864868164,estimated
2026-09-15,KBA,0.0,estimated
2026-09-16,KBA,-19995.520095825195,estimated
2026-09-17,KBA,-6102.450145721436,estimated
2026-09-18,KBA,16555.279525756836,estimated
2026-09-21,KBA,-4870785.554008484,estimated
2026-09-22,KBA,0.0,estimated
2026-09-23,KBA,-1618710.6619987488,estimated
2026-09-24,KBA,4533.150215148926,estimated
2026-09-12,KSA,,estimated
2026-09-14,KSA,0.0,estimated
2026-09-15,KSA,0.0,estimated
2026-09-16,KSA,0.0,estimated
2026-09-17,KSA,0.0,estimated
2026-09-18,KSA,0.0,estimated
2026-09-21,KSA,0.0,estimated
2026-09-22,KSA,0.0,estimated
2026-09-23,KSA,0.0,estimated
2026-09-24,KSA,-13016499.519348145,estimated
2026-09-12,KWEB,,estimated
2026-09-14,KWEB,-11220527.57399559,estimated
2026-09-15,KWEB,0.0,estimated
2026-09-16,KWEB,1325396.1352157593,estimated
2026-09-17,KWEB,-1228725.5883979795,estimated
2026-09-18,KWEB,164943.99742126465,estimated
2026-09-21,KWEB,1080303.636680603,estimated
2026-09-22,KWEB,0.0,estimated
2026-09-23,KWEB,-194238.522354126,estimated
2026-09-24,KWEB,-1517664.0732975006,estimated
2026-01-02,LQD,55150000.0,
2026-01-05,LQD,-275290000.0,
2026-01-06,LQD,-463700000.0,
2026-01-07,LQD,-77300000.0,
2026-01-08,LQD,-221150000.0,
2026-01-09,LQD,55120000.0,
2026-01-12,LQD,-442380000.0,
2026-01-13,LQD,-55240000.0,
2026-01-14,LQD,-265610000.0,
2026-01-15,LQD,-488270000.0,
2026-01-16,LQD,-454640000.0,
2026-01-19,LQD,,
2026-01-20,LQD,-420180000.0,
2026-01-21,LQD,340880000.0,
2026-01-22,LQD,-298360000.0,
2026-01-23,LQD,387660000.0,
2026-01-26,LQD,199390000.0,
2026-01-27,LQD,199660000.0,
2026-01-28,LQD,874750000.0,
2026-01-29,LQD,11060000.0,
2026-01-30,LQD,-298730000.0,
2026-02-02,LQD,-1039230000.0,
2026-02-03,LQD,-44030000.0,
2026-02-04,LQD,561520000.0,
2026-02-05,LQD,593820000.0,
2026-02-06,LQD,187830000.0,
2026-02-09,LQD,276100000.0,
2026-02-10,LQD,453140000.0,
2026-02-11,LQD,-88710000.0,
2026-02-12,LQD,33210000.0,
2026-02-13,LQD,445200000.0,
2026-02-16,LQD,,
2026-02-17,LQD,200720000.0,
2026-02-18,LQD,234400000.0,
2026-02-19,LQD,223000000.0,
2026-02-20,LQD,-435070000.0,
2026-02-23,LQD,379330000.0,
2026-02-24,LQD,-134010000.0,
2026-02-25,LQD,491160000.0,
2026-02-26,LQD,111590000.0,
2026-02-27,LQD,714610000.0,
2026-03-02,LQD,134020000.0,
2026-03-03,LQD,432350000.0,
2026-03-04,LQD,-110870000.0,
2026-03-05,LQD,-976170000.0,
2026-03-06,LQD,-497010000.0,
2026-03-09,LQD,-242290000.0,
2026-03-10,LQD,-254540000.0,
2026-03-11,LQD,990760000.0,
2026-03-12,LQD,1135030000.0,
2026-03-13,LQD,325510000.0,
2026-03-16,LQD,-389460000.0,
2026-03-17,LQD,554220000.0,
2026-03-18,LQD,316710000.0,
2026-03-19,LQD,-108810000.0,
2026-03-20,LQD,-1134580000.0,
2026-03-23,LQD,-420800000.0,
2026-03-24,LQD,-488540000.0,
2026-03-25,LQD,-400970000.0,
2026-03-26,LQD,54420000.0,
2026-03-27,LQD,-550550000.0,
2026-03-30,LQD,0.0,
2026-03-31,LQD,0.0,
2026-04-01,LQD,,
2026-04-02,LQD,,
2026-04-03,LQD,,
2026-04-06,LQD,,
2026-04-07,LQD,,
2026-04-08,LQD,,
2026-04-09,LQD,,
2026-04-10,LQD,,
2026-04-13,LQD,,
2026-04-14,LQD,,
2026-04-15,LQD,,
2026-04-16,LQD,,
2026-04-17,LQD,,
2026-04-20,LQD,,
2026-04-21,LQD,,
2026-04-22,LQD,,
2026-04-23,LQD,,
2026-04-24,LQD,,
2026-04-27,LQD,-229928995.513916,
2026-04-28,LQD,,
2026-04-29,LQD,217779998.77929688,
2026-04-30,LQD,261239996.33789065,
2026-05-01,LQD,,
2026-05-04,LQD,541875000.0,
2026-05-05,LQD,,
2026-05-06,LQD,-534884017.944336,
2026-05-07,LQD,-458955006.4086914,
2026-05-08,LQD,,
2026-05-11,LQD,207131354.52270508,
2026-05-12,LQD,-184492502.5939941,
2026-05-13,LQD,195192004.39453125,
2026-05-14,LQD,-119696502.68554688,
2026-05-15,LQD,258588006.59179688,
2026-09-12,LQD,709546008.3007812,estimated
2026-09-14,LQD,-1053631996.9177246,estimated
2026-09-15,LQD,-490210014.3432617,estimated
2026-09-16,LQD,93851998.9013672,estimated
2026-09-17,LQD,282014991.7602539,estimated
2026-09-18,LQD,10516000.366210938,estimated
2026-09-21,LQD,-502559985.3515625,estimated
2026-09-22,LQD,273233990.4785156,estimated
2026-09-23,LQD,84071997.0703125,estimated
2026-09-24,LQD,249335998.53515625,estimated
2026-09-12,MCHI,,estimated
2026-09-14,MCHI,0.0,estimated
2026-09-15,MCHI,0.0,estimated
2026-09-16,MCHI,0.0,estimated
2026-09-17,MCHI,0.0,estimated
2026-09-18,MCHI,0.0,estimated
2026-09-21,MCHI,0.0,estimated
2026-09-22,MCHI,0.0,estimated
2026-09-23,MCHI,0.0,estimated
2026-09-24,MCHI,0.0,estimated
2026-09-12,MUB,,estimated
2026-09-12,OIH,,estimated
2026-09-14,OIH,-42067001.34277344,estimated
2026-09-15,OIH,0.0,estimated
2026-09-16,OIH,20575500.48828125,estimated
2026-09-17,OIH,39985000.61035156,estimated
2026-09-18,OIH,20030000.30517578,estimated
2026-09-21,OIH,79741998.29101562,estimated
2026-09-22,OIH,0.0,estimated
2026-09-23,OIH,-79326000.9765625,estimated
2026-09-24,OIH,19783000.18310547,estimated
2026-09-12,PAVE,,estimated
2026-09-14,PAVE,47668493.13397217,estimated
2026-09-15,PAVE,0.0,estimated
2026-09-16,PAVE,-2097219.6060562134,estimated
2026-09-17,PAVE,0.0,estimated
2026-09-18,PAVE,241375.41930389404,estimated
2026-09-21,PAVE,-79234249.03026581,estimated
2026-09-22,PAVE,0.0,estimated
2026-09-23,PAVE,5631682.03427124,estimated
2026-09-24,PAVE,0.0,estimated
2026-09-12,PDBC,,estimated
2026-09-14,PDBC,-2968500.1373291016,estimated
2026-09-15,PDBC,0.0,estimated
2026-09-16,PDBC,9890000.343322754,estimated
2026-09-17,PDBC,0.0,estimated
2026-09-18,PDBC,2956499.8626708984,estimated
2026-09-21,PDBC,87486999.32098389,estimated
2026-09-22,PDBC,0.0,estimated
2026-09-23,PDBC,19440000.534057617,estimated
2026-09-24,PDBC,980500.0305175781,estimated
2026-09-12,PPA,,estimated
2026-09-14,PPA,-1618099.9755859375,estimated
2026-09-15,PPA,0.0,estimated
2026-09-16,PPA,-3189400.0244140625,estimated
2026-09-17,PPA,-1601699.9816894531,estimated
2026-09-18,PPA,-4801199.798583984,estimated
2026-09-21,PPA,0.0,estimated
2026-09-22,PPA,0.0,estimated
2026-09-23,PPA,-6446799.9267578125,estimated
2026-09-24,PPA,-3190000.0,estimated
2026-01-02,QQQ,522050000.0,
2026-01-05,QQQ,-3157890000.0,
2026-01-06,QQQ,-587020000.0,
2026-01-07,QQQ,187110000.0,
2026-01-08,QQQ,-686460000.0,
2026-01-09,QQQ,930720000.0,
2026-01-12,QQQ,-595450000.0,
2026-01-13,QQQ,-219560000.0,
2026-01-14,QQQ,657500000.0,
2026-01-15,QQQ,185850000.0,
2026-01-16,QQQ,-186450000.0,
2026-01-19,QQQ,,
2026-01-20,QQQ,-714210000.0,
2026-01-21,QQQ,-668640000.0,
2026-01-22,QQQ,708510000.0,
2026-01-23,QQQ,-1676060000.0,
2026-01-26,QQQ,-747450000.0,
2026-01-27,QQQ,-156370000.0,
2026-01-28,QQQ,2744840000.0,
2026-01-29,QQQ,1424310000.0,
2026-01-30,QQQ,1826030000.0,
2026-02-02,QQQ,372990000.0,
2026-02-03,QQQ,-1878510000.0,
2026-02-04,QQQ,-1109580000.0,
2026-02-05,QQQ,1604710000.0,
2026-02-06,QQQ,-895820000.0,
2026-02-09,QQQ,-488030000.0,
2026-02-10,QQQ,-2243830000.0,
2026-02-11,QQQ,-2170290000.0,
2026-02-12,QQQ,30660000.0,
2026-02-13,QQQ,1141220000.0,
2026-02-16,QQQ,,
2026-02-17,QQQ,511540000.0,
2026-02-18,QQQ,-510910000.0,
2026-02-19,QQQ,1242030000.0,
2026-02-20,QQQ,1448370000.0,
2026-02-23,QQQ,-669600000.0,
2026-02-24,QQQ,-360800000.0,
2026-02-25,QQQ,-334320000.0,
2026-02-26,QQQ,-893810000.0,
2026-02-27,QQQ,-2315150000.0,
2026-03-02,QQQ,577130000.0,
2026-03-03,QQQ,-1976990000.0,
2026-03-04,QQQ,-361010000.0,
2026-03-05,QQQ,-2290480000.0,
2026-03-06,QQQ,669960000.0,
2026-03-09,QQQ,-899930000.0,
2026-03-10,QQQ,1641250000.0,
2026-03-11,QQQ,-941790000.0,
2026-03-12,QQQ,2431340000.0,
2026-03-13,QQQ,-806400000.0,
2026-03-16,QQQ,712420000.0,
2026-03-17,QQQ,-750470000.0,
2026-03-18,QQQ,-724100000.0,
2026-03-19,QQQ,267640000.0,
2026-03-20,QQQ,1364040000.0,
2026-03-23,QQQ,58200000.0,
2026-03-24,QQQ,-1500230000.0,
2026-03-25,QQQ,-379470000.0,
2026-03-26,QQQ,-499550000.0,
2026-03-27,QQQ,430280000.0,
2026-03-30,QQQ,,
2026-03-31,QQQ,0.0,
2026-04-01,QQQ,,
2026-04-02,QQQ,,
2026-04-03,QQQ,,
2026-04-06,QQQ,,
2026-04-07,QQQ,,
2026-04-08,QQQ,,
2026-04-09,QQQ,,
2026-04-10,QQQ,,
2026-04-13,QQQ,,
2026-04-14,QQQ,,
2026-04-15,QQQ,,
2026-04-16,QQQ,,
2026-04-17,QQQ,,
2026-04-20,QQQ,,
2026-04-21,QQQ,,
2026-04-22,QQQ,,
2026-04-23,QQQ,,
2026-04-24,QQQ,,
2026-04-27,QQQ,-1261296051.0253906,
2026-04-28,QQQ,,
2026-04-29,QQQ,-2566136444.091797,
2026-04-30,QQQ,860807965.0878906,
2026-05-01,QQQ,,
2026-05-04,QQQ,2803366540.527344,
2026-05-05,QQQ,,
2026-05-06,QQQ,-3344947964.477539,
2026-05-07,QQQ,4849223364.2578125,
2026-05-08,QQQ,,
2026-05-11,QQQ,-2169709014.892578,
2026-05-12,QQQ,0.0,
2026-05-13,QQQ,-2587627444.458008,
2026-05-14,QQQ,4051502096.557617,
2026-05-15,QQQ,4396171228.027344,
2026-05-18,QQQ,105520495.60546876,
2026-05-19,QQQ,0.0,
2026-05-20,QQQ,-248226989.7460937,
2026-05-21,QQQ,4750434130.859375,
2026-05-22,QQQ,-1040693957.5195312,
2026-05-25,QQQ,,
2026-05-26,QQQ,0.0,
2026-05-27,QQQ,0.0,
2026-05-28,QQQ,-1322784008.7890625,
2026-05-29,QQQ,,
2026-06-01,QQQ,3309954489.135742,
2026-06-02,QQQ,0.0,
2026-06-03,QQQ,-1744734005.7373047,
2026-06-04,QQQ,-3239808032.2265625,
2026-06-05,QQQ,1380169555.6640625,
2026-06-08,QQQ,2919766470.336914,
2026-06-09,QQQ,0.0,
2026-06-10,QQQ,-3363120117.1875,
2026-06-11,QQQ,-2313266967.773437,
2026-06-12,QQQ,321615005.49316406,
2026-06-15,QQQ,3938907012.939453,
2026-06-16,QQQ,0.0,
2026-06-17,QQQ,1758119970.703125,
2026-06-18,QQQ,1734647824.0966797,
2026-06-19,QQQ,,
2026-06-22,QQQ,-3383392089.84375,
2026-06-23,QQQ,0.0,
2026-06-24,QQQ,-106889996.33789062,
2026-06-25,QQQ,5216579821.777344,
2026-06-26,QQQ,996982006.8359376,
2026-06-29,QQQ,-1686524459.8388672,
2026-06-30,QQQ,0.0,
2026-07-01,QQQ,-1168559960.9375,
2026-07-02,QQQ,-3788459936.5234375,
2026-07-03,QQQ,,
2026-07-06,QQQ,10595392535.40039,
2026-07-07,QQQ,0.0,
2026-07-08,QQQ,849924023.4375,
2026-07-09,QQQ,-3381508862.3046875,
2026-07-10,QQQ,-614924002.0751953,
2026-07-13,QQQ,-4829152450.561523,
2026-07-14,QQQ,,
2026-07-15,QQQ,,
2026-07-16,QQQ,3554649963.3789062,
2026-07-17,QQQ,,
2026-07-20,QQQ,,
2026-07-21,QQQ,,
2026-07-22,QQQ,-5738447631.8359375,
2026-07-23,QQQ,627839978.0273438,
2026-07-24,QQQ,,
2026-07-27,QQQ,1878236236.5722656,
2026-07-28,QQQ,0.0,
2026-07-29,QQQ,1174600021.3623047,
2026-07-30,QQQ,4817492138.671875,
2026-07-31,QQQ,-68584997.55859375,
2026-08-03,QQQ,-7951452639.770508,
2026-08-04,QQQ,0.0,
2026-08-05,QQQ,5234183789.0625,
2026-08-06,QQQ,-2145599670.410156,
2026-08-07,QQQ,,
2026-08-10,QQQ,,
2026-08-11,QQQ,,
2026-08-12,QQQ,,
2026-08-13,QQQ,,
2026-08-14,QQQ,,
2026-08-17,QQQ,,
2026-08-18,QQQ,,
2026-08-19,QQQ,,
2026-08-20,QQQ,,
2026-08-21,QQQ,,
2026-08-24,QQQ,,
2026-08-25,QQQ,,
2026-08-26,QQQ,,
2026-08-27,QQQ,-865331982.421875,
2026-08-28,QQQ,2292575976.5625,
2026-08-31,QQQ,-2928220050.048828,
2026-09-01,QQQ,0.0,
2026-09-02,QQQ,3329307421.875,
2026-09-03,QQQ,0.0,
2026-09-04,QQQ,-860796020.5078125,
2026-09-07,QQQ,,
2026-09-08,QQQ,0.0,
2026-09-09,QQQ,0.0,
2026-09-10,QQQ,-4873637866.2109375,
2026-09-11,QQQ,2721255981.4453125,
2026-09-12,QQQ,0.0,estimated
2026-09-14,QQQ,1608480010.986328,estimated
2026-09-15,QQQ,0.0,estimated
2026-09-16,QQQ,-1232944961.5478516,estimated
2026-09-17,QQQ,-35235998.53515625,estimated
2026-09-18,QQQ,1003687976.0742188,estimated
2026-09-21,QQQ,-2489002542.114258,estimated
2026-09-22,QQQ,0.0,estimated
2026-09-23,QQQ,-1668307434.0820312,estimated
2026-09-24,QQQ,1593601547.241211,estimated
2026-09-12,QQQM,,estimated
2026-09-14,QQQM,-38270701.90429688,estimated
2026-09-15,QQQM,0.0,estimated
2026-09-16,QQQM,272684596.5576172,estimated
2026-09-17,QQQM,14510000.610351562,estimated
2026-09-18,QQQM,32472001.34277344,estimated
2026-09-21,QQQM,-163300502.01416016,estimated
2026-09-22,QQQM,0.0,estimated
2026-09-23,QQQM,42737798.46191406,estimated
2026-09-24,QQQM,6102800.29296875,estimated
2026-09-12,ROBO,,estimated
2026-09-14,ROBO,-25552.530197143555,estimated
2026-09-15,ROBO,0.0,estimated
2026-09-16,ROBO,39783.75,estimated
2026-09-17,ROBO,-58945.59814453125,estimated
2026-09-18,ROBO,0.0,estimated
2026-09-21,ROBO,-15756755.5,estimated
2026-09-22,ROBO,0.0,estimated
2026-09-23,ROBO,-9866517.052505491,estimated
2026-09-24,ROBO,28634.96967315674,estimated
2026-09-12,SCHP,,estimated
2026-09-12,SGOV,,estimated
2026-09-14,SGOV,1186135960.3881836,estimated
2026-09-15,SGOV,0.0,estimated
2026-09-16,SGOV,135715498.35205078,estimated
2026-09-17,SGOV,759152523.0407715,estimated
2026-09-18,SGOV,0.0,estimated
2026-09-21,SGOV,502949981.6894531,estimated
2026-09-22,SGOV,0.0,estimated
2026-09-23,SGOV,276649995.803833,estimated
2026-09-24,SGOV,0.0,estimated
2026-01-02,SHY,319660000.0,
2026-01-05,SHY,409110000.0,
2026-01-06,SHY,30000000.0,
2026-01-07,SHY,,
2026-01-08,SHY,,
2026-01-09,SHY,,
2026-01-12,SHY,250350000.0,
2026-01-13,SHY,,
2026-01-14,SHY,,
2026-01-15,SHY,,
2026-01-16,SHY,-30070000.0,
2026-01-19,SHY,,
2026-01-20,SHY,80000000.0,
2026-01-21,SHY,279130000.0,
2026-01-22,SHY,,
2026-01-23,SHY,,
2026-01-26,SHY,970630000.0,
2026-01-27,SHY,250570000.0,
2026-01-28,SHY,20030000.0,
2026-01-29,SHY,100110000.0,
2026-01-30,SHY,,
2026-02-02,SHY,,
2026-02-03,SHY,,
2026-02-04,SHY,69780000.0,
2026-02-05,SHY,,
2026-02-06,SHY,,
2026-02-09,SHY,100050000.0,
2026-02-10,SHY,170170000.0,
2026-02-11,SHY,251040000.0,
2026-02-12,SHY,,
2026-02-13,SHY,20140000.0,
2026-02-16,SHY,,
2026-02-17,SHY,201870000.0,
2026-02-18,SHY,,
2026-02-19,SHY,60490000.0,
2026-02-20,SHY,,
2026-02-23,SHY,181540000.0,
2026-02-24,SHY,30320000.0,
2026-02-25,SHY,,
2026-02-26,SHY,,
2026-02-27,SHY,30350000.0,
2026-03-02,SHY,223020000.0,
2026-03-03,SHY,,
2026-03-04,SHY,50280000.0,
2026-03-05,SHY,,
2026-03-06,SHY,,
2026-03-09,SHY,260290000.00000003,
2026-03-10,SHY,,
2026-03-11,SHY,40040000.0,
2026-03-12,SHY,,
2026-03-13,SHY,,
2026-03-16,SHY,238040000.0,
2026-03-17,SHY,,
2026-03-18,SHY,19950000.0,
2026-03-19,SHY,,
2026-03-20,SHY,,
2026-03-23,SHY,325620000.0,
2026-03-24,SHY,-49510000.0,
2026-03-25,SHY,-197550000.0,
2026-03-26,SHY,-287600000.0,
2026-03-27,SHY,-49290000.0,
2026-03-30,SHY,0.0,
2026-03-31,SHY,74308502.19726562,
2026-04-01,SHY,,
2026-04-02,SHY,,
2026-04-03,SHY,,
2026-04-06,SHY,,
2026-04-07,SHY,,
2026-04-08,SHY,,
2026-04-09,SHY,,
2026-04-10,SHY,,
2026-04-13,SHY,,
2026-04-14,SHY,,
2026-04-15,SHY,,
2026-04-16,SHY,,
2026-04-17,SHY,,
2026-04-20,SHY,,
2026-04-21,SHY,,
2026-04-22,SHY,,
2026-04-23,SHY,,
2026-04-24,SHY,,
2026-04-27,SHY,-115583996.58203124,
2026-04-28,SHY,,
2026-04-29,SHY,-82455001.83105469,
2026-04-30,SHY,-107191502.3803711,
2026-05-01,SHY,,
2026-05-04,SHY,32876278.68652344,
2026-05-05,SHY,,
2026-05-06,SHY,-32914001.46484375,
2026-05-07,SHY,-65867999.267578125,
2026-05-08,SHY,,
2026-05-11,SHY,-32905999.75585937,
2026-05-12,SHY,24650999.4506836,
2026-05-13,SHY,0.0,
2026-05-14,SHY,-32885998.53515625,
2026-05-15,SHY,0.0,
2026-09-12,SHY,1447941021.7285156,estimated
2026-09-14,SHY,-154603005.21850586,estimated
2026-09-15,SHY,40669998.16894531,estimated
2026-09-16,SHY,65047998.046875,estimated
2026-09-17,SHY,113735997.00927734,estimated
2026-09-18,SHY,-97632000.73242188,estimated
2026-09-21,SHY,81239997.86376953,estimated
2026-09-22,SHY,186967002.1057129,estimated
2026-09-23,SHY,48774000.549316406,estimated
2026-09-24,SHY,-32448001.098632812,estimated
2026-09-12,SIVR,,estimated
2026-09-14,SIVR,0.0,estimated
2026-09-15,SIVR,0.0,estimated
2026-09-16,SIVR,0.0,estimated
2026-09-17,SIVR,0.0,estimated
2026-09-18,SIVR,0.0,estimated
2026-09-21,SIVR,0.0,estimated
2026-09-22,SIVR,0.0,estimated
2026-09-23,SIVR,0.0,estimated
2026-09-24,SIVR,0.0,estimated
2026-09-12,SKYY,,estimated
2026-09-14,SKYY,-7923500.061035156,estimated
2026-09-15,SKYY,0.0,estimated
2026-09-16,SKYY,0.0,estimated
2026-09-17,SKYY,-16188999.938964844,estimated
2026-09-18,SKYY,-8219499.969482422,estimated
2026-09-21,SKYY,-8101000.213623047,estimated
2026-09-22,SKYY,0.0,estimated
2026-09-23,SKYY,0.0,estimated
2026-09-24,SKYY,-8376999.664306641,estimated
2026-01-02,SLV,,
2026-01-05,SLV,,
2026-01-06,SLV,-11740000.0,
2026-01-07,SLV,,
2026-01-08,SLV,6950000.0,
2026-01-09,SLV,,
2026-01-12,SLV,,
2026-01-13,SLV,-2380000.0,
2026-01-14,SLV,-6030000.0,
2026-01-15,SLV,,
2026-01-16,SLV,,
2026-01-19,SLV,,
2026-01-20,SLV,7150000.0,
2026-01-21,SLV,1210000.0,
2026-01-22,SLV,,
2026-01-23,SLV,6070000.0,
2026-01-26,SLV,2470000.0,
2026-01-27,SLV,,
2026-01-28,SLV,,
2026-01-29,SLV,2540000.0,
2026-01-30,SLV,-107210000.0,
2026-02-02,SLV,-162150000.0,
2026-02-03,SLV,,
2026-02-04,SLV,-152970000.0,
2026-02-05,SLV,,
2026-02-06,SLV,1240000.0,
2026-02-09,SLV,,
2026-02-10,SLV,,
2026-02-11,SLV,2490000.0,
2026-02-12,SLV,,
2026-02-13,SLV,,
2026-02-16,SLV,,
2026-02-17,SLV,,
2026-02-18,SLV,,
2026-02-19,SLV,,
2026-02-20,SLV,,
2026-02-23,SLV,,
2026-02-24,SLV,17900000.0,
2026-02-25,SLV,,
2026-02-26,SLV,1280000.0,
2026-02-27,SLV,-5120000.0,
2026-03-02,SLV,2590000.0,
2026-03-03,SLV,,
2026-03-04,SLV,-28860000.0,
2026-03-05,SLV,,
2026-03-06,SLV,1430000.0,
2026-03-09,SLV,,
2026-03-10,SLV,10650000.0,
2026-03-11,SLV,,
2026-03-12,SLV,7430000.0,
2026-03-13,SLV,35660000.0,
2026-03-16,SLV,,
2026-03-17,SLV,-6120000.0,
2026-03-18,SLV,,
2026-03-19,SLV,-4720000.0,
2026-03-20,SLV,,
2026-03-23,SLV,,
2026-03-24,SLV,-3000000.0,
2026-03-25,SLV,-3080000.0,
2026-03-26,SLV,-6060000.0,
2026-03-27,SLV,15570000.0,
2026-03-30,SLV,-273136001.9683838,
2026-03-31,SLV,0.0,
2026-04-01,SLV,,
2026-04-02,SLV,,
2026-04-03,SLV,,
2026-04-06,SLV,,
2026-04-07,SLV,,
2026-04-08,SLV,,
2026-04-09,SLV,,
2026-04-10,SLV,,
2026-04-13,SLV,,
2026-04-14,SLV,,
2026-04-15,SLV,,
2026-04-16,SLV,,
2026-04-17,SLV,,
2026-04-20,SLV,,
2026-04-21,SLV,,
2026-04-22,SLV,,
2026-04-23,SLV,,
2026-04-24,SLV,,
2026-04-27,SLV,40947001.64794922,
2026-04-28,SLV,,
2026-04-29,SLV,0.0,
2026-04-30,SLV,-145606994.62890625,
2026-05-01,SLV,,
2026-05-04,SLV,-53423919.677734375,
2026-05-05,SLV,,
2026-05-06,SLV,55968078.61328125,
2026-05-07,SLV,0.0,
2026-05-08,SLV,,
2026-05-11,SLV,-84238002.01416016,
2026-05-12,SLV,100184503.17382812,
2026-05-13,SLV,95046002.19726562,
2026-05-14,SLV,121535998.53515624,
2026-05-15,SLV,145582493.5913086,
2026-09-12,SLV,249636501.31225583,estimated
2026-09-14,SLV,0.0,estimated
2026-09-15,SLV,-51156000.1373291,estimated
2026-09-16,SLV,-51776998.90136719,estimated
2026-09-17,SLV,-79869998.93188477,estimated
2026-09-18,SLV,0.0,estimated
2026-09-21,SLV,0.0,estimated
2026-09-22,SLV,429336007.6904297,estimated
2026-09-23,SLV,-113297002.02941896,estimated
2026-09-24,SLV,-52343999.8626709,estimated
2026-09-12,SMH,,estimated
2026-09-14,SMH,-483250524.90234375,estimated
2026-09-15,SMH,-297825000.0,estimated
2026-09-16,SMH,-162632995.60546875,estimated
2026-09-17,SMH,0.0,estimated
2026-09-18,SMH,3980330895.9960938,estimated
2026-09-21,SMH,85950000.0,estimated
2026-09-22,SMH,0.0,estimated
2026-09-23,SMH,-4470225219.7265625,estimated
2026-09-24,SMH,992326455.6884766,estimated
2026-01-02,SOXX,,
2026-01-05,SOXX,,
2026-01-06,SOXX,,
2026-01-07,SOXX,,
2026-01-08,SOXX,,
2026-01-09,SOXX,,
2026-01-12,SOXX,,
2026-01-13,SOXX,,
2026-01-14,SOXX,,
2026-01-15,SOXX,,
2026-01-16,SOXX,,
2026-01-19,SOXX,,
2026-01-20,SOXX,,
2026-01-21,SOXX,,
2026-01-22,SOXX,,
2026-01-23,SOXX,,
2026-01-26,SOXX,,
2026-01-27,SOXX,,
2026-01-28,SOXX,-22270000.0,
2026-01-29,SOXX,,
2026-01-30,SOXX,,
2026-02-02,SOXX,,
2026-02-03,SOXX,,
2026-02-04,SOXX,,
2026-02-05,SOXX,,
2026-02-06,SOXX,,
2026-02-09,SOXX,,
2026-02-10,SOXX,-1900000.0,
2026-02-11,SOXX,,
2026-02-12,SOXX,-11400000.0,
2026-02-13,SOXX,,
2026-02-16,SOXX,,
2026-02-17,SOXX,,
2026-02-18,SOXX,,
2026-02-19,SOXX,,
2026-02-20,SOXX,48910000.0,
2026-02-23,SOXX,,
2026-02-24,SOXX,,
2026-02-25,SOXX,,
2026-02-26,SOXX,,
2026-02-27,SOXX,,
2026-03-02,SOXX,9120000.0,
2026-03-03,SOXX,,
2026-03-04,SOXX,,
2026-03-05,SOXX,,
2026-03-06,SOXX,,
2026-03-09,SOXX,,
2026-03-10,SOXX,,
2026-03-11,SOXX,,
2026-03-12,SOXX,,
2026-03-13,SOXX,,
2026-03-16,SOXX,,
2026-03-17,SOXX,,
2026-03-18,SOXX,,
2026-03-19,SOXX,,
2026-03-20,SOXX,,
2026-03-23,SOXX,,
2026-03-24,SOXX,,
2026-03-25,SOXX,,
2026-03-26,SOXX,,
2026-03-27,SOXX,30660000.0,
2026-03-30,SOXX,0.0,
2026-03-31,SOXX,65028002.9296875,
2026-04-01,SOXX,,
2026-04-02,SOXX,,
2026-04-03,SOXX,,
2026-04-06,SOXX,,
2026-04-07,SOXX,,
2026-04-08,SOXX,,
2026-04-09,SOXX,,
2026-04-10,SOXX,,
2026-04-13,SOXX,,
2026-04-14,SOXX,,
2026-04-15,SOXX,,
2026-04-16,SOXX,,
2026-04-17,SOXX,,
2026-04-20,SOXX,,
2026-04-21,SOXX,,
2026-04-22,SOXX,,
2026-04-23,SOXX,,
2026-04-24,SOXX,,
2026-04-27,SOXX,785400000.0,
2026-04-28,SOXX,,
2026-04-29,SOXX,-177919995.1171875,
2026-04-30,SOXX,45491018.67675781,
2026-05-01,SOXX,,
2026-05-04,SOXX,303394006.34765625,
2026-05-05,SOXX,,
2026-05-06,SOXX,248872497.5585937,
2026-05-07,SOXX,-174672750.8544922,
2026-05-08,SOXX,,
2026-05-11,SOXX,0.0,
2026-05-12,SOXX,-259075012.20703125,
2026-05-13,SOXX,156872991.94335938,
2026-05-14,SOXX,741873962.4023438,
2026-05-15,SOXX,50914001.46484375,
2026-09-12,SOXX,10096785296.63086,estimated
2026-09-14,SOXX,-843312011.71875,estimated
2026-09-15,SOXX,-273569996.6430664,estimated
2026-09-16,SOXX,-124712501.5258789,estimated
2026-09-17,SOXX,602471997.0703125,estimated
2026-09-18,SOXX,804604962.1582031,estimated
2026-09-21,SOXX,-346495504.7607422,estimated
2026-09-22,SOXX,839010040.2832031,estimated
2026-09-23,SOXX,-335604016.11328125,estimated
2026-09-24,SOXX,1272869934.0820312,estimated
2026-01-02,SPY,-238630000.0,
2026-01-05,SPY,-1400670000.0,
2026-01-06,SPY,-3300460000.0,
2026-01-07,SPY,-5189280000.0,
2026-01-08,SPY,2034110000.0,
2026-01-09,SPY,2034260000.0,
2026-01-12,SPY,-2741560000.0,
2026-01-13,SPY,-1355670000.0,
2026-01-14,SPY,4822470000.0,
2026-01-15,SPY,2346660000.0,
2026-01-16,SPY,-1349380000.0,
2026-01-19,SPY,,
2026-01-20,SPY,-1071960000.0,
2026-01-21,SPY,-2811020000.0,
2026-01-22,SPY,-5378870000.0,
2026-01-23,SPY,-1033460000.0,
2026-01-26,SPY,137850000.0,
2026-01-27,SPY,-865880000.0,
2026-01-28,SPY,3581960000.0,
2026-01-29,SPY,104320000.0,
2026-01-30,SPY,-1597540000.0,
2026-02-02,SPY,2593650000.0,
2026-02-03,SPY,-4520080000.0,
2026-02-04,SPY,4275279999.999999,
2026-02-05,SPY,-3293130000.0,
2026-02-06,SPY,372720000.0,
2026-02-09,SPY,-1278410000.0,
2026-02-10,SPY,-2326020000.0,
2026-02-11,SPY,311440000.0,
2026-02-12,SPY,934280000.0,
2026-02-13,SPY,6608530000.0,
2026-02-16,SPY,,
2026-02-17,SPY,-6067340000.0,
2026-02-18,SPY,648390000.0,
2026-02-19,SPY,-2161950000.0,
2026-02-20,SPY,-1985020000.0,
2026-02-23,SPY,-861560000.0,
2026-02-24,SPY,-102320000.0,
2026-02-25,SPY,-103110000.0,
2026-02-26,SPY,-1247350000.0,
2026-02-27,SPY,2929370000.0,
2026-03-02,SPY,-5250500000.0,
2026-03-03,SPY,-4394670000.0,
2026-03-04,SPY,-1224400000.0,
2026-03-05,SPY,-137100000.0,
2026-03-06,SPY,-3067450000.0,
2026-03-09,SPY,-2388130000.0,
2026-03-10,SPY,5291120000.0,
2026-03-11,SPY,-4772680000.0,
2026-03-12,SPY,3382160000.0,
2026-03-13,SPY,7494550000.0,
2026-03-16,SPY,-4039650000.0,
2026-03-17,SPY,-167250000.0,
2026-03-18,SPY,-8350010000.0,
2026-03-19,SPY,-1124690000.0,
2026-03-20,SPY,65980000.00000001,
2026-03-23,SPY,2397820000.0,
2026-03-24,SPY,15273570000.0,
2026-03-25,SPY,-7477650000.0,
2026-03-26,SPY,-2823510000.0,
2026-03-27,SPY,1613020000.0,
2026-03-30,SPY,1579924926.7578125,
2026-03-31,SPY,-2620633529.663086,
2026-04-01,SPY,,
2026-04-02,SPY,,
2026-04-03,SPY,,
2026-04-06,SPY,,
2026-04-07,SPY,,
2026-04-08,SPY,,
2026-04-09,SPY,,
2026-04-10,SPY,,
2026-04-13,SPY,,
2026-04-14,SPY,,
2026-04-15,SPY,,
2026-04-16,SPY,,
2026-04-17,SPY,,
2026-09-12,SPY,30986953641.628296,estimated
2026-09-14,SPY,4012522384.643554,estimated
2026-09-15,SPY,-3462003261.336792,estimated
2026-09-16,SPY,-2347909045.410156,estimated
2026-09-17,SPY,-10518997329.711914,estimated
2026-09-18,SPY,-5033159838.867188,estimated
2026-09-21,SPY,-1256788504.0283203,estimated
2026-09-22,SPY,6497400000.0,estimated
2026-09-23,SPY,2861949226.5,estimated
2026-09-24,SPY,3839049987.7929688,estimated
2026-01-02,SRLN,,
2026-01-05,SRLN,,
2026-01-06,SRLN,,
2026-01-07,SRLN,,
2026-01-08,SRLN,,
2026-01-09,SRLN,,
2026-01-12,SRLN,47600000.0,
2026-01-13,SRLN,10350000.0,
2026-01-14,SRLN,49690000.0,
2026-01-15,SRLN,8279999.999999999,
2026-01-16,SRLN,35210000.0,
2026-01-19,SRLN,,
2026-01-20,SRLN,8289999.999999999,
2026-01-21,SRLN,,
2026-01-22,SRLN,6210000.0,
2026-01-23,SRLN,-31060000.0,
2026-01-26,SRLN,-4139999.999999999,
2026-01-27,SRLN,-28960000.0,
2026-01-28,SRLN,-229310000.0,
2026-01-29,SRLN,14440000.0,
2026-01-30,SRLN,,
2026-02-02,SRLN,-61630000.0,
2026-02-03,SRLN,-186340000.0,
2026-02-04,SRLN,-104180000.0,
2026-02-05,SRLN,-14240000.0,
2026-02-06,SRLN,-54860000.0,
2026-02-09,SRLN,,
2026-02-10,SRLN,,
2026-02-11,SRLN,-14250000.0,
2026-02-12,SRLN,,
2026-02-13,SRLN,-115960000.0,
2026-02-16,SRLN,,
2026-02-17,SRLN,-12210000.0,
2026-02-18,SRLN,-18300000.0,
2026-02-19,SRLN,2040000.0,
2026-02-20,SRLN,-12200000.0,
2026-02-23,SRLN,-81300000.0,
2026-02-24,SRLN,-64760000.00000001,
2026-02-25,SRLN,-12070000.0,
2026-02-26,SRLN,38250000.0,
2026-02-27,SRLN,-2010000.0,
2026-03-02,SRLN,-184450000.0,
2026-03-03,SRLN,-101490000.0,
2026-03-04,SRLN,-150970000.0,
2026-03-05,SRLN,26000000.0,
2026-03-06,SRLN,-16020000.0,
2026-03-09,SRLN,-34020000.0,
2026-03-10,SRLN,-22020000.0,
2026-03-11,SRLN,-2010000.0,
2026-03-12,SRLN,-74460000.0,
2026-03-13,SRLN,-116530000.0,
2026-03-16,SRLN,-114460000.0,
2026-03-17,SRLN,-104440000.0,
2026-03-18,SRLN,,
2026-03-19,SRLN,,
2026-03-20,SRLN,14050000.0,
2026-03-23,SRLN,,
2026-03-24,SRLN,116560000.0,
2026-03-25,SRLN,20090000.0,
2026-03-26,SRLN,32230000.0,
2026-03-27,SRLN,,
2026-03-30,SRLN,0.0,
2026-03-31,SRLN,-18042750.549316406,
2026-04-01,SRLN,,
2026-04-02,SRLN,,
2026-04-03,SRLN,,
2026-04-06,SRLN,,
2026-04-07,SRLN,,
2026-04-08,SRLN,,
2026-04-09,SRLN,,
2026-04-10,SRLN,,
2026-04-13,SRLN,,
2026-04-14,SRLN,,
2026-04-15,SRLN,,
2026-04-16,SRLN,,
2026-04-17,SRLN,,
2026-09-12,THD,,estimated
2026-09-14,THD,0.0,estimated
2026-09-15,THD,0.0,estimated
2026-09-16,THD,0.0,estimated
2026-09-17,THD,42648001.09863281,estimated
2026-09-18,THD,0.0,estimated
2026-09-21,THD,0.0,estimated
2026-09-22,THD,0.0,estimated
2026-09-23,THD,0.0,estimated
2026-09-24,THD,0.0,estimated
2026-01-02,TIP,-115530000.0,
2026-01-05,TIP,115440000.0,
2026-01-06,TIP,-269590000.0,
2026-01-07,TIP,57710000.0,
2026-01-08,TIP,67320000.0,
2026-01-09,TIP,76740000.0,
2026-01-12,TIP,-76850000.0,
2026-01-13,TIP,96010000.0,
2026-01-14,TIP,96030000.0,
2026-01-15,TIP,,
2026-01-16,TIP,57740000.0,
2026-01-19,TIP,,
2026-01-20,TIP,,
2026-01-21,TIP,-172210000.0,
2026-01-22,TIP,-67210000.0,
2026-01-23,TIP,115560000.0,
2026-01-26,TIP,77100000.0,
2026-01-27,TIP,48310000.0,
2026-01-28,TIP,135270000.0,
2026-01-29,TIP,-86880000.0,
2026-01-30,TIP,-28950000.0,
2026-02-02,TIP,-57910000.0,
2026-02-03,TIP,-355650000.0,
2026-02-04,TIP,-317100000.0,
2026-02-05,TIP,-250070000.0,
2026-02-06,TIP,-163640000.0,
2026-02-09,TIP,173500000.0,
2026-02-10,TIP,173820000.0,
2026-02-11,TIP,-48440000.0,
2026-02-12,TIP,-164670000.0,
2026-02-13,TIP,-38840000.0,
2026-02-16,TIP,,
2026-02-17,TIP,48650000.0,
2026-02-18,TIP,-136490000.0,
2026-02-19,TIP,87720000.0,
2026-02-20,TIP,19470000.0,
2026-02-23,TIP,,
2026-02-24,TIP,146190000.0,
2026-02-25,TIP,194920000.0,
2026-02-26,TIP,78010000.0,
2026-02-27,TIP,58480000.0,
2026-03-02,TIP,19480000.0,
2026-03-03,TIP,173820000.0,
2026-03-04,TIP,383890000.0,
2026-03-05,TIP,588090000.0,
2026-03-06,TIP,259890000.0,
2026-03-09,TIP,-201020000.0,
2026-03-10,TIP,104940000.0,
2026-03-11,TIP,-144040000.0,
2026-03-12,TIP,-239240000.0,
2026-03-13,TIP,-1123340000.0,
2026-03-16,TIP,-900130000.0,
2026-03-17,TIP,-161050000.0,
2026-03-18,TIP,-47490000.0,
2026-03-19,TIP,-94800000.0,
2026-03-20,TIP,-65970000.0,
2026-03-23,TIP,,
2026-03-24,TIP,131230000.0,
2026-03-25,TIP,-65510000.00000001,
2026-03-26,TIP,-9430000.0,
2026-03-27,TIP,-75050000.0,
2026-03-30,TIP,0.0,
2026-03-31,TIP,-77321999.35913086,
2026-04-01,TIP,,
2026-04-02,TIP,,
2026-04-03,TIP,,
2026-04-06,TIP,,
2026-04-07,TIP,,
2026-04-08,TIP,,
2026-04-09,TIP,,
2026-04-10,TIP,,
2026-04-13,TIP,,
2026-04-14,TIP,,
2026-04-15,TIP,,
2026-04-16,TIP,,
2026-04-17,TIP,,
2026-04-20,TIP,,
2026-04-21,TIP,,
2026-04-22,TIP,,
2026-04-23,TIP,,
2026-04-24,TIP,,
2026-04-27,TIP,-11172000.122070312,
2026-04-28,TIP,,
2026-04-29,TIP,78078000.64086914,
2026-04-30,TIP,33436500.549316406,
2026-05-01,TIP,,
2026-05-04,TIP,200150999.4506836,
2026-05-05,TIP,,
2026-05-06,TIP,33345000.457763672,
2026-05-07,TIP,22239999.38964844,
2026-05-08,TIP,,
2026-05-11,TIP,77927711.4868164,
2026-05-12,TIP,0.0,
2026-05-13,TIP,0.0,
2026-05-14,TIP,0.0,
2026-05-15,TIP,0.0,
2026-09-12,TIP,370527492.52319336,estimated
2026-09-14,TIP,31751998.901367188,estimated
2026-09-15,TIP,0.0,estimated
2026-09-16,TIP,-52895000.45776367,estimated
2026-09-17,TIP,0.0,estimated
2026-09-18,TIP,-21141999.81689453,estimated
2026-09-21,TIP,21053999.32861328,estimated
2026-09-22,TIP,73976000.21362305,estimated
2026-09-23,TIP,-84544000.24414062,estimated
2026-09-24,TIP,0.0,estimated
2026-09-12,TLH,,estimated
2026-09-14,TLH,0.0,estimated
2026-09-15,TLH,0.0,estimated
2026-09-16,TLH,0.0,estimated
2026-09-17,TLH,-9493000.030517578,estimated
2026-09-21,TLH,-47580001.83105469,estimated
2026-09-23,TLH,0.0,estimated
2026-01-02,TLT,38450000.0,
2026-01-05,TLT,-9610000.0,
2026-01-06,TLT,154120000.0,
2026-01-07,TLT,211840000.0,
2026-01-08,TLT,57870000.0,
2026-01-09,TLT,28850000.0,
2026-01-12,TLT,67380000.0,
2026-01-13,TLT,,
2026-01-14,TLT,,
2026-01-15,TLT,38590000.0,
2026-01-16,TLT,9630000.0,
2026-01-19,TLT,,
2026-01-20,TLT,134240000.0,
2026-01-21,TLT,-238860000.0,
2026-01-22,TLT,57480000.0,
2026-01-23,TLT,-124540000.0,
2026-01-26,TLT,47960000.0,
2026-01-27,TLT,86460000.0,
2026-01-28,TLT,19190000.0,
2026-01-29,TLT,795800000.0,
2026-01-30,TLT,124780000.0,
2026-02-02,TLT,-47950000.0,
2026-02-03,TLT,-76350000.0,
2026-02-04,TLT,-19110000.0,
2026-02-05,TLT,-28650000.0,
2026-02-06,TLT,-105670000.0,
2026-02-09,TLT,86410000.0,
2026-02-10,TLT,144130000.0,
2026-02-11,TLT,212270000.0,
2026-02-12,TLT,57740000.0,
2026-02-13,TLT,48410000.0,
2026-02-16,TLT,,
2026-02-17,TLT,-29150000.0,
2026-02-18,TLT,68020000.0,
2026-02-19,TLT,38790000.0,
2026-02-20,TLT,67940000.0,
2026-02-23,TLT,164950000.0,
2026-02-24,TLT,19490000.0,
2026-02-25,TLT,165560000.0,
2026-02-26,TLT,-29190000.0,
2026-02-27,TLT,156120000.0,
2026-03-02,TLT,-68570000.0,
2026-03-03,TLT,203860000.0,
2026-03-04,TLT,97000000.0,
2026-03-05,TLT,48390000.0,
2026-03-06,TLT,193000000.0,
2026-03-09,TLT,86770000.0,
2026-03-10,TLT,-77380000.0,
2026-03-11,TLT,77130000.0,
2026-03-12,TLT,57600000.0,
2026-03-13,TLT,-28700000.0,
2026-03-16,TLT,152890000.0,
2026-03-17,TLT,48000000.0,
2026-03-18,TLT,201950000.0,
2026-03-19,TLT,124430000.0,
2026-03-20,TLT,105300000.0,
2026-03-23,TLT,123280000.0,
2026-03-24,TLT,-266500000.0,
2026-03-25,TLT,-151770000.0,
2026-03-26,TLT,38130000.0,
2026-03-27,TLT,37840000.0,
2026-03-30,TLT,0.0,
2026-03-31,TLT,330360992.4316406,
2026-04-01,TLT,,
2026-04-02,TLT,,
2026-04-03,TLT,,
2026-04-06,TLT,,
2026-04-07,TLT,,
2026-04-08,TLT,,
2026-04-09,TLT,,
2026-04-10,TLT,,
2026-04-13,TLT,,
2026-04-14,TLT,,
2026-04-15,TLT,,
2026-04-16,TLT,,
2026-04-17,TLT,,
2026-04-20,TLT,,
2026-04-21,TLT,,
2026-04-22,TLT,,
2026-04-23,TLT,,
2026-04-24,TLT,,
2026-04-27,TLT,25942499.542236328,
2026-04-28,TLT,,
2026-04-29,TLT,171729995.72753906,
2026-04-30,TLT,326134988.4033203,
2026-05-01,TLT,,
2026-05-04,TLT,-323893002.31933594,
2026-05-05,TLT,,
2026-05-06,TLT,154781996.15478516,
2026-05-07,TLT,112037640.38085938,
2026-05-08,TLT,,
2026-05-11,TLT,85735000.61035156,
2026-05-12,TLT,-204120007.32421875,
2026-05-13,TLT,-84745002.74658203,
2026-05-14,TLT,187560993.9575196,
2026-05-15,TLT,0.0,
2026-09-12,TLT,6106855102.539063,estimated
2026-09-14,TLT,930005031.5856934,estimated
2026-09-15,TLT,218511000.8239746,estimated
2026-09-16,TLT,-532685993.95751953,estimated
2026-09-17,TLT,194111993.40820312,estimated
2026-09-18,TLT,-122669998.16894533,estimated
2026-09-21,TLT,-674375000.0,estimated
2026-09-22,TLT,-139060005.18798828,estimated
2026-09-23,TLT,-1030680038.4521484,estimated
2026-09-24,TLT,-265517996.97875977,estimated
2026-09-12,UAE,,estimated
2026-09-14,UAE,0.0,estimated
2026-09-15,UAE,0.0,estimated
2026-09-16,UAE,0.0,estimated
2026-09-17,UAE,0.0,estimated
2026-09-18,UAE,0.0,estimated
2026-09-21,UAE,0.0,estimated
2026-09-22,UAE,0.0,estimated
2026-09-23,UAE,0.0,estimated
2026-09-24,UAE,0.0,estimated
2026-09-12,UNG,,estimated
2026-09-14,UNG,9153000.06866455,estimated
2026-09-15,UNG,11362999.91607666,estimated
2026-09-16,UNG,10539999.961853027,estimated
2026-09-17,UNG,0.0,estimated
2026-09-18,UNG,0.0,estimated
2026-09-21,UNG,-27065999.603271484,estimated
2026-09-22,UNG,0.0,estimated
2026-09-23,UNG,0.0,estimated
2026-09-24,UNG,-11956999.87411499,estimated
2026-09-12,URA,,estimated
2026-09-14,URA,18634365.407440186,estimated
2026-09-15,URA,0.0,estimated
2026-09-16,URA,13882635.582141876,estimated
2026-09-17,URA,-2597953.1929244995,estimated
2026-09-18,URA,-35540063.054122925,estimated
2026-09-21,URA,-91838.253364563,estimated
2026-09-22,URA,15518917.374713898,estimated
2026-09-23,URA,-22806047.35710144,estimated
2026-09-24,URA,0.0,estimated
2026-09-12,URNM,,estimated
2026-09-14,URNM,5761800.117492676,estimated
2026-09-15,URNM,0.0,estimated
2026-09-16,URNM,0.0,estimated
2026-09-17,URNM,-7030800.1708984375,estimated
2026-09-18,URNM,0.0,estimated
2026-09-21,URNM,0.0,estimated
2026-09-22,URNM,0.0,estimated
2026-09-23,URNM,7800000.0,estimated
2026-09-24,URNM,0.0,estimated
2026-09-12,URTH,,estimated
2026-09-14,URTH,0.0,estimated
2026-09-15,URTH,0.0,estimated
2026-09-16,URTH,0.0,estimated
2026-09-17,URTH,20471000.67138672,estimated
2026-09-18,URTH,0.0,estimated
2026-09-21,URTH,0.0,estimated
2026-09-22,URTH,0.0,estimated
2026-09-23,URTH,0.0,estimated
2026-09-24,URTH,0.0,estimated
2026-09-12,USHY,,estimated
2026-09-12,USO,,estimated
2026-09-14,USO,-154899993.89648438,estimated
2026-09-15,USO,0.0,estimated
2026-09-16,USO,-16186000.061035156,estimated
2026-09-17,USO,-93701998.9013672,estimated
2026-09-18,USO,62123999.0234375,estimated
2026-09-21,USO,0.0,estimated
2026-09-22,USO,59264001.46484375,estimated
2026-09-23,USO,14816000.366210938,estimated
2026-09-24,USO,44649000.549316406,estimated
2026-09-12,VCIT,,estimated
2026-09-14,VCIT,-318399993.8964844,estimated
2026-09-12,VCSH,,estimated
2026-09-14,VCSH,32020.640502929688,estimated
2026-09-15,VCSH,0.0,estimated
2026-01-02,VEA,299850000.0,
2026-01-05,VEA,299270000.0,
2026-01-06,VEA,343370000.0,
2026-01-07,VEA,134760000.0,
2026-01-08,VEA,74730000.0,
2026-01-09,VEA,264140000.0,
2026-01-12,VEA,504990000.0,
2026-01-13,VEA,234960000.0,
2026-01-14,VEA,225150000.0,
2026-01-15,VEA,210830000.0,
2026-01-16,VEA,308550000.0,
2026-01-19,VEA,,
2026-01-20,VEA,211000000.0,
2026-01-21,VEA,757470000.0,
2026-01-22,VEA,336080000.0,
2026-01-23,VEA,86530000.0,
2026-01-26,VEA,156070000.0,
2026-01-27,VEA,266100000.00000003,
2026-01-28,VEA,99470000.0,
2026-01-29,VEA,317500000.0,
2026-01-30,VEA,317660000.0,
2026-02-02,VEA,247470000.0,
2026-02-03,VEA,280330000.0,
2026-02-04,VEA,240010000.0,
2026-02-05,VEA,273680000.0,
2026-02-06,VEA,354450000.0,
2026-02-09,VEA,234400000.0,
2026-02-10,VEA,207840000.0,
2026-02-11,VEA,70930000.0,
2026-02-12,VEA,528560000.0,
2026-02-13,VEA,197470000.0,
2026-02-16,VEA,,
2026-02-17,VEA,473100000.0,
2026-02-18,VEA,248120000.0,
2026-02-19,VEA,141620000.0,
2026-02-20,VEA,383810000.0,
2026-02-23,VEA,73800000.0,
2026-02-24,VEA,-725170000.0,
2026-02-25,VEA,544500000.0,
2026-02-26,VEA,44260000.0,
2026-02-27,VEA,138610000.0,
2026-03-02,VEA,365350000.0,
2026-03-03,VEA,373810000.0,
2026-03-04,VEA,562770000.0,
2026-03-05,VEA,282770000.0,
2026-03-06,VEA,309110000.0,
2026-03-09,VEA,225620000.0,
2026-03-10,VEA,260890000.0,
2026-03-11,VEA,234540000.0,
2026-03-12,VEA,118890000.0,
2026-03-13,VEA,228770000.0,
2026-03-16,VEA,222850000.0,
2026-03-17,VEA,1056310000.0,
2026-03-18,VEA,2981520000.0,
2026-03-19,VEA,279990000.0,
2026-03-20,VEA,-876370000.0,
2026-03-23,VEA,-1230000000.0,
2026-03-24,VEA,-188470000.0,
2026-03-25,VEA,-822870000.0,
2026-03-26,VEA,164320000.0,
2026-03-27,VEA,212720000.0,
2026-03-30,VEA,,
2026-03-31,VEA,0.0,
2026-04-01,VEA,,
2026-04-02,VEA,,
2026-04-03,VEA,,
2026-04-06,VEA,,
2026-04-07,VEA,,
2026-04-08,VEA,,
2026-04-09,VEA,,
2026-04-10,VEA,,
2026-04-13,VEA,,
2026-04-14,VEA,,
2026-04-15,VEA,,
2026-04-16,VEA,,
2026-04-17,VEA,,
2026-04-20,VEA,,
2026-04-21,VEA,,
2026-04-22,VEA,,
2026-04-23,VEA,,
2026-04-24,VEA,,
2026-04-27,VEA,491767.3578033447,
2026-04-28,VEA,,
2026-04-29,VEA,1558940.8986740112,
2026-04-30,VEA,1133476.6957855225,
2026-05-01,VEA,,
2026-05-04,VEA,2679489.2515411377,
2026-05-05,VEA,,
2026-05-06,VEA,492039.3712463379,
2026-05-07,VEA,525241.8758850098,
2026-05-08,VEA,,
2026-05-11,VEA,4930187.284439087,
2026-05-12,VEA,0.0,
2026-05-13,VEA,444306.18921661377,
2026-05-14,VEA,1603611.1683044434,
2026-05-15,VEA,60104.03549194336,
2026-05-18,VEA,2196872.045310974,
2026-05-19,VEA,5160093.597076416,
2026-05-20,VEA,0.0,
2026-05-21,VEA,908953.2766723632,
2026-05-22,VEA,2088096.6061706543,
2026-05-25,VEA,,
2026-05-26,VEA,0.0,
2026-05-27,VEA,0.0,
2026-05-28,VEA,255494199.87112427,
2026-05-29,VEA,,
2026-06-01,VEA,6184273.878593445,
2026-06-02,VEA,0.0,
2026-06-03,VEA,1481490.5321502686,
2026-06-04,VEA,1522889.7380981443,
2026-06-05,VEA,71149641.46439362,
2026-06-08,VEA,2216843.886833191,
2026-06-09,VEA,0.0,
2026-06-10,VEA,517974.736831665,
2026-06-11,VEA,2452871.879333496,
2026-06-12,VEA,160424308.40686798,
2026-06-15,VEA,13648613.220108032,
2026-06-16,VEA,52711.23243713379,
2026-06-17,VEA,0.0,
2026-06-18,VEA,1293316.347770691,
2026-06-19,VEA,,
2026-06-22,VEA,961537.4112243652,
2026-06-23,VEA,0.0,
2026-06-24,VEA,1262880065.9179688,
2026-06-25,VEA,0.0,
2026-06-26,VEA,6775330.274185181,
2026-06-29,VEA,999076.3711853029,
2026-06-30,VEA,1071589.5692138672,
2026-07-01,VEA,0.0,
2026-07-02,VEA,433679.96740722656,
2026-07-03,VEA,,
2026-07-06,VEA,917776.3206481934,
2026-07-07,VEA,0.0,
2026-07-08,VEA,1246298.9661026,
2026-07-09,VEA,2819844.375,
2026-07-10,VEA,0.0,
2026-07-13,VEA,4148399.214225769,
2026-07-14,VEA,,
2026-07-15,VEA,,
2026-07-16,VEA,247223.5629272461,
2026-07-17,VEA,,
2026-07-20,VEA,174769327.97372437,
2026-07-21,VEA,,
2026-07-22,VEA,1007201.2547683716,
2026-07-23,VEA,331114930.2378464,
2026-07-24,VEA,,
2026-07-27,VEA,245999999.08955383,
2026-07-28,VEA,0.0,
2026-07-29,VEA,612239.25,
2026-07-30,VEA,106366172.94226074,
2026-07-31,VEA,1640276.2159881592,
2026-08-03,VEA,91924.35960388184,
2026-08-04,VEA,0.0,
2026-08-05,VEA,36489218.96827698,
2026-08-06,VEA,2594817.1047821045,
2026-08-07,VEA,,
2026-08-10,VEA,,
2026-08-11,VEA,,
2026-08-12,VEA,,
2026-08-13,VEA,,
2026-08-14,VEA,,
2026-08-17,VEA,,
2026-08-18,VEA,,
2026-08-19,VEA,,
2026-08-20,VEA,,
2026-08-21,VEA,,
2026-08-24,VEA,,
2026-08-25,VEA,,
2026-08-26,VEA,,
2026-08-27,VEA,73613680.12411499,
2026-08-28,VEA,,
2026-08-31,VEA,73014858.70367432,
2026-09-01,VEA,0.0,
2026-09-02,VEA,397051.9938354492,
2026-09-03,VEA,595797.9531097412,
2026-09-04,VEA,401234.06661987305,
2026-09-07,VEA,,
2026-09-08,VEA,0.0,
2026-09-09,VEA,0.0,
2026-09-10,VEA,72499248.61965942,
2026-09-11,VEA,2133039.0363464355,
2026-09-12,VEU,,estimated
2026-09-14,VEU,-221225067.43258667,estimated
2026-09-15,VEU,0.0,estimated
2026-09-16,VEU,-75024234.88687134,estimated
2026-09-17,VEU,388525.5,estimated
2026-09-18,VEU,1156772.909240723,estimated
2026-09-21,VEU,3574280.9460144043,estimated
2026-09-22,VEU,0.0,estimated
2026-09-23,VEU,76580996.70410156,estimated
2026-09-24,VEU,2808124.780822754,estimated
2026-09-12,VGIT,,estimated
2026-09-14,VGIT,44438500.118255615,estimated
2026-09-15,VGIT,0.0,estimated
2026-09-16,VGIT,0.0,estimated
2026-09-17,VGIT,147212745.28503418,estimated
2026-09-21,VGIT,215854501.15203857,estimated
2026-09-23,VGIT,-37200380.371414185,estimated
2026-09-12,VGK,,estimated
2026-09-14,VGK,428405.164024353,estimated
2026-09-15,VGK,0.0,estimated
2026-09-16,VGK,1581263.9837265017,estimated
2026-09-17,VGK,478513.3551712036,estimated
2026-09-18,VGK,137093.58421325684,estimated
2026-09-21,VGK,1327119.436225891,estimated
2026-09-22,VGK,0.0,estimated
2026-09-23,VGK,80315998.07739258,estimated
2026-09-24,VGK,0.0,estimated
2026-09-12,VGLT,,estimated
2026-09-14,VGLT,60982501.79290772,estimated
2026-09-15,VGLT,0.0,estimated
2026-09-16,VGLT,0.0,estimated
2026-09-17,VGLT,25944999.69482422,estimated
2026-09-23,VGLT,-47177998.35205078,estimated
2026-09-12,VNM,,estimated
2026-09-14,VNM,0.0,estimated
2026-09-15,VNM,0.0,estimated
2026-09-16,VNM,0.0,estimated
2026-09-17,VNM,0.0,estimated
2026-09-18,VNM,0.0,estimated
2026-09-21,VNM,0.0,estimated
2026-09-22,VNM,0.0,estimated
2026-09-23,VNM,0.0,estimated
2026-09-24,VNM,0.0,estimated
2026-01-02,VOO,5859690000.0,
2026-01-05,VOO,-734570000.0,
2026-01-06,VOO,3076220000.0,
2026-01-07,VOO,-1136410000.0,
2026-01-08,VOO,3198520000.0,
2026-01-09,VOO,4540360000.0,
2026-01-12,VOO,5664560000.0,
2026-01-13,VOO,-2356750000.0,
2026-01-14,VOO,620260000.0,
2026-01-15,VOO,-1769280000.0,
2026-01-16,VOO,-912730000.0,
2026-01-19,VOO,,
2026-01-20,VOO,1291530000.0,
2026-01-21,VOO,-527200000.00000006,
2026-01-22,VOO,1339590000.0,
2026-01-23,VOO,911060000.0,
2026-01-26,VOO,-2605720000.0,
2026-01-27,VOO,-778310000.0,
2026-01-28,VOO,-158360000.0,
2026-01-29,VOO,975230000.0,
2026-01-30,VOO,-240120000.0,
2026-02-02,VOO,330170000.0,
2026-02-03,VOO,1900550000.0,
2026-02-04,VOO,1802480000.0,
2026-02-05,VOO,1992240000.0,
2026-02-06,VOO,472550000.0,
2026-02-09,VOO,832100000.0,
2026-02-10,VOO,2167580000.0,
2026-02-11,VOO,755030000.0,
2026-02-12,VOO,-500510000.0,
2026-02-13,VOO,-978040000.0,
2026-02-16,VOO,,
2026-02-17,VOO,579220000.0,
2026-02-18,VOO,1416930000.0,
2026-02-19,VOO,1212070000.0,
2026-02-20,VOO,897990000.0,
2026-02-23,VOO,1401330000.0,
2026-02-24,VOO,283790000.0,
2026-02-25,VOO,-622400000.0,
2026-02-26,VOO,1617370000.0,
2026-02-27,VOO,1443580000.0,
2026-03-02,VOO,405120000.0,
2026-03-03,VOO,388160000.0,
2026-03-04,VOO,780000.0,
2026-03-05,VOO,-508780000.0,
2026-03-06,VOO,1190320000.0,
2026-03-09,VOO,617490000.0,
2026-03-10,VOO,-660040000.0,
2026-03-11,VOO,10704700000.0,
2026-03-12,VOO,20690000.0,
2026-03-13,VOO,5653080000.0,
2026-03-16,VOO,7624320000.0,
2026-03-17,VOO,3456180000.0,
2026-03-18,VOO,-2860520000.0,
2026-03-19,VOO,-3806180000.0,
2026-03-20,VOO,105450000.0,
2026-03-23,VOO,-6140150000.0,
2026-03-24,VOO,-10132950000.0,
2026-03-25,VOO,-7054960000.0,
2026-03-26,VOO,-11078650000.0,
2026-03-27,VOO,-1488180000.0,
2026-03-30,VOO,,
2026-03-31,VOO,0.0,
2026-04-01,VOO,,
2026-04-02,VOO,,
2026-04-03,VOO,,
2026-04-06,VOO,,
2026-04-07,VOO,,
2026-04-08,VOO,,
2026-04-09,VOO,,
2026-04-10,VOO,,
2026-04-13,VOO,,
2026-04-14,VOO,,
2026-04-15,VOO,,
2026-04-16,VOO,,
2026-04-17,VOO,,
2026-04-20,VOO,,
2026-04-21,VOO,,
2026-04-22,VOO,,
2026-04-23,VOO,,
2026-04-24,VOO,,
2026-04-27,VOO,712322673.0,
2026-04-28,VOO,,
2026-04-29,VOO,1044865676.7414552,
2026-04-30,VOO,499689760.9812622,
2026-05-01,VOO,,
2026-05-04,VOO,3108367701.3154297,
2026-05-05,VOO,,
2026-05-06,VOO,1502577450.7263184,
2026-05-07,VOO,-235024491.7694092,
2026-05-08,VOO,,
2026-05-11,VOO,1364313139.720337,
2026-05-12,VOO,0.0,
2026-05-13,VOO,374931072.9932861,
2026-05-14,VOO,512126254.1442261,
2026-05-15,VOO,596790776.0332031,
2026-05-18,VOO,2281366485.4033813,
2026-05-19,VOO,0.0,
2026-05-20,VOO,606922151.1767578,
2026-05-21,VOO,2439048420.445801,
2026-05-22,VOO,158268889.2652588,
2026-05-25,VOO,,
2026-05-26,VOO,0.0,
2026-05-27,VOO,0.0,
2026-05-28,VOO,932661598.9632568,
2026-05-29,VOO,,
2026-06-01,VOO,5659796437.054321,
2026-06-02,VOO,0.0,
2026-06-03,VOO,1117902742.4546509,
2026-06-04,VOO,0.0,
2026-06-05,VOO,3966551962.714844,
2026-06-08,VOO,4409259116.213928,
2026-06-09,VOO,0.0,
2026-06-10,VOO,1793878713.6205444,
2026-06-11,VOO,23130538111.09253,
2026-06-12,VOO,12398447744.977783,
2026-06-15,VOO,10934178371.14087,
2026-06-16,VOO,0.0,
2026-06-17,VOO,-3636995093.135742,
2026-06-18,VOO,0.0,
2026-06-19,VOO,,
2026-06-22,VOO,0.0,
2026-06-23,VOO,0.0,
2026-06-24,VOO,-22108455011.91797,
2026-06-25,VOO,-12933951243.00293,
2026-06-26,VOO,-4917417906.800598,
2026-06-29,VOO,-12866584949.25,
2026-06-30,VOO,0.0,
2026-07-01,VOO,2453655558.7768555,
2026-07-02,VOO,-103500000.0,
2026-07-03,VOO,,
2026-07-06,VOO,4259329100.027344,
2026-07-07,VOO,0.0,
2026-07-08,VOO,782749431.227417,
2026-07-09,VOO,1436870446.0579224,
2026-07-10,VOO,699884904.032959,
2026-07-13,VOO,1486956055.8336182,
2026-07-14,VOO,,
2026-07-15,VOO,,
2026-07-16,VOO,469301557.7032471,
2026-07-17,VOO,,
2026-07-20,VOO,444580001.5338135,
2026-07-21,VOO,,
2026-07-22,VOO,386912452.6135254,
2026-07-23,VOO,199934157.10144043,
2026-07-24,VOO,,
2026-07-27,VOO,1423317640.578003,
2026-07-28,VOO,0.0,
2026-07-29,VOO,1464676281.25,
2026-07-30,VOO,467440920.97613525,
2026-07-31,VOO,-174884367.91552734,
2026-08-03,VOO,-593964711.8173828,
2026-08-04,VOO,0.0,
2026-08-05,VOO,3658855839.904541,
2026-08-06,VOO,1698263273.1881104,
2026-08-07,VOO,,
2026-08-10,VOO,,
2026-08-11,VOO,,
2026-08-12,VOO,,
2026-08-13,VOO,,
2026-08-14,VOO,,
2026-08-17,VOO,,
2026-08-18,VOO,,
2026-08-19,VOO,,
2026-08-20,VOO,,
2026-08-21,VOO,,
2026-08-24,VOO,,
2026-08-25,VOO,,
2026-08-26,VOO,,
2026-08-27,VOO,326928656.25,
2026-08-28,VOO,184207020.61645508,
2026-08-31,VOO,2034687779.946167,
2026-09-01,VOO,-165234531.0859375,
2026-09-02,VOO,0.0,
2026-09-03,VOO,698259861.5012207,
2026-09-04,VOO,3313281506.8928223,
2026-09-07,VOO,,
2026-09-08,VOO,12386339758.661438,
2026-09-09,VOO,2994218984.3796387,
2026-09-10,VOO,0.0,
2026-09-11,VOO,6536065635.218506,
2026-09-12,VOO,0.0,estimated
2026-09-14,VOO,13944961638.581057,estimated
2026-09-15,VOO,0.0,estimated
2026-09-16,VOO,2389119645.290344,estimated
2026-09-17,VOO,-258575050.1574707,estimated
2026-09-18,VOO,-36683499.37304688,estimated
2026-09-21,VOO,-9987591617.387209,estimated
2026-09-22,VOO,-4490733720.819336,estimated
2026-09-23,VOO,-10787109610.274658,estimated
2026-09-24,VOO,-18232066257.345703,estimated
2026-09-12,VSOL,,estimated
2026-09-12,VT,,estimated
2026-09-14,VT,350428.5453491211,estimated
2026-09-15,VT,0.0,estimated
2026-09-16,VT,662619.7848815918,estimated
2026-09-17,VT,0.0,estimated
2026-09-18,VT,96009.66073608398,estimated
2026-09-21,VT,64381606.98921204,estimated
2026-09-22,VT,0.0,estimated
2026-09-23,VT,225245999.1455078,estimated
2026-09-24,VT,0.0,estimated
2026-09-12,VTEB,,estimated
2026-01-02,VTI,157210000.0,
2026-01-05,VTI,1410000.0,
2026-01-06,VTI,324120000.0,
2026-01-07,VTI,210000.0,
2026-01-08,VTI,2710000.0,
2026-01-09,VTI,1360000.0,
2026-01-12,VTI,258090000.0,
2026-01-13,VTI,261570000.0,
2026-01-14,VTI,9400000.0,
2026-01-15,VTI,1720000.0,
2026-01-16,VTI,810000.0,
2026-01-19,VTI,,
2026-01-20,VTI,4099999.999999999,
2026-01-21,VTI,1260000.0,
2026-01-22,VTI,519540000.0,
2026-01-23,VTI,540000.0,
2026-01-26,VTI,330760000.0,
2026-01-27,VTI,1700000.0,
2026-01-28,VTI,150000.0,
2026-01-29,VTI,1850000.0,
2026-01-30,VTI,3170000.0,
2026-02-02,VTI,860000.0,
2026-02-03,VTI,599220000.0,
2026-02-04,VTI,1270000.0,
2026-02-05,VTI,-266650000.0,
2026-02-06,VTI,66209999.99999999,
2026-02-09,VTI,605380000.0,
2026-02-10,VTI,25910000.0,
2026-02-11,VTI,260000.0,
2026-02-12,VTI,6290000.0,
2026-02-13,VTI,1390000.0,
2026-02-16,VTI,,
2026-02-17,VTI,207210000.0,
2026-02-18,VTI,1390000.0,
2026-02-19,VTI,345230000.0,
2026-02-20,VTI,110000.0,
2026-02-23,VTI,410000.0,
2026-02-24,VTI,1500000.0,
2026-02-25,VTI,278930000.0,
2026-02-26,VTI,456090000.0,
2026-02-27,VTI,4390000.0,
2026-03-02,VTI,11180000.0,
2026-03-03,VTI,770000.0,
2026-03-04,VTI,720000.0,
2026-03-05,VTI,670160000.0,
2026-03-06,VTI,3280000.0,
2026-03-09,VTI,1430000.0,
2026-03-10,VTI,1248400000.0,
2026-03-11,VTI,190000.0,
2026-03-12,VTI,250000.0,
2026-03-13,VTI,840000.0,
2026-03-16,VTI,3740000.0,
2026-03-17,VTI,325210000.0,
2026-03-18,VTI,360000.0,
2026-03-19,VTI,2040000.0,
2026-03-20,VTI,700000.0,
2026-03-23,VTI,372780000.0,
2026-03-24,VTI,507760000.0,
2026-03-25,VTI,18380000.0,
2026-03-26,VTI,880000.0,
2026-03-27,VTI,1130000.0,
2026-03-30,VTI,,
2026-03-31,VTI,0.0,
2026-04-01,VTI,,
2026-04-02,VTI,,
2026-04-03,VTI,,
2026-04-06,VTI,,
2026-04-07,VTI,,
2026-04-08,VTI,,
2026-04-09,VTI,,
2026-04-10,VTI,,
2026-04-13,VTI,,
2026-04-14,VTI,,
2026-04-15,VTI,,
2026-04-16,VTI,,
2026-04-17,VTI,,
2026-04-20,VTI,,
2026-04-21,VTI,,
2026-04-22,VTI,,
2026-04-23,VTI,,
2026-04-24,VTI,,
2026-04-27,VTI,314872188.3623657,
2026-04-28,VTI,,
2026-04-29,VTI,398654952.3239136,
2026-04-30,VTI,20796824.370422363,
2026-05-01,VTI,,
2026-05-04,VTI,732229165.9655151,
2026-05-05,VTI,,
2026-05-06,VTI,251622460.75,
2026-05-07,VTI,25816912.38546753,
2026-05-08,VTI,,
2026-05-11,VTI,620845812.8150024,
2026-05-12,VTI,0.0,
2026-05-13,VTI,156573650.10681152,
2026-05-14,VTI,362823961.5726013,
2026-05-15,VTI,174375031.35498047,
2026-05-18,VTI,157793487.8937378,
2026-05-19,VTI,0.0,
2026-05-20,VTI,227230598.258667,
2026-05-21,VTI,308673719.9033203,
2026-05-22,VTI,409511234.9659424,
2026-05-25,VTI,,
2026-05-26,VTI,0.0,
2026-05-27,VTI,0.0,
2026-05-28,VTI,108963113.50927734,
2026-05-29,VTI,,
2026-06-01,VTI,659215836.040741,
2026-06-02,VTI,0.0,
2026-06-03,VTI,-57013067.0,
2026-06-04,VTI,966110081.6646118,
2026-06-05,VTI,160618926.69799805,
2026-06-08,VTI,1482077566.2229004,
2026-06-09,VTI,0.0,
2026-06-10,VTI,-533228175.8969727,
2026-06-11,VTI,748539213.5879517,
2026-06-12,VTI,816674271.8173218,
2026-06-15,VTI,-198864835.1533203,
2026-06-16,VTI,0.0,
2026-06-17,VTI,3162655205.5545044,
2026-06-18,VTI,182267713.16711423,
2026-06-19,VTI,,
2026-06-22,VTI,0.0,
2026-06-23,VTI,0.0,
2026-06-24,VTI,-294807235.117218,
2026-06-25,VTI,-386456966.2412109,
2026-06-26,VTI,-321990992.2180786,
2026-06-29,VTI,477049702.57095337,
2026-06-30,VTI,0.0,
2026-07-01,VTI,1184351953.125,
2026-07-02,VTI,-557923507.6904297,
2026-07-03,VTI,,
2026-07-06,VTI,451925038.1173096,
2026-07-07,VTI,0.0,
2026-07-08,VTI,187227724.25170887,
2026-07-09,VTI,248080666.98294067,
2026-07-10,VTI,300325401.1295166,
2026-07-13,VTI,47022337.04742432,
2026-07-14,VTI,,
2026-07-15,VTI,,
2026-07-16,VTI,552261669.9736633,
2026-07-17,VTI,,
2026-07-20,VTI,-298104245.036499,
2026-07-21,VTI,,
2026-07-22,VTI,361155542.50823975,
2026-07-23,VTI,182652103.4450684,
2026-07-24,VTI,,
2026-07-27,VTI,644193463.8580627,
2026-07-28,VTI,0.0,
2026-07-29,VTI,-39603028.92193604,
2026-07-30,VTI,178978695.0541687,
2026-07-31,VTI,364134595.1954956,
2026-08-03,VTI,699382262.7774048,
2026-08-04,VTI,0.0,
2026-08-05,VTI,1659865620.7425537,
2026-08-06,VTI,4719689284.111877,
2026-08-07,VTI,,
2026-08-10,VTI,,
2026-08-11,VTI,,
2026-08-12,VTI,,
2026-08-13,VTI,,
2026-08-14,VTI,,
2026-08-17,VTI,,
2026-08-18,VTI,,
2026-08-19,VTI,,
2026-08-20,VTI,,
2026-08-21,VTI,,
2026-08-24,VTI,,
2026-08-25,VTI,,
2026-08-26,VTI,,
2026-08-27,VTI,420090298.11901855,
2026-08-28,VTI,529961726.576294,
2026-08-31,VTI,1029212707.8971864,
2026-09-01,VTI,82838602.81860352,
2026-09-02,VTI,-183190485.3545227,
2026-09-03,VTI,424403966.0485535,
2026-09-04,VTI,66628752.24243164,
2026-09-07,VTI,,
2026-09-08,VTI,539427461.5166931,
2026-09-09,VTI,0.0,
2026-09-10,VTI,163064847.87841797,
2026-09-11,VTI,714182994.9429321,
2026-09-12,VTI,0.0,estimated
2026-09-14,VTI,491399141.9719238,estimated
2026-09-15,VTI,0.0,estimated
2026-09-16,VTI,175438741.75680542,estimated
2026-09-17,VTI,1237205048.2834473,estimated
2026-09-18,VTI,1191951837.4303894,estimated
2026-09-21,VTI,1505432222.4707031,estimated
2026-09-22,VTI,0.0,estimated
2026-09-23,VTI,-930805133.6073304,estimated
2026-09-24,VTI,-900359142.5724487,estimated
2026-09-12,VTIP,,estimated
2026-09-12,VTV,,estimated
2026-09-14,VTV,6617641.626068115,estimated
2026-09-15,VTV,0.0,estimated
2026-09-16,VTV,-53698314.06414795,estimated
2026-09-17,VTV,533344686.2046204,estimated
2026-09-18,VTV,2398661576.7974854,estimated
2026-09-21,VTV,-1196970465.0,estimated
2026-09-22,VTV,0.0,estimated
2026-09-23,VTV,-642180289.9041748,estimated
2026-09-24,VTV,-661353263.6197357,estimated
2026-09-12,VUG,,estimated
2026-09-14,VUG,97509432.4811554,estimated
2026-09-15,VUG,0.0,estimated
2026-09-16,VUG,60641031.87945557,estimated
2026-09-17,VUG,1002325060.1719972,estimated
2026-09-18,VUG,2997649317.4250183,estimated
2026-09-21,VUG,-790326382.5,estimated
2026-09-22,VUG,0.0,estimated
2026-09-23,VUG,-931754411.8357086,estimated
2026-09-24,VUG,-980547006.1357117,estimated
2026-01-02,VWO,207420000.0,
2026-01-05,VWO,170220000.0,
2026-01-06,VWO,74170000.0,
2026-01-07,VWO,222480000.0,
2026-01-08,VWO,118780000.0,
2026-01-09,VWO,125970000.0,
2026-01-12,VWO,311810000.0,
2026-01-13,VWO,215180000.0,
2026-01-14,VWO,74270000.0,
2026-01-15,VWO,37200000.0,
2026-01-16,VWO,7430000.0,
2026-01-19,VWO,,
2026-01-20,VWO,867550000.0,
2026-01-21,VWO,81310000.0,
2026-01-22,VWO,244560000.0,
2026-01-23,VWO,22250000.0,
2026-01-26,VWO,326520000.0,
2026-01-27,VWO,74310000.0,
2026-01-28,VWO,,
2026-01-29,VWO,51950000.0,
2026-01-30,VWO,14850000.0,
2026-02-02,VWO,222660000.0,
2026-02-03,VWO,,
2026-02-04,VWO,73930000.0,
2026-02-05,VWO,22160000.0,
2026-02-06,VWO,111300000.0,
2026-02-09,VWO,185470000.0,
2026-02-10,VWO,,
2026-02-11,VWO,59570000.0,
2026-02-12,VWO,178370000.0,
2026-02-13,VWO,82130000.0,
2026-02-16,VWO,,
2026-02-17,VWO,179590000.0,
2026-02-18,VWO,97290000.0,
2026-02-19,VWO,194350000.0,
2026-02-20,VWO,142080000.0,
2026-02-23,VWO,261730000.00000003,
2026-02-24,VWO,89930000.0,
2026-02-25,VWO,89900000.0,
2026-02-26,VWO,591630000.0,
2026-02-27,VWO,,
2026-03-02,VWO,-157810000.0,
2026-03-03,VWO,82060000.0,
2026-03-04,VWO,14910000.0,
2026-03-05,VWO,283020000.0,
2026-03-06,VWO,111470000.0,
2026-03-09,VWO,81650000.0,
2026-03-10,VWO,59540000.0,
2026-03-11,VWO,14840000.0,
2026-03-12,VWO,147760000.0,
2026-03-13,VWO,44190000.0,
2026-03-16,VWO,58840000.0,
2026-03-17,VWO,36910000.0,
2026-03-18,VWO,14790000.0,
2026-03-19,VWO,36840000.0,
2026-03-20,VWO,59000000.0,
2026-03-23,VWO,-190270000.0,
2026-03-24,VWO,-168890000.0,
2026-03-25,VWO,-146520000.0,
2026-03-26,VWO,14710000.0,
2026-03-27,VWO,51180000.0,
2026-03-30,VWO,,
2026-03-31,VWO,0.0,
2026-04-01,VWO,,
2026-04-02,VWO,,
2026-04-03,VWO,,
2026-04-06,VWO,,
2026-04-07,VWO,,
2026-04-08,VWO,,
2026-04-09,VWO,,
2026-04-10,VWO,,
2026-04-13,VWO,,
2026-04-14,VWO,,
2026-04-15,VWO,,
2026-04-16,VWO,,
2026-04-17,VWO,,
2026-04-20,VWO,,
2026-04-21,VWO,,
2026-04-22,VWO,,
2026-04-23,VWO,,
2026-04-24,VWO,,
2026-04-27,VWO,1167398.03024292,
2026-04-28,VWO,,
2026-04-29,VWO,849873.7845458984,
2026-04-30,VWO,3826818.234981537,
2026-05-01,VWO,,
2026-05-04,VWO,786273.6360855103,
2026-05-05,VWO,,
2026-05-06,VWO,122571772.33770752,
2026-05-07,VWO,1805104.9531402588,
2026-05-08,VWO,,
2026-05-11,VWO,2174997.497024536,
2026-05-12,VWO,0.0,
2026-05-13,VWO,1745551.351650238,
2026-05-14,VWO,395048.7570762634,
2026-05-15,VWO,98504.54871368408,
2026-05-18,VWO,2519784.267024994,
2026-05-19,VWO,655969.9958496094,
2026-05-20,VWO,1584810.7591362,
2026-05-21,VWO,0.0,
2026-05-22,VWO,2091295.821685791,
2026-05-25,VWO,,
2026-05-26,VWO,0.0,
2026-05-27,VWO,0.0,
2026-05-28,VWO,361498.1317176819,
2026-05-29,VWO,,
2026-06-01,VWO,,
2026-06-02,VWO,0.0,
2026-06-03,VWO,1555575.8654212952,
2026-06-04,VWO,1189557.3029022217,
2026-06-05,VWO,542575.8070220947,
2026-06-08,VWO,1038974.912475586,
2026-06-09,VWO,462776.86140060425,
2026-06-10,VWO,1190560.551876068,
2026-06-11,VWO,27726.39051055908,
2026-06-12,VWO,5069736.297130585,
2026-06-15,VWO,8052227.958049774,
2026-06-16,VWO,0.0,
2026-06-17,VWO,747679.6278381348,
2026-06-18,VWO,5656410.105392456,
2026-06-19,VWO,,
2026-06-22,VWO,159697989.20314407,
2026-06-23,VWO,0.0,
2026-06-24,VWO,659735986.328125,
2026-06-25,VWO,35187.8405456543,
2026-06-26,VWO,3565019.625,
2026-06-29,VWO,2271273.287334442,
2026-06-30,VWO,1287109.2364196775,
2026-07-01,VWO,0.0,
2026-07-02,VWO,532978.1099433899,
2026-07-03,VWO,,
2026-07-06,VWO,126695.47806549072,
2026-07-07,VWO,0.0,
2026-07-08,VWO,661218.9288139343,
2026-07-09,VWO,3688645.294555664,
2026-07-10,VWO,530936.9140663147,
2026-07-13,VWO,4887094.588279724,
2026-07-14,VWO,,
2026-07-15,VWO,,
2026-07-16,VWO,0.0,
2026-07-17,VWO,,
2026-07-20,VWO,139586510.83471298,
2026-07-21,VWO,,
2026-07-22,VWO,141346118.28247833,
2026-07-23,VWO,452114.375,
2026-07-24,VWO,,
2026-07-27,VWO,387121145.8592262,
2026-07-28,VWO,0.0,
2026-07-29,VWO,298832.4792022705,
2026-07-30,VWO,0.0,
2026-07-31,VWO,118741983.41949464,
2026-08-03,VWO,88630.72045898438,
2026-08-04,VWO,0.0,
2026-08-05,VWO,302328007.86096954,
2026-08-06,VWO,120782513.81274033,
2026-08-07,VWO,,
2026-08-10,VWO,,
2026-08-11,VWO,,
2026-08-12,VWO,,
2026-08-13,VWO,,
2026-08-14,VWO,,
2026-08-17,VWO,,
2026-08-18,VWO,,
2026-08-19,VWO,,
2026-08-20,VWO,,
2026-08-21,VWO,,
2026-08-24,VWO,,
2026-08-25,VWO,,
2026-08-26,VWO,,
2026-08-27,VWO,62466795.06145477,
2026-08-28,VWO,942123.4341888428,
2026-08-31,VWO,182664.765460968,
2026-09-01,VWO,0.0,
2026-09-02,VWO,119206.72679901125,
2026-09-03,VWO,122143845.30551147,
2026-09-04,VWO,750983.4186630249,
2026-09-07,VWO,,
2026-09-08,VWO,326138.4960823059,
2026-09-09,VWO,0.0,
2026-09-10,VWO,4143951.322460175,
2026-09-11,VWO,1340008.79322052,
2026-09-12,VWO,0.0,estimated
2026-09-14,VWO,1145322.27104187,estimated
2026-09-15,VWO,0.0,estimated
2026-09-16,VWO,4020801.2028808594,estimated
2026-09-17,VWO,523861.362701416,estimated
2026-09-18,VWO,211422.38946151733,estimated
2026-09-21,VWO,741303.5092658997,estimated
2026-09-22,VWO,0.0,estimated
2026-09-23,VWO,244559997.5585937,estimated
2026-09-24,VWO,0.0,estimated
2026-09-12,VWOB,,estimated
2026-09-12,VXUS,,estimated
2026-09-14,VXUS,315039941.1333771,estimated
2026-09-15,VXUS,0.0,estimated
2026-09-16,VXUS,15265416.8649292,estimated
2026-09-17,VXUS,0.0,estimated
2026-09-18,VXUS,16273504.5,estimated
2026-09-21,VXUS,194557011.53775024,estimated
2026-09-22,VXUS,0.0,estimated
2026-09-23,VXUS,305025005.3405762,estimated
2026-09-24,VXUS,120287997.43652344,estimated
2026-09-12,XAR,,estimated
2026-09-14,XAR,-9838400.268554688,estimated
2026-09-15,XAR,0.0,estimated
2026-09-16,XAR,0.0,estimated
2026-09-17,XAR,339205990.60058594,estimated
2026-09-18,XAR,395764812.0117188,estimated
2026-09-21,XAR,0.0,estimated
2026-09-22,XAR,-370196004.6386719,estimated
2026-09-23,XAR,-12177500.15258789,estimated
2026-09-24,XAR,-7181099.853515625,estimated
2026-01-02,XLB,-18160000.0,
2026-01-05,XLB,-4040000.0,
2026-01-06,XLB,20210000.0,
2026-01-07,XLB,28490000.0,
2026-01-08,XLB,14040000.0,
2026-01-09,XLB,-10110000.0,
2026-01-12,XLB,,
2026-01-13,XLB,8119999.999999999,
2026-01-14,XLB,-4090000.0,
2026-01-15,XLB,-16559999.999999998,
2026-01-16,XLB,-525480000.0,
2026-01-19,XLB,,
2026-01-20,XLB,27440000.0,
2026-01-21,XLB,20700000.0,
2026-01-22,XLB,,
2026-01-23,XLB,12340000.0,
2026-01-26,XLB,-10310000.0,
2026-01-27,XLB,,
2026-01-28,XLB,,
2026-01-29,XLB,,
2026-01-30,XLB,76570000.0,
2026-02-02,XLB,18640000.0,
2026-02-03,XLB,,
2026-02-04,XLB,2040000.0,
2026-02-05,XLB,2070000.0,
2026-02-06,XLB,-82490000.0,
2026-02-09,XLB,-2100000.0,
2026-02-10,XLB,,
2026-02-11,XLB,19280000.0,
2026-02-12,XLB,-23540000.0,
2026-02-13,XLB,25720000.0,
2026-02-16,XLB,,
2026-02-17,XLB,60900000.0,
2026-02-18,XLB,30750000.0,
2026-02-19,XLB,21670000.0,
2026-02-20,XLB,19440000.0,
2026-02-23,XLB,8710000.0,
2026-02-24,XLB,8720000.0,
2026-02-25,XLB,-19670000.0,
2026-02-26,XLB,-17370000.0,
2026-02-27,XLB,13090000.0,
2026-03-02,XLB,19720000.0,
2026-03-03,XLB,13180000.0,
2026-03-04,XLB,-2180000.0,
2026-03-05,XLB,,
2026-03-06,XLB,34680000.0,
2026-03-09,XLB,49340000.0,
2026-03-10,XLB,4300000.0,
2026-03-11,XLB,,
2026-03-12,XLB,,
2026-03-13,XLB,-37930000.0,
2026-03-16,XLB,6340000.0,
2026-03-17,XLB,14900000.0,
2026-03-18,XLB,4270000.0,
2026-03-19,XLB,205810000.0,
2026-03-20,XLB,-199130000.0,
2026-03-23,XLB,-40600000.0,
2026-03-24,XLB,10150000.0,
2026-03-25,XLB,-40290000.0,
2026-03-26,XLB,-16110000.0,
2026-03-27,XLB,139020000.0,
2026-03-30,XLB,-161997000.50354004,
2026-03-31,XLB,-42270499.61090088,
2026-04-01,XLB,,
2026-04-02,XLB,,
2026-04-03,XLB,,
2026-04-06,XLB,,
2026-04-07,XLB,,
2026-04-08,XLB,,
2026-04-09,XLB,,
2026-04-10,XLB,,
2026-04-13,XLB,,
2026-04-14,XLB,,
2026-04-15,XLB,,
2026-04-16,XLB,,
2026-04-17,XLB,,
2026-09-12,XLB,944287727.355957,estimated
2026-09-14,XLB,-119732501.79290771,estimated
2026-09-15,XLB,10098000.33569336,estimated
2026-09-16,XLB,-25364999.771118164,estimated
2026-09-17,XLB,35252000.427246094,estimated
2026-09-18,XLB,25354999.542236328,estimated
2026-09-21,XLB,-97480503.27301024,estimated
2026-09-22,XLB,-39767999.267578125,estimated
2026-09-23,XLB,91963498.3062744,estimated
2026-09-24,XLB,-37709999.084472656,estimated
2026-01-02,XLC,-104580000.0,
2026-01-05,XLC,56150000.0,
2026-01-06,XLC,19210000.0,
2026-01-07,XLC,6440000.0,
2026-01-08,XLC,-150680000.0,
2026-01-09,XLC,73480000.0,
2026-01-12,XLC,-42510000.0,
2026-01-13,XLC,25550000.0,
2026-01-14,XLC,105000000.0,
2026-01-15,XLC,75550000.0,
2026-01-16,XLC,91610000.0,
2026-01-19,XLC,,
2026-01-20,XLC,-84630000.0,
2026-01-21,XLC,-8590000.0,
2026-01-22,XLC,-62400000.0,
2026-01-23,XLC,61940000.0,
2026-01-26,XLC,,
2026-01-27,XLC,23580000.0,
2026-01-28,XLC,6510000.0,
2026-01-29,XLC,-60640000.0,
2026-01-30,XLC,108370000.0,
2026-02-02,XLC,-190370000.0,
2026-02-03,XLC,-2130000.0,
2026-02-04,XLC,,
2026-02-05,XLC,-15080000.0,
2026-02-06,XLC,53910000.0,
2026-02-09,XLC,-149580000.0,
2026-02-10,XLC,-95700000.0,
2026-02-11,XLC,66319999.99999999,
2026-02-12,XLC,57970000.0,
2026-02-13,XLC,56580000.0,
2026-02-16,XLC,,
2026-02-17,XLC,123270000.0,
2026-02-18,XLC,-48700000.0,
2026-02-19,XLC,52450000.0,
2026-02-20,XLC,-23060000.0,
2026-02-23,XLC,-9270000.0,
2026-02-24,XLC,179680000.0,
2026-02-25,XLC,-191080000.0,
2026-02-26,XLC,,
2026-02-27,XLC,23580000.0,
2026-03-02,XLC,291180000.0,
2026-03-03,XLC,23690000.0,
2026-03-04,XLC,270680000.0,
2026-03-05,XLC,82720000.0,
2026-03-06,XLC,-16420000.000000002,
2026-03-09,XLC,-51410000.0,
2026-03-10,XLC,119420000.0,
2026-03-11,XLC,116390000.0,
2026-03-12,XLC,78510000.0,
2026-03-13,XLC,30240000.0,
2026-03-16,XLC,166720000.0,
2026-03-17,XLC,2360000.0,
2026-03-18,XLC,61250000.0,
2026-03-19,XLC,46740000.0,
2026-03-20,XLC,-60500000.0,
2026-03-23,XLC,-263300000.0,
2026-03-24,XLC,105220000.0,
2026-03-25,XLC,-63140000.0,
2026-03-26,XLC,22620000.0,
2026-03-27,XLC,-40810000.0,
2026-03-30,XLC,188929998.39782715,
2026-03-31,XLC,0.0,
2026-04-01,XLC,,
2026-04-02,XLC,,
2026-04-03,XLC,,
2026-04-06,XLC,,
2026-04-07,XLC,,
2026-04-08,XLC,,
2026-04-09,XLC,,
2026-04-10,XLC,,
2026-04-13,XLC,,
2026-04-14,XLC,,
2026-04-15,XLC,,
2026-04-16,XLC,,
2026-04-17,XLC,,
2026-09-12,XLC,-1740287990.5700684,estimated
2026-09-14,XLC,-180159997.5585937,estimated
2026-09-15,XLC,80548999.78637695,estimated
2026-09-16,XLC,-91223999.0234375,estimated
2026-09-17,XLC,-39550000.0,estimated
2026-09-18,XLC,67409999.08447266,estimated
2026-09-21,XLC,116350497.43652344,estimated
2026-09-22,XLC,86062500.0,estimated
2026-09-23,XLC,195075000.0,estimated
2026-09-24,XLC,-5627999.8779296875,estimated
2026-01-02,XLE,30120000.0,
2026-01-05,XLE,186800000.0,
2026-01-06,XLE,735230000.0,
2026-01-07,XLE,-47950000.0,
2026-01-08,XLE,-52820000.0,
2026-01-09,XLE,-136990000.0,
2026-01-12,XLE,8359999.999999999,
2026-01-13,XLE,439470000.0,
2026-01-14,XLE,59680000.0,
2026-01-15,XLE,365370000.0,
2026-01-16,XLE,95130000.0,
2026-01-19,XLE,,
2026-01-20,XLE,1249050000.0,
2026-01-21,XLE,226160000.0,
2026-01-22,XLE,136270000.0,
2026-01-23,XLE,212520000.0,
2026-01-26,XLE,151220000.0,
2026-01-27,XLE,504660000.0,
2026-01-28,XLE,254430000.0,
2026-01-29,XLE,-651790000.0,
2026-01-30,XLE,-227720000.0,
2026-02-02,XLE,-446220000.0,
2026-02-03,XLE,229480000.0,
2026-02-04,XLE,-61550000.0,
2026-02-05,XLE,-463960000.0,
2026-02-06,XLE,-413000000.0,
2026-02-09,XLE,312010000.0,
2026-02-10,XLE,89000000.0,
2026-02-11,XLE,-157940000.0,
2026-02-12,XLE,-7910000.0,
2026-02-13,XLE,-131820000.0,
2026-02-16,XLE,,
2026-02-17,XLE,-165330000.0,
2026-02-18,XLE,-490500000.0,
2026-02-19,XLE,-73620000.0,
2026-02-20,XLE,-239850000.0,
2026-02-23,XLE,-13120000.0,
2026-02-24,XLE,-760960000.0,
2026-02-25,XLE,-89190000.0,
2026-02-26,XLE,12960000.0,
2026-02-27,XLE,-724420000.0,
2026-03-02,XLE,-370460000.0,
2026-03-03,XLE,138560000.0,
2026-03-04,XLE,-371400000.0,
2026-03-05,XLE,82440000.0,
2026-03-06,XLE,-205080000.0,
2026-03-09,XLE,-738570000.0,
2026-03-10,XLE,-400080000.0,
2026-03-11,XLE,590800000.0,
2026-03-12,XLE,-436960000.0,
2026-03-13,XLE,-446980000.0,
2026-03-16,XLE,711150000.0,
2026-03-17,XLE,660690000.0,
2026-03-18,XLE,706230000.0,
2026-03-19,XLE,17140000.0,
2026-03-20,XLE,-161650000.0,
2026-03-23,XLE,-360740000.0,
2026-03-24,XLE,1098270000.0,
2026-03-25,XLE,583890000.0,
2026-03-26,XLE,-115920000.0,
2026-03-27,XLE,-230510000.0,
2026-03-30,XLE,501875992.5842285,
2026-03-31,XLE,382001138.30566406,
2026-04-01,XLE,,
2026-04-02,XLE,,
2026-04-03,XLE,,
2026-04-06,XLE,,
2026-04-07,XLE,,
2026-04-08,XLE,,
2026-04-09,XLE,,
2026-04-10,XLE,,
2026-04-13,XLE,,
2026-04-14,XLE,,
2026-04-15,XLE,,
2026-04-16,XLE,,
2026-04-17,XLE,,
2026-09-12,XLE,-2729370025.6347656,estimated
2026-09-14,XLE,-68396999.35913086,estimated
2026-09-15,XLE,-45170999.14550781,estimated
2026-09-16,XLE,-164825000.76293945,estimated
2026-09-17,XLE,60828498.84033203,estimated
2026-09-18,XLE,-309504016.11328125,estimated
2026-09-21,XLE,-421230484.00878906,estimated
2026-09-22,XLE,-56213999.17602539,estimated
2026-09-23,XLE,65582999.03869629,estimated
2026-09-24,XLE,159043497.27630615,estimated
2026-01-02,XLF,-11180000.0,
2026-01-05,XLF,47940000.0,
2026-01-06,XLF,344570000.0,
2026-01-07,XLF,136860000.0,
2026-01-08,XLF,-51900000.0,
2026-01-09,XLF,-23270000.0,
2026-01-12,XLF,14000000.0,
2026-01-13,XLF,50970000.0,
2026-01-14,XLF,244520000.0,
2026-01-15,XLF,165770000.0,
2026-01-16,XLF,154720000.0,
2026-01-19,XLF,,
2026-01-20,XLF,78710000.0,
2026-01-21,XLF,-45220000.0,
2026-01-22,XLF,48760000.0,
2026-01-23,XLF,141850000.0,
2026-01-26,XLF,78700000.0,
2026-01-27,XLF,305110000.0,
2026-01-28,XLF,141540000.0,
2026-01-29,XLF,82560000.0,
2026-01-30,XLF,752680000.0,
2026-02-02,XLF,-56110000.0,
2026-02-03,XLF,240180000.0,
2026-02-04,XLF,325460000.0,
2026-02-05,XLF,303690000.0,
2026-02-06,XLF,107110000.0,
2026-02-09,XLF,-21300000.0,
2026-02-10,XLF,136790000.0,
2026-02-11,XLF,,
2026-02-12,XLF,151210000.0,
2026-02-13,XLF,134910000.0,
2026-02-16,XLF,,
2026-02-17,XLF,46200000.0,
2026-02-18,XLF,83290000.0,
2026-02-19,XLF,178060000.0,
2026-02-20,XLF,405510000.0,
2026-02-23,XLF,27440000.0,
2026-02-24,XLF,-33070000.0,
2026-02-25,XLF,-294840000.0,
2026-02-26,XLF,60350000.0,
2026-02-27,XLF,-170630000.0,
2026-03-02,XLF,413670000.0,
2026-03-03,XLF,322300000.0,
2026-03-04,XLF,90450000.0,
2026-03-05,XLF,-126420000.0,
2026-03-06,XLF,248620000.0,
2026-03-09,XLF,11310000.0,
2026-03-10,XLF,-39430000.0,
2026-03-11,XLF,230810000.0,
2026-03-12,XLF,5700000.0,
2026-03-13,XLF,86270000.0,
2026-03-16,XLF,28840000.0,
2026-03-17,XLF,-5790000.0,
2026-03-18,XLF,207670000.0,
2026-03-19,XLF,-143180000.0,
2026-03-20,XLF,204870000.0,
2026-03-23,XLF,-519060000.0,
2026-03-24,XLF,-125200000.0,
2026-03-25,XLF,48660000.0,
2026-03-26,XLF,-106000000.0,
2026-03-27,XLF,498440000.0,
2026-03-30,XLF,-227292002.8686523,
2026-03-31,XLF,-339721504.2114258,
2026-04-01,XLF,,
2026-04-02,XLF,,
2026-04-03,XLF,,
2026-04-06,XLF,,
2026-04-07,XLF,,
2026-04-08,XLF,,
2026-04-09,XLF,,
2026-04-10,XLF,,
2026-04-13,XLF,,
2026-04-14,XLF,,
2026-04-15,XLF,,
2026-04-16,XLF,,
2026-04-17,XLF,,
2026-09-12,XLF,-1273478763.5803225,estimated
2026-09-14,XLF,111637500.0,estimated
2026-09-15,XLF,325070993.0419922,estimated
2026-09-16,XLF,335414990.99731445,estimated
2026-09-17,XLF,55930000.30517578,estimated
2026-09-18,XLF,-623062011.9094849,estimated
2026-09-21,XLF,-790419008.6364746,estimated
2026-09-22,XLF,-1282905035.018921,estimated
2026-09-23,XLF,1056510028.8391112,estimated
2026-09-24,XLF,275427004.6234131,estimated
2026-01-02,XLI,-15480000.0,
2026-01-05,XLI,178820000.0,
2026-01-06,XLI,54250000.0,
2026-01-07,XLI,616380000.0,
2026-01-08,XLI,239470000.0,
2026-01-09,XLI,23730000.0,
2026-01-12,XLI,86500000.0,
2026-01-13,XLI,62950000.0,
2026-01-14,XLI,-78380000.0,
2026-01-15,XLI,39460000.0,
2026-01-16,XLI,235450000.0,
2026-01-19,XLI,,
2026-01-20,XLI,-70080000.0,
2026-01-21,XLI,163190000.0,
2026-01-22,XLI,15820000.0,
2026-01-23,XLI,-102890000.0,
2026-01-26,XLI,-110230000.0,
2026-01-27,XLI,-15810000.0,
2026-01-28,XLI,-7770000.0,
2026-01-29,XLI,-54000000.0,
2026-01-30,XLI,38470000.0,
2026-02-02,XLI,-15470000.0,
2026-02-03,XLI,101200000.0,
2026-02-04,XLI,184950000.0,
2026-02-05,XLI,70210000.0,
2026-02-06,XLI,139430000.0,
2026-02-09,XLI,-63080000.0,
2026-02-10,XLI,-78170000.0,
2026-02-11,XLI,-38840000.0,
2026-02-12,XLI,-281320000.0,
2026-02-13,XLI,-101420000.0,
2026-02-16,XLI,,
2026-02-17,XLI,212870000.0,
2026-02-18,XLI,47210000.0,
2026-02-19,XLI,-78850000.0,
2026-02-20,XLI,-55040000.0,
2026-02-23,XLI,-62710000.0,
2026-02-24,XLI,126860000.0,
2026-02-25,XLI,78910000.0,
2026-02-26,XLI,157780000.0,
2026-02-27,XLI,330580000.0,
2026-03-02,XLI,-184240000.0,
2026-03-03,XLI,-95160000.0,
2026-03-04,XLI,-337100000.0,
2026-03-05,XLI,78550000.0,
2026-03-06,XLI,-277190000.0,
2026-03-09,XLI,-114600000.0,
2026-03-10,XLI,-54000000.0,
2026-03-11,XLI,-84260000.0,
2026-03-12,XLI,-22930000.0,
2026-03-13,XLI,-120160000.0,
2026-03-16,XLI,-44940000.0,
2026-03-17,XLI,188740000.0,
2026-03-18,XLI,7480000.0,
2026-03-19,XLI,169270000.0,
2026-03-20,XLI,-14660000.0,
2026-03-23,XLI,217970000.0,
2026-03-24,XLI,188190000.0,
2026-03-25,XLI,-246190000.0,
2026-03-26,XLI,131610000.0,
2026-03-27,XLI,-262340000.0,
2026-03-30,XLI,180101500.7019043,
2026-03-31,XLI,144720002.74658203,
2026-04-01,XLI,,
2026-04-02,XLI,,
2026-04-03,XLI,,
2026-04-06,XLI,,
2026-04-07,XLI,,
2026-04-08,XLI,,
2026-04-09,XLI,,
2026-04-10,XLI,,
2026-04-13,XLI,,
2026-04-14,XLI,,
2026-04-15,XLI,,
2026-04-16,XLI,,
2026-04-17,XLI,,
2026-09-12,XLI,879494984.4360352,estimated
2026-09-14,XLI,34473999.0234375,estimated
2026-09-15,XLI,-33985998.53515625,estimated
2026-09-16,XLI,-211062507.62939453,estimated
2026-09-17,XLI,109661504.36401369,estimated
2026-09-18,XLI,16900999.450683594,estimated
2026-09-21,XLI,-93362500.0,estimated
2026-09-22,XLI,-203975994.87304688,estimated
2026-09-23,XLI,-8498999.786376953,estimated
2026-09-24,XLI,-59535002.13623047,estimated
2026-01-02,XLK,-201530000.0,
2026-01-05,XLK,339120000.0,
2026-01-06,XLK,-216960000.0,
2026-01-07,XLK,-58670000.0,
2026-01-08,XLK,197780000.0,
2026-01-09,XLK,-21640000.0,
2026-01-12,XLK,95010000.0,
2026-01-13,XLK,-396340000.0,
2026-01-14,XLK,329630000.0,
2026-01-15,XLK,115740000.0,
2026-01-16,XLK,-36360000.0,
2026-01-19,XLK,,
2026-01-20,XLK,,
2026-01-21,XLK,-248210000.0,
2026-01-22,XLK,-35960000.0,
2026-01-23,XLK,-224600000.0,
2026-01-26,XLK,-188610000.0,
2026-01-27,XLK,-80370000.0,
2026-01-28,XLK,429390000.0,
2026-01-29,XLK,-89510000.0,
2026-01-30,XLK,-506840000.0,
2026-02-02,XLK,21580000.0,
2026-02-03,XLK,-450340000.0,
2026-02-04,XLK,-255680000.0,
2026-02-05,XLK,75950000.0,
2026-02-06,XLK,216960000.0,
2026-02-09,XLK,-176400000.0,
2026-02-10,XLK,-250930000.0,
2026-02-11,XLK,-363420000.0,
2026-02-12,XLK,-135810000.0,
2026-02-13,XLK,299230000.0,
2026-02-16,XLK,,
2026-02-17,XLK,293160000.0,
2026-02-18,XLK,-209170000.0,
2026-02-19,XLK,21140000.0,
2026-02-20,XLK,7010000.0,
2026-02-23,XLK,35220000.0,
2026-02-24,XLK,734150000.0,
2026-02-25,XLK,-694570000.0,
2026-02-26,XLK,107240000.0,
2026-02-27,XLK,-28200000.0,
2026-03-02,XLK,-444080000.0,
2026-03-03,XLK,314010000.0,
2026-03-04,XLK,-144390000.0,
2026-03-05,XLK,265780000.0,
2026-03-06,XLK,35050000.0,
2026-03-09,XLK,116710000.0,
2026-03-10,XLK,-656950000.0,
2026-03-11,XLK,894510000.0,
2026-03-12,XLK,-189620000.0,
2026-03-13,XLK,806180000.0,
2026-03-16,XLK,-540320000.0,
2026-03-17,XLK,152680000.0,
2026-03-18,XLK,55810000.0,
2026-03-19,XLK,-434640000.0,
2026-03-20,XLK,-89990000.0,
2026-03-23,XLK,-378700000.0,
2026-03-24,XLK,184940000.0,
2026-03-25,XLK,-34040000.0,
2026-03-26,XLK,184630000.0,
2026-03-27,XLK,-26500000.0,
2026-03-30,XLK,-25500000.0,
2026-03-31,XLK,19777500.915527344,
2026-04-01,XLK,,
2026-04-02,XLK,,
2026-04-03,XLK,,
2026-04-06,XLK,,
2026-04-07,XLK,,
2026-04-08,XLK,,
2026-04-09,XLK,,
2026-04-10,XLK,,
2026-04-13,XLK,,
2026-04-14,XLK,,
2026-04-15,XLK,,
2026-04-16,XLK,,
2026-04-17,XLK,,
2026-09-12,XLK,2087521527.099609,estimated
2026-09-14,XLK,-168902998.35205078,estimated
2026-09-15,XLK,-110567999.26757812,estimated
2026-09-16,XLK,73496002.19726562,estimated
2026-09-17,XLK,27589498.901367188,estimated
2026-09-18,XLK,-103432998.65722656,estimated
2026-09-21,XLK,189600006.1035156,estimated
2026-09-22,XLK,-38970001.220703125,estimated
2026-09-23,XLK,282532508.85009766,estimated
2026-09-24,XLK,156271997.0703125,estimated
2026-01-02,XLP,29850000.0,
2026-01-05,XLP,-260430000.0,
2026-01-06,XLP,78210000.0,
2026-01-07,XLP,-308810000.0,
2026-01-08,XLP,-30230000.0,
2026-01-09,XLP,-36880000.0,
2026-01-12,XLP,-99540000.0,
2026-01-13,XLP,-49810000.0,
2026-01-14,XLP,-74530000.0,
2026-01-15,XLP,73360000.0,
2026-01-16,XLP,-165660000.0,
2026-01-19,XLP,,
2026-01-20,XLP,12230000.0,
2026-01-21,XLP,11910000.0,
2026-01-22,XLP,-18210000.0,
2026-01-23,XLP,-85850000.0,
2026-01-26,XLP,6160000.0,
2026-01-27,XLP,-30580000.0,
2026-01-28,XLP,12270000.0,
2026-01-29,XLP,-18270000.0,
2026-01-30,XLP,121230000.0,
2026-02-02,XLP,54520000.0,
2026-02-03,XLP,-60990000.0,
2026-02-04,XLP,-66540000.00000001,
2026-02-05,XLP,-66080000.0,
2026-02-06,XLP,-70550000.0,
2026-02-09,XLP,-395310000.0,
2026-02-10,XLP,47030000.0,
2026-02-11,XLP,71000000.0,
2026-02-12,XLP,-23560000.0,
2026-02-13,XLP,-104540000.0,
2026-02-16,XLP,,
2026-02-17,XLP,,
2026-02-18,XLP,-11600000.0,
2026-02-19,XLP,11700000.0,
2026-02-20,XLP,-17430000.0,
2026-02-23,XLP,-5870000.0,
2026-02-24,XLP,195450000.0,
2026-02-25,XLP,134230000.0,
2026-02-26,XLP,-40980000.0,
2026-02-27,XLP,46820000.0,
2026-03-02,XLP,17530000.0,
2026-03-03,XLP,155860000.0,
2026-03-04,XLP,-74320000.0,
2026-03-05,XLP,215270000.0,
2026-03-06,XLP,75750000.0,
2026-03-09,XLP,,
2026-03-10,XLP,-97420000.0,
2026-03-11,XLP,,
2026-03-12,XLP,,
2026-03-13,XLP,5580000.0,
2026-03-16,XLP,-27720000.0,
2026-03-17,XLP,5610000.0,
2026-03-18,XLP,28290000.0,
2026-03-19,XLP,55290000.0,
2026-03-20,XLP,-5490000.0,
2026-03-23,XLP,107720000.0,
2026-03-24,XLP,88100000.0,
2026-03-25,XLP,60320000.0,
2026-03-26,XLP,-143960000.0,
2026-03-27,XLP,-130560000.0,
2026-03-30,XLP,-85973997.11608887,
2026-03-31,XLP,-44869001.00708008,
2026-04-01,XLP,,
2026-04-02,XLP,,
2026-04-03,XLP,,
2026-04-06,XLP,,
2026-04-07,XLP,,
2026-04-08,XLP,,
2026-04-09,XLP,,
2026-04-10,XLP,,
2026-04-13,XLP,,
2026-04-14,XLP,,
2026-04-15,XLP,,
2026-04-16,XLP,,
2026-04-17,XLP,,
2026-09-12,XLP,-413003237.9150391,estimated
2026-09-14,XLP,66703997.802734375,estimated
2026-09-15,XLP,-194165995.78857425,estimated
2026-09-16,XLP,25119001.00708008,estimated
2026-09-17,XLP,-99996002.19726562,estimated
2026-09-18,XLP,-96013497.54333496,estimated
2026-09-21,XLP,-41400001.525878906,estimated
2026-09-22,XLP,-131071997.0703125,estimated
2026-09-23,XLP,81919998.16894531,estimated
2026-09-24,XLP,164860000.61035156,estimated
2026-01-02,XLRE,-29460000.0,
2026-01-05,XLRE,83000000.0,
2026-01-06,XLRE,23290000.0,
2026-01-07,XLRE,142450000.0,
2026-01-08,XLRE,9330000.0,
2026-01-09,XLRE,47480000.0,
2026-01-12,XLRE,21720000.0,
2026-01-13,XLRE,-36390000.0,
2026-01-14,XLRE,-85270000.0,
2026-01-15,XLRE,-70670000.0,
2026-01-16,XLRE,-24470000.0,
2026-01-19,XLRE,,
2026-01-20,XLRE,,
2026-01-21,XLRE,-65069999.99999999,
2026-01-22,XLRE,-29540000.0,
2026-01-23,XLRE,123780000.0,
2026-01-26,XLRE,39970000.0,
2026-01-27,XLRE,10000000.0,
2026-01-28,XLRE,54980000.0,
2026-01-29,XLRE,-7500000.0,
2026-01-30,XLRE,85040000.0,
2026-02-02,XLRE,-14790000.0,
2026-02-03,XLRE,99290000.0,
2026-02-04,XLRE,139460000.0,
2026-02-05,XLRE,28540000.0,
2026-02-06,XLRE,-5050000.0,
2026-02-09,XLRE,-77300000.0,
2026-02-10,XLRE,39140000.0,
2026-02-11,XLRE,-23810000.0,
2026-02-12,XLRE,160830000.0,
2026-02-13,XLRE,-31710000.0,
2026-02-16,XLRE,,
2026-02-17,XLRE,55980000.0,
2026-02-18,XLRE,126470000.0,
2026-02-19,XLRE,18560000.0,
2026-02-20,XLRE,66040000.00000001,
2026-02-23,XLRE,74150000.0,
2026-02-24,XLRE,111240000.0,
2026-02-25,XLRE,34680000.0,
2026-02-26,XLRE,-21220000.0,
2026-02-27,XLRE,-185500000.0,
2026-03-02,XLRE,29380000.0,
2026-03-03,XLRE,2660000.0,
2026-03-04,XLRE,20780000.0,
2026-03-05,XLRE,38950000.0,
2026-03-06,XLRE,-61010000.0,
2026-03-09,XLRE,2490000.0,
2026-03-10,XLRE,-67500000.0,
2026-03-11,XLRE,-49880000.0,
2026-03-12,XLRE,-72280000.0,
2026-03-13,XLRE,-101860000.0,
2026-03-16,XLRE,-56570000.0,
2026-03-17,XLRE,-24690000.0,
2026-03-18,XLRE,-14860000.0,
2026-03-19,XLRE,116380000.0,
2026-03-20,XLRE,76400000.0,
2026-03-23,XLRE,-75190000.0,
2026-03-24,XLRE,11890000.0,
2026-03-25,XLRE,9690000.0,
2026-03-26,XLRE,-34590000.0,
2026-03-27,XLRE,-162040000.0,
2026-03-30,XLRE,138724496.84143066,
2026-03-31,XLRE,-16320039.36767578,
2026-04-01,XLRE,,
2026-04-02,XLRE,,
2026-04-03,XLRE,,
2026-04-06,XLRE,,
2026-04-07,XLRE,,
2026-04-08,XLRE,,
2026-04-09,XLRE,,
2026-04-10,XLRE,,
2026-04-13,XLRE,,
2026-04-14,XLRE,,
2026-04-15,XLRE,,
2026-04-16,XLRE,,
2026-04-17,XLRE,,
2026-09-12,XLRE,280091245.0790405,estimated
2026-09-14,XLRE,0.0,estimated
2026-09-15,XLRE,-32339999.19891357,estimated
2026-09-16,XLRE,-32302499.771118164,estimated
2026-09-17,XLRE,-12843000.411987305,estimated
2026-09-18,XLRE,352107988.7390137,estimated
2026-09-21,XLRE,-404034988.4033203,estimated
2026-09-22,XLRE,6388500.022888184,estimated
2026-09-23,XLRE,38331000.1373291,estimated
2026-09-24,XLRE,12552000.045776367,estimated
2026-01-02,XLU,-5880000.0,
2026-01-05,XLU,-105210000.0,
2026-01-06,XLU,-5890000.0,
2026-01-07,XLU,-23470000.0,
2026-01-08,XLU,11710000.0,
2026-01-09,XLU,-105720000.0,
2026-01-12,XLU,76640000.0,
2026-01-13,XLU,-11750000.0,
2026-01-14,XLU,29220000.0,
2026-01-15,XLU,-34990000.0,
2026-01-16,XLU,162690000.0,
2026-01-19,XLU,,
2026-01-20,XLU,23030000.0,
2026-01-21,XLU,5670000.0,
2026-01-22,XLU,-91680000.0,
2026-01-23,XLU,29060000.0,
2026-01-26,XLU,99420000.0,
2026-01-27,XLU,111850000.0,
2026-01-28,XLU,,
2026-01-29,XLU,-64180000.00000001,
2026-01-30,XLU,149780000.0,
2026-02-02,XLU,-42030000.0,
2026-02-03,XLU,-71780000.0,
2026-02-04,XLU,-88300000.0,
2026-02-05,XLU,-40870000.0,
2026-02-06,XLU,-168570000.0,
2026-02-09,XLU,-5790000.0,
2026-02-10,XLU,-111080000.0,
2026-02-11,XLU,-47010000.0,
2026-02-12,XLU,145950000.0,
2026-02-13,XLU,,
2026-02-16,XLU,,
2026-02-17,XLU,-5730000.0,
2026-02-18,XLU,-17150000.0,
2026-02-19,XLU,51580000.0,
2026-02-20,XLU,5750000.0,
2026-02-23,XLU,-11680000.0,
2026-02-24,XLU,46140000.0,
2026-02-25,XLU,-11610000.0,
2026-02-26,XLU,-11650000.0,
2026-02-27,XLU,58350000.0,
2026-03-02,XLU,11810000.0,
2026-03-03,XLU,-123800000.0,
2026-03-04,XLU,-241900000.0,
2026-03-05,XLU,-53470000.0,
2026-03-06,XLU,-130340000.0,
2026-03-09,XLU,-52880000.0,
2026-03-10,XLU,-129330000.0,
2026-03-11,XLU,-252370000.0,
2026-03-12,XLU,-64370000.00000001,
2026-03-13,XLU,-178740000.0,
2026-03-16,XLU,-234670000.0,
2026-03-17,XLU,-34600000.0,
2026-03-18,XLU,57690000.0,
2026-03-19,XLU,-68200000.0,
2026-03-20,XLU,-56580000.0,
2026-03-23,XLU,-196430000.0,
2026-03-24,XLU,67610000.0,
2026-03-25,XLU,-11110000.0,
2026-03-26,XLU,44580000.0,
2026-03-27,XLU,190400000.0,
2026-03-30,XLU,-41328044.27204895,
2026-03-31,XLU,-27326953.35636902,
2026-04-01,XLU,,
2026-04-02,XLU,,
2026-04-03,XLU,,
2026-04-06,XLU,,
2026-04-07,XLU,,
2026-04-08,XLU,,
2026-04-09,XLU,,
2026-04-10,XLU,,
2026-04-13,XLU,,
2026-04-14,XLU,,
2026-04-15,XLU,,
2026-04-16,XLU,,
2026-04-17,XLU,,
2026-09-12,XLU,-838683753.0136108,estimated
2026-09-14,XLU,-2119499.969482422,estimated
2026-09-15,XLU,20909999.84741211,estimated
2026-09-16,XLU,53715999.603271484,estimated
2026-09-17,XLU,-2065999.984741211,estimated
2026-09-18,XLU,-152168494.9874878,estimated
2026-09-21,XLU,-104804996.1090088,estimated
2026-09-22,XLU,32527999.877929688,estimated
2026-09-23,XLU,315114998.81744385,estimated
2026-09-24,XLU,131175000.0,estimated
2026-01-02,XLV,,
2026-01-05,XLV,158000000.0,
2026-01-06,XLV,615240000.0,
2026-01-07,XLV,-8100000.0,
2026-01-08,XLV,31790000.0,
2026-01-09,XLV,112130000.0,
2026-01-12,XLV,-89080000.0,
2026-01-13,XLV,,
2026-01-14,XLV,16399999.999999998,
2026-01-15,XLV,-49270000.0,
2026-01-16,XLV,-8289999.999999999,
2026-01-19,XLV,,
2026-01-20,XLV,-191890000.0,
2026-01-21,XLV,-147220000.0,
2026-01-22,XLV,16640000.0,
2026-01-23,XLV,-57930000.0,
2026-01-26,XLV,-57470000.0,
2026-01-27,XLV,-41090000.0,
2026-01-28,XLV,8250000.0,
2026-01-29,XLV,-41050000.0,
2026-01-30,XLV,431260000.0,
2026-02-02,XLV,-181950000.0,
2026-02-03,XLV,393610000.0,
2026-02-04,XLV,287280000.0,
2026-02-05,XLV,8470000.0,
2026-02-06,XLV,101020000.0,
2026-02-09,XLV,147190000.0,
2026-02-10,XLV,95560000.0,
2026-02-11,XLV,17390000.0,
2026-02-12,XLV,-26230000.0,
2026-02-13,XLV,95010000.0,
2026-02-16,XLV,,
2026-02-17,XLV,357140000.0,
2026-02-18,XLV,157530000.0,
2026-02-19,XLV,,
2026-02-20,XLV,88200000.0,
2026-02-23,XLV,-8860000.0,
2026-02-24,XLV,-113630000.0,
2026-02-25,XLV,212360000.0,
2026-02-26,XLV,166790000.0,
2026-02-27,XLV,-167850000.0,
2026-03-02,XLV,-106300000.0,
2026-03-03,XLV,-17890000.0,
2026-03-04,XLV,-192960000.0,
2026-03-05,XLV,-237580000.0,
2026-03-06,XLV,-266770000.0,
2026-03-09,XLV,93480000.0,
2026-03-10,XLV,-205120000.0,
2026-03-11,XLV,-17000000.0,
2026-03-12,XLV,25430000.0,
2026-03-13,XLV,-41310000.0,
2026-03-16,XLV,-164640000.0,
2026-03-17,XLV,8300000.000000001,
2026-03-18,XLV,-24970000.0,
2026-03-19,XLV,74330000.0,
2026-03-20,XLV,-213300000.0,
2026-03-23,XLV,-16160000.0,
2026-03-24,XLV,440210000.0,
2026-03-25,XLV,98380000.0,
2026-03-26,XLV,-272390000.0,
2026-03-27,XLV,185450000.0,
2026-03-30,XLV,-258876013.1835937,
2026-03-31,XLV,14597999.572753906,
2026-04-01,XLV,,
2026-04-02,XLV,,
2026-04-03,XLV,,
2026-04-06,XLV,,
2026-04-07,XLV,,
2026-04-08,XLV,,
2026-04-09,XLV,,
2026-04-10,XLV,,
2026-04-13,XLV,,
2026-04-14,XLV,,
2026-04-15,XLV,,
2026-04-16,XLV,,
2026-04-17,XLV,,
2026-09-12,XLV,-537192478.1799316,estimated
2026-09-14,XLV,157092165.9398346,estimated
2026-09-15,XLV,-109037500.0,estimated
2026-09-16,XLV,-8383167.843109131,estimated
2026-09-17,XLV,-150992836.07521057,estimated
2026-09-18,XLV,-50642999.267578125,estimated
2026-09-21,XLV,-58936499.78637695,estimated
2026-09-22,XLV,-819698473.3581543,estimated
2026-09-23,XLV,278866490.9362793,estimated
2026-09-24,XLV,236320004.27246094,estimated
2026-01-02,XLY,-58260000.0,
2026-01-05,XLY,69930000.0,
2026-01-06,XLY,-181760000.0,
2026-01-07,XLY,,
2026-01-08,XLY,-76630000.0,
2026-01-09,XLY,3920000.0,
2026-01-12,XLY,27740000.0,
2026-01-13,XLY,625520000.0,
2026-01-14,XLY,401580000.0,
2026-01-15,XLY,-135640000.0,
2026-01-16,XLY,90590000.0,
2026-01-19,XLY,,
2026-01-20,XLY,20530000.0,
2026-01-21,XLY,-226570000.0,
2026-01-22,XLY,-103020000.0,
2026-01-23,XLY,-24690000.0,
2026-01-26,XLY,111900000.0,
2026-01-27,XLY,-281400000.0,
2026-01-28,XLY,54050000.0,
2026-01-29,XLY,-78210000.0,
2026-01-30,XLY,110910000.0,
2026-02-02,XLY,-175290000.0,
2026-02-03,XLY,67580000.0,
2026-02-04,XLY,90150000.0,
2026-02-05,XLY,-60880000.0,
2026-02-06,XLY,-512740000.0,
2026-02-09,XLY,65950000.0,
2026-02-10,XLY,157430000.0,
2026-02-11,XLY,-74060000.0,
2026-02-12,XLY,605540000.0,
2026-02-13,XLY,-182940000.0,
2026-02-16,XLY,,
2026-02-17,XLY,102940000.0,
2026-02-18,XLY,17640000.0,
2026-02-19,XLY,140910000.0,
2026-02-20,XLY,26310000.0,
2026-02-23,XLY,8790000.0,
2026-02-24,XLY,84530000.0,
2026-02-25,XLY,-152520000.0,
2026-02-26,XLY,-262490000.0,
2026-02-27,XLY,199930000.0,
2026-03-02,XLY,-148510000.0,
2026-03-03,XLY,26620000.0,
2026-03-04,XLY,320320000.0,
2026-03-05,XLY,-52320000.0,
2026-03-06,XLY,217880000.0,
2026-03-09,XLY,-291610000.0,
2026-03-10,XLY,-287990000.0,
2026-03-11,XLY,248630000.0,
2026-03-12,XLY,63450000.0,
2026-03-13,XLY,16850000.0,
2026-03-16,XLY,4240000.0,
2026-03-17,XLY,-407770000.0,
2026-03-18,XLY,249780000.0,
2026-03-19,XLY,-82640000.0,
2026-03-20,XLY,270540000.0,
2026-03-23,XLY,-638220000.0,
2026-03-24,XLY,-44660000.0,
2026-03-25,XLY,162180000.0,
2026-03-26,XLY,,
2026-03-27,XLY,-85210000.0,
2026-03-30,XLY,-126792004.39453124,
2026-03-31,XLY,-21738999.938964844,
2026-04-01,XLY,,
2026-04-02,XLY,,
2026-04-03,XLY,,
2026-04-06,XLY,,
2026-04-07,XLY,,
2026-04-08,XLY,,
2026-04-09,XLY,,
2026-04-10,XLY,,
2026-04-13,XLY,,
2026-04-14,XLY,,
2026-04-15,XLY,,
2026-04-16,XLY,,
2026-04-17,XLY,,
2026-09-12,XLY,-361663989.2578125,estimated
2026-09-14,XLY,-67775999.4506836,estimated
2026-09-15,XLY,0.0,estimated
2026-09-16,XLY,-22175999.4506836,estimated
2026-09-17,XLY,611499001.6937256,estimated
2026-09-18,XLY,66833999.63378906,estimated
2026-09-21,XLY,55514999.38964844,estimated
2026-09-22,XLY,0.0,estimated
2026-09-23,XLY,67338002.01416016,estimated
2026-09-24,XLY,38727500.53405762,estimated
2026-09-12,XOP,,estimated
2026-09-14,XOP,127218000.79345705,estimated
2026-09-15,XOP,0.0,estimated
2026-09-16,XOP,-19969999.69482422,estimated
2026-09-17,XOP,28770000.457763672,estimated
2026-09-18,XOP,105924497.98583984,estimated
2026-09-21,XOP,-47652500.15258789,estimated
2026-09-22,XOP,0.0,estimated
2026-09-23,XOP,92375000.0,estimated
2026-09-24,XOP,-127854995.72753906,estimated
2026-09-12,XSD,,estimated
2026-09-14,XSD,12639250.183105469,estimated
2026-09-15,XSD,0.0,estimated
2026-09-16,XSD,-12012249.755859377,estimated
2026-09-17,XSD,0.0,estimated
2026-09-18,XSD,174744496.15478516,estimated
2026-09-21,XSD,177331001.28173828,estimated
2026-09-22,XSD,0.0,estimated
2026-09-23,XSD,-170481999.20654297,estimated
2026-09-24,XSD,0.0,estimated
2026-09-12,ZCSH,,estimated
