date,ticker,shares,price,price_date,source
2026-09-12,ACWI,206800000,160.3000030517578,2026-09-11,TradingView
2026-09-14,ACWI,206800000,160.25,2026-09-11,TradingView
2026-09-15,ACWI,206800000,158.9600067138672,2026-09-14,TradingView
2026-03-28,AGG,1398800000,,,
2026-03-30,AGG,1398800000,99.04000091552734,,
2026-03-31,AGG,1396800000,99.33499908447266,,
2026-04-01,AGG,1396800000,,,
2026-04-02,AGG,1387400000,,,
2026-04-03,AGG,1381700000,,,
2026-04-06,AGG,1381700000,,,
2026-04-07,AGG,1373700000,,,
2026-04-08,AGG,1373200000,,,
2026-04-09,AGG,1364400000,,,
2026-04-10,AGG,1364400000,,,
2026-04-13,AGG,1364400000,,,
2026-04-14,AGG,1365300000,,,
2026-04-15,AGG,1365500000,,,
2026-04-16,AGG,1365800000,,,
2026-04-17,AGG,1365800000,,,
2026-04-20,AGG,1366000000,,,
2026-04-21,AGG,1366000000,,,
2026-04-22,AGG,1366300000,,,
2026-04-23,AGG,1366300000,,,
2026-04-24,AGG,1366400000,,,
2026-04-27,AGG,1366700000,99.5,,
2026-04-28,AGG,1366700000,,,
2026-04-29,AGG,1366500000,99.13500213623048,,
2026-04-30,AGG,1366300000,99.12000274658205,,
2026-05-01,AGG,1366300000,,,
2026-05-04,AGG,1365300000,98.72699737548828,,
2026-05-05,AGG,1369800000,,,
2026-05-06,AGG,1369800000,99.10330200195312,,
2026-05-07,AGG,1370300000,99.26499938964844,,
2026-05-08,AGG,1370600000,,,
2026-05-11,AGG,1370900000,99.01499938964844,,
2026-05-12,AGG,1371500000,98.66000366210938,,
2026-05-13,AGG,1371500000,98.5749969482422,,
2026-05-14,AGG,1371500000,98.81500244140624,,
2026-05-15,AGG,1371900000,98.08499908447266,,
2026-09-12,AIQ,158269676,64.01000213623047,2026-09-11,TradingView
2026-09-14,AIQ,158301024,63.97999954223633,2026-09-11,TradingView
2026-09-15,AIQ,158301024,63.470001220703125,2026-09-14,TradingView
2026-09-12,ARKB,104815000,25.540000915527344,2026-09-11,TradingView
2026-03-30,ARKK,88800000,63.52000045776367,,
2026-03-31,ARKK,88800000,67.30999755859375,,
2026-04-01,ARKK,88800000,,,
2026-04-02,ARKK,88800000,,,
2026-04-03,ARKK,88800000,,,
2026-04-06,ARKK,88800000,,,
2026-04-07,ARKK,87800000,,,
2026-04-08,ARKK,87750000,,,
2026-04-09,ARKK,86700000,,,
2026-04-10,ARKK,87000000,,,
2026-04-13,ARKK,86350000,,,
2026-04-14,ARKK,86500000,,,
2026-04-15,ARKK,87200000,,,
2026-04-16,ARKK,89450000,,,
2026-04-17,ARKK,89650000,,,
2026-04-20,ARKK,89750000,,,
2026-04-21,ARKK,89200000,,,
2026-04-22,ARKK,90750000,,,
2026-04-23,ARKK,93000000,,,
2026-04-24,ARKK,93000000,,,
2026-04-27,ARKK,105700000,76.47000122070312,,
2026-04-28,ARKK,105700000,,,
2026-04-29,ARKK,130800000,73.41999816894531,,
2026-04-30,ARKK,91850000,74.54000091552734,,
2026-05-01,ARKK,85600000,,,
2026-05-04,ARKK,85600000,77.88999938964844,,
2026-05-05,ARKK,85600000,,,
2026-05-06,ARKK,85300000,77.49500274658203,,
2026-05-07,ARKK,84450000,79.47000122070312,,
2026-05-08,ARKK,83950000,,,
2026-05-11,ARKK,84150000,79.12000274658203,,
2026-05-12,ARKK,84150000,78.75,,
2026-05-13,ARKK,84200000,77.76499938964844,,
2026-05-14,ARKK,86350000,77.04000091552734,,
2026-05-15,ARKK,85850000,75.41999816894531,,
2026-05-18,ARKK,160050000,74.18000030517578,,
2026-05-19,ARKK,160050000,73.02999877929688,,
2026-05-20,ARKK,98150000,75.18000030517578,,
2026-05-21,ARKK,80050000,75.4406967163086,,
2026-05-22,ARKK,78300000,76.56610107421875,,
2026-05-25,ARKK,84400000,,,
2026-05-26,ARKK,84400000,77.62999725341797,,
2026-05-27,ARKK,84350000,77.80000305175781,,
2026-05-28,ARKK,84100000,80.22000122070312,,
2026-05-29,ARKK,84100000,,,
2026-06-01,ARKK,88600000,81.93000030517578,,
2026-06-02,ARKK,88600000,80.05000305175781,,
2026-06-03,ARKK,88350000,77.79000091552734,,
2026-06-04,ARKK,88350000,80.27999877929688,,
2026-06-05,ARKK,88750000,76.69499969482422,,
2026-06-08,ARKK,89350000,,,
2026-06-09,ARKK,89350000,76.04000091552734,,
2026-06-10,ARKK,88600000,74.20890045166016,,
2026-06-11,ARKK,88600000,73.2699966430664,,
2026-06-12,ARKK,88500000,74.93000030517578,,
2026-06-15,ARKK,108900000,79.56999969482422,,
2026-06-16,ARKK,108900000,79.52999877929688,,
2026-06-17,ARKK,170150000,80.16000366210938,,
2026-06-18,ARKK,91850000,79.75,,
2026-06-19,ARKK,86700000,,,
2026-06-22,ARKK,86700000,78.86000061035156,,
2026-06-23,ARKK,86700000,78.31009674072266,,
2026-06-24,ARKK,84350000,76.9800033569336,,
2026-06-25,ARKK,84050000,77.11000061035156,,
2026-06-26,ARKK,83550000,77.61000061035156,,
2026-06-29,ARKK,81100000,79.26499938964844,,
2026-06-30,ARKK,81100000,80.07499694824219,,
2026-07-01,ARKK,81100000,82.44000244140625,,
2026-07-02,ARKK,80950000,83.2699966430664,,
2026-07-03,ARKK,80950000,,,
2026-07-06,ARKK,82350000,83.17500305175781,,
2026-07-07,ARKK,82400000,81.08000183105469,,
2026-07-08,ARKK,81750000,79.88999938964844,,
2026-07-09,ARKK,81850000,81.47000122070312,,
2026-07-10,ARKK,81850000,80.94999694824219,,
2026-07-13,ARKK,84300000,78.75499725341797,,
2026-07-14,ARKK,84300000,,,
2026-07-15,ARKK,107450000,,,
2026-07-16,ARKK,84350000,78.15499877929688,,
2026-07-17,ARKK,81850000,,,
2026-07-20,ARKK,79150000,75.31999969482422,,
2026-07-21,ARKK,79150000,,,
2026-07-22,ARKK,78850000,76.98999786376953,,
2026-07-23,ARKK,78650000,75.0199966430664,,
2026-07-24,ARKK,79200000,,,
2026-07-27,ARKK,78100000,72.4000015258789,,
2026-07-28,ARKK,78100000,70.37000274658203,,
2026-07-29,ARKK,79500000,71.94999694824219,,
2026-07-30,ARKK,79400000,72.02999877929688,,
2026-07-31,ARKK,78900000,71.22000122070312,,
2026-08-03,ARKK,78150000,72.73999786376953,,
2026-08-04,ARKK,78150000,74.79000091552734,,
2026-08-05,ARKK,78200000,77.37799835205078,,
2026-08-06,ARKK,79200000,75.64199829101562,,
2026-08-07,ARKK,78050000,,,
2026-08-10,ARKK,78150000,,,
2026-08-11,ARKK,78250000,,,
2026-08-12,ARKK,78350000,,,
2026-08-13,ARKK,78350000,,,
2026-08-14,ARKK,77450000,,,
2026-08-17,ARKK,77500000,,,
2026-08-18,ARKK,77750000,,,
2026-08-19,ARKK,77750000,,,
2026-08-20,ARKK,77800000,,,
2026-08-21,ARKK,76400000,,,
2026-08-24,ARKK,76950000,,,
2026-08-25,ARKK,76900000,,,
2026-08-26,ARKK,76550000,,,
2026-08-27,ARKK,74650000,87.37999725341797,,
2026-08-28,ARKK,74650000,84.58999633789062,,
2026-08-31,ARKK,75950000,84.9000015258789,,
2026-09-01,ARKK,75250000,84.16000366210938,,
2026-09-02,ARKK,74800000,82.73999786376953,,
2026-09-03,ARKK,74650000,86.61000061035156,,
2026-09-04,ARKK,74550000,86.41000366210938,,
2026-09-07,ARKK,75850000,,,
2026-09-08,ARKK,75850000,86.55999755859375,,
2026-09-09,ARKK,76650000,84.9800033569336,,
2026-09-10,ARKK,77100000,83.86000061035156,,
2026-09-11,ARKK,77000000,84.18000030517578,,
2026-09-12,ASHR,45200001,33.66999816894531,2026-09-11,TradingView
2026-09-14,ASHR,45200001,33.63999938964844,2026-09-11,TradingView
2026-09-15,ASHR,45200001,33.45000076293945,2026-09-14,TradingView
2026-09-12,BIL,513274503,91.49500274658205,2026-09-11,TradingView
2026-09-14,BIL,514754503,91.5,2026-09-11,TradingView
2026-09-15,BIL,514754503,91.5,2026-09-11,TradingView
2026-09-12,BITB,70680000,41.81499862670898,2026-09-11,TradingView
2026-03-30,BKLN,305900000,20.309999465942383,,
2026-03-31,BKLN,305900000,20.420000076293945,,
2026-04-01,BKLN,305900000,,,
2026-04-02,BKLN,305900000,,,
2026-04-03,BKLN,305900000,,,
2026-04-06,BKLN,305900000,,,
2026-04-07,BKLN,307200000,,,
2026-04-08,BKLN,308300000,,,
2026-04-09,BKLN,308600000,,,
2026-04-10,BKLN,309200000,,,
2026-04-13,BKLN,311800000,,,
2026-04-14,BKLN,311800000,,,
2026-04-15,BKLN,312400000,,,
2026-04-16,BKLN,312800000,,,
2026-04-17,BKLN,317400000,,,
2026-04-20,BKLN,318500000,,,
2026-04-21,BKLN,318500000,,,
2026-04-22,BKLN,322200000,,,
2026-04-23,BKLN,322200000,,,
2026-04-24,BKLN,323300000,,,
2026-04-27,BKLN,326200000,20.53499984741211,,
2026-04-28,BKLN,326200000,,,
2026-04-29,BKLN,326400000,20.545000076293945,,
2026-04-30,BKLN,326300000,20.57999992370605,,
2026-05-01,BKLN,327300000,,,
2026-05-04,BKLN,332500000,20.584999084472656,,
2026-05-05,BKLN,333700000,,,
2026-05-06,BKLN,334700000,20.62879943847656,,
2026-05-07,BKLN,334700000,20.645000457763672,,
2026-05-08,BKLN,337500000,,,
2026-05-11,BKLN,339000000,20.670000076293945,,
2026-05-12,BKLN,339000000,20.63999938964844,,
2026-05-13,BKLN,345000000,20.63500022888184,,
2026-05-14,BKLN,345200000,20.655000686645508,,
2026-05-15,BKLN,346100000,20.63500022888184,,
2026-05-18,BKLN,350100000,20.51499938964844,,
2026-05-19,BKLN,350100000,20.5049991607666,,
2026-05-20,BKLN,349500000,20.530000686645508,,
2026-05-21,BKLN,349900000,20.51000022888184,,
2026-05-22,BKLN,349900000,20.4950008392334,,
2026-05-25,BKLN,352800000,,,
2026-05-26,BKLN,352800000,20.489999771118164,,
2026-05-27,BKLN,352800000,20.48990058898925,,
2026-05-28,BKLN,352800000,20.48500061035156,,
2026-05-29,BKLN,352800000,,,
2026-06-01,BKLN,348400000,20.520000457763672,,
2026-06-02,BKLN,348400000,20.490800857543945,,
2026-06-03,BKLN,348400000,20.4950008392334,,
2026-06-04,BKLN,347800000,20.520000457763672,,
2026-06-05,BKLN,348500000,20.48500061035156,,
2026-06-08,BKLN,349400000,20.475000381469727,,
2026-06-09,BKLN,349400000,20.48500061035156,,
2026-06-10,BKLN,349400000,20.45499992370605,,
2026-06-11,BKLN,349500000,20.43000030517578,,
2026-06-12,BKLN,350600000,20.44499969482422,,
2026-06-15,BKLN,350900000,20.46999931335449,,
2026-06-16,BKLN,350900000,20.48500061035156,,
2026-06-17,BKLN,350900000,,,
2026-06-18,BKLN,351000000,20.479999542236328,,
2026-06-19,BKLN,351000000,,,
2026-06-22,BKLN,352200000,20.354999542236328,,
2026-06-23,BKLN,352200000,20.34499931335449,,
2026-06-24,BKLN,349100000,20.325000762939453,,
2026-06-25,BKLN,348700000,20.325000762939453,,
2026-06-26,BKLN,349700000,20.315000534057617,,
2026-06-29,BKLN,350500000,20.28499984741211,,
2026-06-30,BKLN,350500000,20.30500030517578,,
2026-07-01,BKLN,351100000,20.354999542236328,,
2026-07-02,BKLN,351100000,20.395000457763672,,
2026-07-03,BKLN,351100000,,,
2026-07-06,BKLN,351100000,20.39999961853028,,
2026-07-07,BKLN,351100000,20.415000915527344,,
2026-07-08,BKLN,351100000,20.40999984741211,,
2026-07-09,BKLN,351100000,20.424999237060547,,
2026-07-10,BKLN,350900000,20.450000762939453,,
2026-07-13,BKLN,350900000,20.44499969482422,,
2026-07-14,BKLN,350900000,,,
2026-07-15,BKLN,350900000,,,
2026-07-16,BKLN,349200000,20.475000381469727,,
2026-07-17,BKLN,348200000,,,
2026-07-20,BKLN,345900000,20.38500022888184,,
2026-07-21,BKLN,344700000,,,
2026-07-22,BKLN,342700000,20.39999961853028,,
2026-07-23,BKLN,342700000,20.375,,
2026-07-24,BKLN,341900000,,,
2026-07-27,BKLN,336700000,20.38500022888184,,
2026-07-28,BKLN,336700000,20.38500022888184,,
2026-07-29,BKLN,332300000,20.38999938964844,,
2026-07-30,BKLN,332000000,20.38999938964844,,
2026-07-31,BKLN,330300000,20.38500022888184,,
2026-08-03,BKLN,329900000,20.41990089416504,,
2026-08-04,BKLN,328900000,20.43000030517578,,
2026-08-05,BKLN,328900000,20.46500015258789,,
2026-08-06,BKLN,328900000,20.4950008392334,,
2026-08-07,BKLN,328800000,,,
2026-08-10,BKLN,329700000,,,
2026-08-11,BKLN,330200000,,,
2026-08-12,BKLN,330200000,,,
2026-08-13,BKLN,330200000,,,
2026-08-14,BKLN,331500000,,,
2026-08-17,BKLN,331600000,,,
2026-08-18,BKLN,331600000,,,
2026-08-19,BKLN,331900000,,,
2026-08-20,BKLN,331900000,,,
2026-08-21,BKLN,327000000,,,
2026-08-24,BKLN,325800000,,,
2026-08-25,BKLN,325800000,,,
2026-08-26,BKLN,325800000,,,
2026-08-27,BKLN,326700000,20.530000686645508,,
2026-08-28,BKLN,327700000,20.520000457763672,,
2026-08-31,BKLN,327700000,20.551300048828125,,
2026-09-01,BKLN,327700000,20.549999237060547,,
2026-09-02,BKLN,327800000,20.57999992370605,,
2026-09-03,BKLN,327800000,20.559999465942383,,
2026-09-04,BKLN,328700000,20.59499931335449,,
2026-09-07,BKLN,328400000,,,
2026-09-08,BKLN,328400000,20.604999542236328,,
2026-09-09,BKLN,328400000,20.604999542236328,,
2026-09-10,BKLN,328500000,20.575000762939453,,
2026-09-11,BKLN,326900000,20.5900993347168,,
2026-03-30,BND,2057623018,73.4800033569336,,
2026-03-31,BND,2057623018,73.68499755859375,,
2026-04-01,BND,2057623018,,,
2026-04-02,BND,2057623018,,,
2026-04-03,BND,2057623018,,,
2026-04-06,BND,2057623018,,,
2026-04-07,BND,2058723018,,,
2026-04-08,BND,2060023018,,,
2026-04-09,BND,2061423018,,,
2026-04-10,BND,2062223018,,,
2026-04-13,BND,2063123018,,,
2026-04-14,BND,2065523018,,,
2026-04-15,BND,2065323018,,,
2026-04-16,BND,2066323018,,,
2026-04-17,BND,2066323018,,,
2026-04-20,BND,2069623018,,,
2026-04-21,BND,2069623018,,,
2026-04-22,BND,2072823018,,,
2026-04-23,BND,2073623018,,,
2026-04-24,BND,2074723018,,,
2026-04-27,BND,2077723018,73.80500030517578,,
2026-04-28,BND,2077723018,,,
2026-04-29,BND,2080323018,73.51000213623047,,
2026-04-30,BND,2083123018,73.5199966430664,,
2026-05-01,BND,2085123018,,,
2026-05-04,BND,2087023018,73.20999908447266,,
2026-05-05,BND,2088823018,,,
2026-05-06,BND,2088823018,73.5,,
2026-05-07,BND,2089623018,73.6050033569336,,
2026-05-08,BND,2093623018,,,
2026-05-11,BND,2098123018,73.42500305175781,,
2026-05-12,BND,2098123018,73.16999816894531,,
2026-05-13,BND,2101523018,73.1050033569336,,
2026-05-14,BND,2102223018,73.29499816894531,,
2026-05-15,BND,2102223018,72.75569915771484,,
2026-05-18,BND,2109923018,72.69000244140625,,
2026-05-19,BND,2110123018,72.36599731445312,,
2026-05-20,BND,2122123018,72.68990325927734,,
2026-05-21,BND,2123823018,72.66570281982422,,
2026-05-22,BND,2130423018,72.86000061035156,,
2026-05-25,BND,2136023018,,,
2026-05-26,BND,2136023018,73.19499969482422,,
2026-05-27,BND,2136023018,73.30449676513672,,
2026-05-28,BND,2137823018,73.36990356445312,,
2026-05-29,BND,2138523018,,,
2026-06-01,BND,2140223018,73.13999938964844,,
2026-06-02,BND,2140223018,73.21499633789062,,
2026-06-03,BND,2143823018,72.99500274658203,,
2026-06-04,BND,2145923018,73.16100311279297,,
2026-06-05,BND,2149423018,72.88500213623047,,
2026-06-08,BND,2149423018,72.83499908447266,,
2026-06-09,BND,2150723018,72.92559814453125,,
2026-06-10,BND,2153923018,72.99500274658203,,
2026-06-11,BND,2154423018,72.99130249023438,,
2026-06-12,BND,2154723018,73.12999725341797,,
2026-06-15,BND,2156723018,73.30010223388672,,
2026-06-16,BND,2156723018,73.44000244140625,,
2026-06-17,BND,2158523018,73.41500091552734,,
2026-06-18,BND,2160123018,73.46499633789062,,
2026-06-19,BND,2164823018,,,
2026-06-22,BND,2164823018,73.125,,
2026-06-23,BND,2164823018,73.25499725341797,,
2026-06-24,BND,2165823018,73.53500366210938,,
2026-06-25,BND,2167423018,73.68499755859375,,
2026-06-26,BND,2168823018,73.63500213623047,,
2026-06-29,BND,2171423018,73.65409851074219,,
2026-06-30,BND,2171423018,73.5553970336914,,
2026-07-01,BND,2174123018,,,
2026-07-02,BND,2174823018,73.08000183105469,,
2026-07-03,BND,2192423018,,,
2026-07-06,BND,2192423018,73.05500030517578,,
2026-07-07,BND,2192423018,72.95989990234375,,
2026-07-08,BND,2195923018,72.7197036743164,,
2026-07-09,BND,2200023018,72.78500366210938,,
2026-07-10,BND,2201623018,72.80619812011719,,
2026-07-13,BND,2202923018,72.59010314941406,,
2026-07-14,BND,2202923018,,,
2026-07-15,BND,2206723018,,,
2026-07-16,BND,2208123018,72.69010162353516,,
2026-07-17,BND,2210223018,,,
2026-07-20,BND,2212823018,72.77010345458984,,
2026-07-21,BND,2212823018,,,
2026-07-22,BND,2213923018,72.49230194091797,,
2026-07-23,BND,2216723018,72.2249984741211,,
2026-07-24,BND,2218723018,,,
2026-07-27,BND,2221023018,72.43599700927734,,
2026-07-28,BND,2221023018,72.57769775390625,,
2026-07-29,BND,2222523018,72.54499816894531,,
2026-07-30,BND,2223923018,72.45500183105469,,
2026-07-31,BND,2225123018,72.17500305175781,,
2026-08-03,BND,2227523018,72.16000366210938,,
2026-08-04,BND,2227523018,72.36499786376953,,
2026-08-05,BND,2228223018,72.41500091552734,,
2026-08-06,BND,2229023018,72.36499786376953,,
2026-08-07,BND,2231323018,,,
2026-08-10,BND,2237623018,,,
2026-08-11,BND,2241323018,,,
2026-08-12,BND,2242623018,,,
2026-08-13,BND,2242623018,,,
2026-08-14,BND,2242623018,,,
2026-08-17,BND,2240023018,,,
2026-08-18,BND,2241423018,,,
2026-08-19,BND,2241423018,,,
2026-08-20,BND,2243423018,,,
2026-08-21,BND,2245123018,,,
2026-08-24,BND,2248023018,,,
2026-08-25,BND,2248023018,,,
2026-08-26,BND,2252223018,,,
2026-08-27,BND,2252323018,72.54000091552734,,
2026-08-28,BND,2254623018,72.30999755859375,,
2026-08-31,BND,2257523018,72.19499969482422,,
2026-09-01,BND,2260023018,71.91500091552734,,
2026-09-02,BND,2260023018,71.7750015258789,,
2026-09-03,BND,2261123018,72.03009796142578,,
2026-09-04,BND,2263923018,71.95999908447266,,
2026-09-07,BND,2270323018,,,
2026-09-08,BND,2270323018,71.90499877929688,,
2026-09-09,BND,2274523018,71.70500183105469,,
2026-09-10,BND,2274523018,71.38500213623047,,
2026-09-11,BND,2277523018,71.24500274658203,,
2026-09-12,BND,2277523018,71.19499969482422,2026-09-11,TradingView
2026-09-12,BNDX,1762339439,46.97430038452149,2026-09-11,TradingView
2026-09-12,BNO,10150000,,,TradingView
2026-09-14,BNO,9950000,61.369998931884766,2026-09-11,TradingView
2026-09-15,BNO,9950000,62.15999984741211,2026-09-14,TradingView
2026-09-12,BOTZ,100256191,35.28499984741211,2026-09-11,TradingView
2026-09-14,BOTZ,100162833,35.279998779296875,2026-09-11,TradingView
2026-09-15,BOTZ,100162833,34.7599983215332,2026-09-14,TradingView
2026-09-12,BSOL,69590000,13.869999885559082,2026-09-11,TradingView
2026-09-12,BWX,60600038,21.77499961853028,2026-09-11,TradingView
2026-09-12,CIBR,161950002,94.2300033569336,2026-09-11,TradingView
2026-09-14,CIBR,161950002,94.4000015258789,2026-09-11,TradingView
2026-09-15,CIBR,161950002,100.05000305175781,2026-09-14,TradingView
2026-09-12,COPX,88368638,88.12000274658203,2026-09-11,TradingView
2026-09-14,COPX,88482423,88.52999877929688,2026-09-11,TradingView
2026-09-15,COPX,88482423,88.52999877929688,2026-09-11,TradingView
2026-09-12,CPER,18400000,39.20000076293945,2026-09-11,TradingView
2026-09-14,CPER,18450000,39.18000030517578,2026-09-11,TradingView
2026-09-15,CPER,18450000,38.2599983215332,2026-09-14,TradingView
2026-09-12,DBC,59500040,33.154998779296875,2026-09-11,TradingView
2026-09-14,DBC,59500040,33.15999984741211,2026-09-11,TradingView
2026-09-15,DBC,59500040,33.15999984741211,2026-09-11,TradingView
2026-03-28,DIA,90190000,,,
2026-03-30,DIA,89940000,452.05999755859375,,
2026-03-31,DIA,89940000,461.6600036621094,,
2026-04-01,DIA,90140000,,,
2026-04-02,DIA,89690000,,,
2026-04-03,DIA,89690000,,,
2026-04-06,DIA,92290000,,,
2026-04-07,DIA,92240000,,,
2026-04-08,DIA,92140000,,,
2026-04-09,DIA,91890000,,,
2026-04-10,DIA,92440000,,,
2026-04-13,DIA,92040000,,,
2026-04-14,DIA,89640000,,,
2026-04-15,DIA,89640000,,,
2026-04-16,DIA,90240000,,,
2026-04-17,DIA,90090000,,,
2026-09-12,DIA,87090000,526.0499877929688,2026-09-11,SSGA
2026-09-14,DIA,86590000,525.7899780273438,2026-09-11,SSGA
2026-09-15,DIA,87190000,524.489990234375,2026-09-14,SSGA
2026-09-12,DXJ,39800000,177.1750030517578,2026-09-11,TradingView
2026-09-14,DXJ,39800000,177.22000122070312,2026-09-11,TradingView
2026-09-15,DXJ,39800000,177.19000244140625,2026-09-14,TradingView
2026-09-12,ECH,25550000,39.54999923706055,2026-09-11,TradingView
2026-09-14,ECH,25550000,39.47999954223633,2026-09-11,TradingView
2026-09-15,ECH,25500000,39.18000030517578,2026-09-14,TradingView
2026-03-28,EEM,442800000,,,
2026-03-30,EEM,442800000,54.75,,
2026-03-31,EEM,442800000,56.20000076293945,,
2026-04-01,EEM,442800000,,,
2026-04-02,EEM,442800000,,,
2026-04-03,EEM,442800000,,,
2026-04-06,EEM,442800000,,,
2026-04-07,EEM,442800000,,,
2026-04-08,EEM,442800000,,,
2026-04-09,EEM,442800000,,,
2026-04-10,EEM,442800000,,,
2026-04-13,EEM,442800000,,,
2026-04-14,EEM,442800000,,,
2026-04-15,EEM,442800000,,,
2026-04-16,EEM,442800000,,,
2026-04-17,EEM,442800000,,,
2026-04-20,EEM,442800000,,,
2026-04-21,EEM,442800000,,,
2026-04-22,EEM,442800000,,,
2026-04-23,EEM,442800000,,,
2026-04-24,EEM,442800000,,,
2026-04-27,EEM,442800000,63.84999847412109,,
2026-04-28,EEM,442800000,,,
2026-04-29,EEM,442800000,62.875,,
2026-04-30,EEM,442800000,63.06999969482422,,
2026-05-01,EEM,442800000,,,
2026-05-04,EEM,442800000,64.7300033569336,,
2026-05-05,EEM,442800000,,,
2026-05-06,EEM,442800000,66.97000122070312,,
2026-05-07,EEM,442800000,67.33499908447266,,
2026-05-08,EEM,442800000,,,
2026-05-11,EEM,442800000,67.88999938964844,,
2026-05-12,EEM,442800000,66.12999725341797,,
2026-05-13,EEM,442800000,67.08999633789062,,
2026-05-14,EEM,442800000,66.9749984741211,,
2026-05-15,EEM,442800000,65.04499816894531,,
2026-09-12,EEM,464850000,67.75499725341797,2026-09-11,iShares
2026-09-14,EEM,464850000,67.83999633789062,2026-09-11,iShares
2026-09-15,EEM,464850000,65.98999786376953,2026-09-14,iShares
2026-03-28,EFA,738000000,,,
2026-03-30,EFA,738000000,94.06999969482422,,
2026-03-31,EFA,738000000,96.37999725341795,,
2026-04-01,EFA,738000000,,,
2026-04-02,EFA,738000000,,,
2026-04-03,EFA,738000000,,,
2026-04-06,EFA,738000000,,,
2026-04-07,EFA,738000000,,,
2026-04-08,EFA,738000000,,,
2026-04-09,EFA,738000000,,,
2026-04-10,EFA,738000000,,,
2026-04-13,EFA,738000000,,,
2026-04-14,EFA,738000000,,,
2026-04-15,EFA,738000000,,,
2026-04-16,EFA,738000000,,,
2026-04-17,EFA,738000000,,,
2026-04-20,EFA,738000000,,,
2026-04-21,EFA,738000000,,,
2026-04-22,EFA,738000000,,,
2026-04-23,EFA,738000000,,,
2026-04-24,EFA,738000000,,,
2026-04-27,EFA,738000000,101.88999938964844,,
2026-04-28,EFA,738000000,,,
2026-04-29,EFA,738000000,100.04000091552734,,
2026-04-30,EFA,738000000,101.23999786376952,,
2026-05-01,EFA,738000000,,,
2026-05-04,EFA,738000000,101.58499908447266,,
2026-05-05,EFA,738000000,,,
2026-05-06,EFA,738000000,104.5199966430664,,
2026-05-07,EFA,738000000,104.37999725341795,,
2026-05-08,EFA,738000000,,,
2026-05-11,EFA,738000000,103.83499908447266,,
2026-05-12,EFA,738000000,102.84500122070312,,
2026-05-13,EFA,738000000,103.31500244140624,,
2026-05-14,EFA,738000000,103.55999755859376,,
2026-05-15,EFA,738000000,101.80999755859376,,
2026-09-12,EIDO,38950000,12.779999732971191,2026-09-11,TradingView
2026-09-14,EIDO,38950000,12.75,2026-09-11,TradingView
2026-09-15,EIDO,38950000,12.920000076293945,2026-09-14,TradingView
2026-03-28,EMB,153400000,,,
2026-03-30,EMB,153400000,93.11000061035156,,
2026-03-31,EMB,152500000,93.98999786376952,,
2026-04-01,EMB,150900000,,,
2026-04-02,EMB,147700000,,,
2026-04-03,EMB,147700000,,,
2026-04-06,EMB,147700000,,,
2026-04-07,EMB,147700000,,,
2026-04-08,EMB,147700000,,,
2026-04-09,EMB,147100000,,,
2026-04-10,EMB,149600000,,,
2026-04-13,EMB,150400000,,,
2026-04-14,EMB,150900000,,,
2026-04-15,EMB,150700000,,,
2026-04-16,EMB,151200000,,,
2026-04-17,EMB,151200000,,,
2026-04-20,EMB,152600000,,,
2026-04-21,EMB,153500000,,,
2026-04-22,EMB,153500000,,,
2026-04-23,EMB,153500000,,,
2026-04-24,EMB,152200000,,,
2026-04-27,EMB,152700000,,,
2026-04-28,EMB,150800000,,,
2026-04-29,EMB,150100000,95.5749969482422,,
2026-04-30,EMB,151300000,95.73999786376952,,
2026-05-01,EMB,151700000,,,
2026-05-04,EMB,150400000,95.5199966430664,,
2026-05-05,EMB,150400000,,,
2026-05-06,EMB,147900000,96.12999725341795,,
2026-05-07,EMB,147900000,96.25499725341795,,
2026-05-08,EMB,148400000,,,
2026-05-11,EMB,148900000,95.98999786376952,,
2026-05-12,EMB,149500000,95.62000274658205,,
2026-05-13,EMB,148700000,95.4749984741211,,
2026-05-14,EMB,147700000,95.69499969482422,,
2026-05-15,EMB,147600000,94.79000091552734,,
2026-09-12,EMB,153000000,93.4250030517578,2026-09-11,iShares
2026-09-14,EMB,152000000,93.33999633789062,2026-09-11,iShares
2026-09-15,EMB,150100000,93.22000122070312,2026-09-14,iShares
2026-09-12,EMLC,201122682,25.440000534057617,2026-09-11,TradingView
2026-09-12,EMXC,256100000,100.5,2026-09-11,TradingView
2026-09-14,EMXC,256100000,100.58999633789062,2026-09-11,TradingView
2026-09-15,EMXC,256100000,97.16000366210938,2026-09-14,TradingView
2026-09-12,EPI,47200000,42.16999816894531,2026-09-11,TradingView
2026-09-14,EPI,47200000,42.290000915527344,2026-09-11,TradingView
2026-09-15,EPI,46400000,42.150001525878906,2026-09-14,TradingView
2026-09-12,ETHA,467680000,19.125,2026-09-11,TradingView
2026-09-12,ETHE,92218500,20.39999961853028,2026-09-11,TradingView
2026-09-12,EWG,39600000,42.90499877929688,2026-09-11,TradingView
2026-09-14,EWG,39600000,42.869998931884766,2026-09-11,TradingView
2026-09-15,EWG,39600000,42.709999084472656,2026-09-14,TradingView
2026-09-12,EWH,51750000,22.51499938964844,2026-09-11,TradingView
2026-09-14,EWH,50850000,22.520000457763672,2026-09-11,TradingView
2026-09-15,EWH,50850000,22.719999313354492,2026-09-14,TradingView
2026-09-12,EWI,18150000,61.92499923706055,2026-09-11,TradingView
2026-09-14,EWI,18150000,61.959999084472656,2026-09-11,TradingView
2026-09-15,EWI,18150000,60.90999984741211,2026-09-14,TradingView
2026-03-28,EWJ,220800000,,,
2026-03-30,EWJ,220800000,81.5199966430664,,
2026-03-31,EWJ,214200000,83.79000091552734,,
2026-04-01,EWJ,217200000,,,
2026-04-02,EWJ,220200000,,,
2026-04-03,EWJ,220200000,,,
2026-04-06,EWJ,220200000,,,
2026-04-07,EWJ,220200000,,,
2026-04-08,EWJ,220200000,,,
2026-04-09,EWJ,220200000,,,
2026-04-10,EWJ,225300000,,,
2026-04-13,EWJ,224400000,,,
2026-04-14,EWJ,224550000,,,
2026-04-15,EWJ,224550000,,,
2026-04-16,EWJ,225900000,,,
2026-04-17,EWJ,229800000,,,
2026-04-20,EWJ,230850000,,,
2026-04-21,EWJ,231750000,,,
2026-04-22,EWJ,231750000,,,
2026-04-23,EWJ,231750000,,,
2026-04-24,EWJ,233700000,,,
2026-04-27,EWJ,233700000,88.06999969482422,,
2026-04-28,EWJ,233700000,,,
2026-04-29,EWJ,234450000,86.83999633789062,,
2026-04-30,EWJ,234450000,88.12999725341797,,
2026-05-01,EWJ,234450000,,,
2026-05-04,EWJ,231600000,88.69000244140625,,
2026-05-05,EWJ,227400000,,,
2026-05-06,EWJ,227400000,91.52999877929688,,
2026-05-07,EWJ,227400000,91.47000122070312,,
2026-05-08,EWJ,227400000,,,
2026-05-11,EWJ,224550000,92.2750015258789,,
2026-05-12,EWJ,231150000,91.94000244140624,,
2026-05-13,EWJ,231900000,93.02999877929688,,
2026-05-14,EWJ,231900000,92.06500244140624,,
2026-05-15,EWJ,231900000,91.02999877929688,,
2026-09-12,EWJ,240450000,98.52999877929688,2026-09-11,iShares
2026-09-14,EWJ,240450000,98.55999755859376,2026-09-11,iShares
2026-09-15,EWJ,240150000,97.58000183105469,2026-09-14,iShares
2026-09-12,EWL,38375000,60.255001068115234,2026-09-11,TradingView
2026-09-14,EWL,38375000,60.29999923706055,2026-09-11,TradingView
2026-09-15,EWL,38375000,60.4900016784668,2026-09-14,TradingView
2026-09-12,EWM,11400000,27.725000381469727,2026-09-11,TradingView
2026-09-14,EWM,11400000,27.76000022888184,2026-09-11,TradingView
2026-09-15,EWM,11400000,27.84000015258789,2026-09-14,TradingView
2026-09-12,EWP,36375000,62.07500076293945,2026-09-11,TradingView
2026-09-14,EWP,36375000,62.13999938964844,2026-09-11,TradingView
2026-09-15,EWP,36375000,60.9900016784668,2026-09-14,TradingView
2026-09-12,EWQ,7800000,44.88999938964844,2026-09-11,TradingView
2026-09-14,EWQ,7800000,44.93000030517578,2026-09-11,TradingView
2026-09-15,EWQ,7800000,44.5099983215332,2026-09-14,TradingView
2026-09-12,EWS,39250000,33.58000183105469,2026-09-11,TradingView
2026-09-14,EWS,39450000,33.619998931884766,2026-09-11,TradingView
2026-09-15,EWS,39450000,33.63999938964844,2026-09-14,TradingView
2026-09-12,EWT,108500000,,,TradingView
2026-09-14,EWT,108700000,110.91000366210938,2026-09-11,TradingView
2026-09-15,EWT,108700000,107.20999908447266,2026-09-14,TradingView
2026-09-12,EWU,77600000,,,TradingView
2026-09-14,EWU,77600000,47.93999862670898,2026-09-11,TradingView
2026-09-15,EWU,77600000,47.90999984741211,2026-09-14,TradingView
2026-09-12,EWW,23100000,75.23999786376953,2026-09-11,TradingView
2026-09-14,EWW,22900000,75.37999725341797,2026-09-11,TradingView
2026-09-15,EWW,22900000,74.81999969482422,2026-09-14,TradingView
2026-09-12,EWY,152700000,,,TradingView
2026-09-14,EWY,150900000,188.72000122070312,2026-09-11,TradingView
2026-09-15,EWY,150300000,176.22000122070312,2026-09-14,TradingView
2026-03-28,EWZ,254600000,,,
2026-03-30,EWZ,254600000,36.77000045776367,,
2026-03-31,EWZ,254600000,38.150001525878906,,
2026-04-01,EWZ,254600000,,,
2026-04-02,EWZ,254600000,,,
2026-04-03,EWZ,254600000,,,
2026-04-06,EWZ,254600000,,,
2026-04-07,EWZ,255700000,,,
2026-04-08,EWZ,256900000,,,
2026-04-09,EWZ,256900000,,,
2026-04-10,EWZ,256900000,,,
2026-04-13,EWZ,259550000,,,
2026-04-14,EWZ,265400000,,,
2026-04-15,EWZ,273550000,,,
2026-04-16,EWZ,278550000,,,
2026-04-17,EWZ,285300000,,,
2026-04-20,EWZ,285300000,,,
2026-04-21,EWZ,288700000,,,
2026-04-22,EWZ,290700000,,,
2026-04-23,EWZ,290700000,,,
2026-04-24,EWZ,291800000,,,
2026-04-27,EWZ,291800000,40.20000076293945,,
2026-04-28,EWZ,291800000,,,
2026-04-29,EWZ,291800000,39.060001373291016,,
2026-04-30,EWZ,291800000,39.15999984741211,,
2026-05-01,EWZ,291800000,,,
2026-05-04,EWZ,291800000,39.68000030517578,,
2026-05-05,EWZ,291800000,,,
2026-05-06,EWZ,291800000,39.65999984741211,,
2026-05-07,EWZ,291800000,39.150001525878906,,
2026-05-08,EWZ,291800000,,,
2026-05-11,EWZ,291800000,38.810001373291016,,
2026-05-12,EWZ,291800000,38.400001525878906,,
2026-05-13,EWZ,291800000,38.01499938964844,,
2026-05-14,EWZ,291800000,37.119998931884766,,
2026-05-15,EWZ,291800000,36.095001220703125,,
2026-09-12,EWZ,227700000,38.000099182128906,2026-09-11,iShares
2026-09-14,EWZ,227700000,38.18999862670898,2026-09-11,iShares
2026-09-15,EWZ,229300000,37.720001220703125,2026-09-14,iShares
2026-09-12,EZU,140600000,69.59380340576172,2026-09-11,TradingView
2026-09-14,EZU,140400000,69.61000061035156,2026-09-11,TradingView
2026-09-15,EZU,140400000,68.5199966430664,2026-09-14,TradingView
2026-09-12,FBTC,202653476,67.02999877929688,2026-09-11,TradingView
2026-09-12,FCG,22448365,31.76499938964844,2026-09-11,TradingView
2026-09-14,FCG,22748365,31.82999992370605,2026-09-11,TradingView
2026-09-15,FCG,22748365,31.700000762939453,2026-09-14,TradingView
2026-09-12,FETH,55250000,25.2549991607666,2026-09-11,TradingView
2026-09-12,FEZ,63300967,69.67500305175781,2026-09-11,TradingView
2026-09-14,FEZ,63300967,69.69999694824219,2026-09-11,TradingView
2026-09-15,FEZ,63300967,68.87999725341797,2026-09-14,TradingView
2026-03-28,FXI,165600000,,,
2026-03-30,FXI,165600000,35.0,,
2026-03-31,FXI,165600000,35.630001068115234,,
2026-04-01,FXI,165600000,,,
2026-04-02,FXI,165600000,,,
2026-04-03,FXI,165600000,,,
2026-04-06,FXI,165600000,,,
2026-04-07,FXI,165600000,,,
2026-04-08,FXI,165600000,,,
2026-04-09,FXI,165600000,,,
2026-04-10,FXI,165600000,,,
2026-04-13,FXI,165600000,,,
2026-04-14,FXI,165600000,,,
2026-04-15,FXI,165600000,,,
2026-04-16,FXI,165600000,,,
2026-04-17,FXI,165150000,,,
2026-04-20,FXI,165150000,,,
2026-04-21,FXI,165150000,,,
2026-04-22,FXI,165150000,,,
2026-04-23,FXI,165150000,,,
2026-04-24,FXI,165150000,,,
2026-04-27,FXI,165150000,36.525001525878906,,
2026-04-28,FXI,165150000,,,
2026-04-29,FXI,165150000,36.38999938964844,,
2026-04-30,FXI,165150000,36.31499862670898,,
2026-05-01,FXI,165150000,,,
2026-05-04,FXI,165150000,36.665000915527344,,
2026-05-05,FXI,165150000,,,
2026-05-06,FXI,164700000,37.060001373291016,,
2026-05-07,FXI,164700000,37.34000015258789,,
2026-05-08,FXI,164700000,,,
2026-05-11,FXI,164400000,37.56999969482422,,
2026-05-12,FXI,164400000,37.28499984741211,,
2026-05-13,FXI,164400000,38.149898529052734,,
2026-05-14,FXI,164400000,37.09999847412109,,
2026-05-15,FXI,164400000,36.40999984741211,,
2026-09-12,FXI,119250000,34.5,2026-09-11,iShares
2026-09-14,FXI,119250000,34.4900016784668,2026-09-11,iShares
2026-09-15,FXI,119250000,34.84000015258789,2026-09-14,iShares
2026-09-12,GBTC,166330100,59.54999923706055,2026-09-11,TradingView
2026-03-30,GDX,310002500,85.79000091552734,,
2026-03-31,GDX,310002500,91.06990051269533,,
2026-04-01,GDX,310002500,,,
2026-04-02,GDX,310002500,,,
2026-04-03,GDX,310002500,,,
2026-04-06,GDX,307902500,,,
2026-04-07,GDX,309952500,,,
2026-04-08,GDX,309952500,,,
2026-04-09,GDX,309952500,,,
2026-04-10,GDX,310952500,,,
2026-04-13,GDX,310552500,,,
2026-04-14,GDX,310552500,,,
2026-04-15,GDX,310552500,,,
2026-04-16,GDX,310502500,,,
2026-04-17,GDX,310502500,,,
2026-04-20,GDX,311152500,,,
2026-04-21,GDX,311152500,,,
2026-04-22,GDX,311152500,,,
2026-04-23,GDX,311152500,,,
2026-04-24,GDX,311152500,,,
2026-04-27,GDX,310802500,93.1500015258789,,
2026-04-28,GDX,310802500,,,
2026-04-29,GDX,308452500,86.79499816894531,,
2026-04-30,GDX,308252500,87.69999694824219,,
2026-05-01,GDX,308402500,,,
2026-05-04,GDX,308252500,87.05999755859375,,
2026-05-05,GDX,305202500,,,
2026-05-06,GDX,305202500,92.52999877929688,,
2026-05-07,GDX,304802500,94.9800033569336,,
2026-05-08,GDX,304802500,,,
2026-05-11,GDX,304852500,97.4800033569336,,
2026-05-12,GDX,304852500,96.27999877929688,,
2026-05-13,GDX,304952500,95.77999877929688,,
2026-05-14,GDX,304752500,93.80999755859376,,
2026-05-15,GDX,304752500,88.08999633789062,,
2026-05-18,GDX,304452500,86.91999816894531,,
2026-05-19,GDX,304452500,83.52999877929688,,
2026-05-20,GDX,304252500,85.38999938964844,,
2026-05-21,GDX,304752500,84.96279907226562,,
2026-05-22,GDX,304752500,84.16999816894531,,
2026-05-25,GDX,304752500,,,
2026-05-26,GDX,304752500,87.41000366210938,,
2026-05-27,GDX,304752500,86.63999938964844,,
2026-05-28,GDX,304752500,86.3499984741211,,
2026-05-29,GDX,304752500,,,
2026-06-01,GDX,304152500,87.33499908447266,,
2026-06-02,GDX,304152500,87.68499755859375,,
2026-06-03,GDX,304402500,85.34500122070312,,
2026-06-04,GDX,304652500,85.87000274658203,,
2026-06-05,GDX,303902500,80.51499938964844,,
2026-06-08,GDX,303902500,79.83999633789062,,
2026-06-09,GDX,303902500,78.6500015258789,,
2026-06-10,GDX,303902500,75.04989624023438,,
2026-06-11,GDX,303902500,75.13999938964844,,
2026-06-12,GDX,304302500,78.24500274658203,,
2026-06-15,GDX,304852500,85.18000030517578,,
2026-06-16,GDX,305102500,87.0801010131836,,
2026-06-17,GDX,305102500,89.18499755859375,,
2026-06-18,GDX,305202500,83.59110260009766,,
2026-06-19,GDX,305602500,,,
2026-06-22,GDX,305602500,81.06999969482422,,
2026-06-23,GDX,305602500,78.27999877929688,,
2026-06-24,GDX,303902500,75.47000122070312,,
2026-06-25,GDX,302102500,75.72699737548828,,
2026-06-26,GDX,300602500,78.04499816894531,,
2026-06-29,GDX,300402500,75.31500244140625,,
2026-06-30,GDX,300402500,74.61009979248047,,
2026-07-01,GDX,300952500,78.0999984741211,,
2026-07-02,GDX,301902500,79.05999755859375,,
2026-07-03,GDX,302052500,,,
2026-07-06,GDX,302952500,78.4363021850586,,
2026-07-07,GDX,302952500,76.45999908447266,,
2026-07-08,GDX,304002500,74.30999755859375,,
2026-07-09,GDX,304002500,75.27999877929688,,
2026-07-10,GDX,305102500,75.43000030517578,,
2026-07-13,GDX,305302500,73.76000213623047,,
2026-07-14,GDX,305302500,,,
2026-07-15,GDX,305502500,,,
2026-07-16,GDX,305652500,72.07499694824219,,
2026-07-17,GDX,305452500,,,
2026-07-20,GDX,305452500,71.05999755859375,,
2026-07-21,GDX,305652500,,,
2026-07-22,GDX,305852500,76.66999816894531,,
2026-07-23,GDX,305852500,75.02999877929688,,
2026-07-24,GDX,305852500,,,
2026-07-27,GDX,305302500,75.13999938964844,,
2026-07-28,GDX,305302500,73.6500015258789,,
2026-07-29,GDX,305002500,72.94999694824219,,
2026-07-30,GDX,305102500,75.33000183105469,,
2026-07-31,GDX,305102500,73.68000030517578,,
2026-08-03,GDX,305052500,74.86499786376953,,
2026-08-04,GDX,304902500,78.08999633789062,,
2026-08-05,GDX,304902500,82.76000213623047,,
2026-08-06,GDX,304902500,83.3949966430664,,
2026-08-07,GDX,305152500,,,
2026-08-10,GDX,305802500,,,
2026-08-11,GDX,305802500,,,
2026-08-12,GDX,306052500,,,
2026-08-13,GDX,306052500,,,
2026-08-14,GDX,308352500,,,
2026-08-17,GDX,310752500,,,
2026-08-18,GDX,310752500,,,
2026-08-19,GDX,311302500,,,
2026-08-20,GDX,311252500,,,
2026-08-21,GDX,311252500,,,
2026-08-24,GDX,310752500,,,
2026-08-25,GDX,310752500,,,
2026-08-26,GDX,311252500,,,
2026-08-27,GDX,310752500,103.69000244140624,,
2026-08-28,GDX,310152500,99.6500015258789,,
2026-08-31,GDX,309652500,97.98500061035156,,
2026-09-01,GDX,309602500,96.77999877929688,,
2026-09-02,GDX,307352500,96.7300033569336,,
2026-09-03,GDX,305802500,100.95999908447266,,
2026-09-04,GDX,304052500,99.69000244140624,,
2026-09-07,GDX,304052500,,,
2026-09-08,GDX,304052500,99.61000061035156,,
2026-09-09,GDX,303852500,99.52999877929688,,
2026-09-10,GDX,301152500,97.0500030517578,,
2026-09-11,GDX,301152500,97.37999725341795,,
2026-03-30,GDXJ,76237446,110.61000061035156,,
2026-03-31,GDXJ,76237446,118.51000213623048,,
2026-04-01,GDXJ,76237446,,,
2026-04-02,GDXJ,76237446,,,
2026-04-03,GDXJ,76237446,,,
2026-04-06,GDXJ,76237446,,,
2026-04-07,GDXJ,75987446,,,
2026-04-08,GDXJ,76287446,,,
2026-04-09,GDXJ,76037446,,,
2026-04-10,GDXJ,76037446,,,
2026-04-13,GDXJ,75787446,,,
2026-04-14,GDXJ,75437446,,,
2026-04-15,GDXJ,75437446,,,
2026-04-16,GDXJ,74987446,,,
2026-04-17,GDXJ,75187446,,,
2026-04-20,GDXJ,75187446,,,
2026-04-21,GDXJ,75087446,,,
2026-04-22,GDXJ,75187446,,,
2026-04-23,GDXJ,75187446,,,
2026-04-24,GDXJ,75237446,,,
2026-04-27,GDXJ,75237446,122.23999786376952,,
2026-04-28,GDXJ,75237446,,,
2026-04-29,GDXJ,74737446,113.91999816894533,,
2026-04-30,GDXJ,74837446,115.6750030517578,,
2026-05-01,GDXJ,74837446,,,
2026-05-04,GDXJ,74587446,114.99500274658205,,
2026-05-05,GDXJ,74187446,,,
2026-05-06,GDXJ,74187446,123.0999984741211,,
2026-05-07,GDXJ,73837446,127.0199966430664,,
2026-05-08,GDXJ,73437446,,,
2026-05-11,GDXJ,73487446,129.55999755859375,,
2026-05-12,GDXJ,73487446,128.41000366210938,,
2026-05-13,GDXJ,73687446,128.35000610351562,,
2026-05-14,GDXJ,74137446,125.23500061035156,,
2026-05-15,GDXJ,74137446,117.47000122070312,,
2026-05-18,GDXJ,74137446,115.20500183105467,,
2026-05-19,GDXJ,74137446,109.7699966430664,,
2026-05-20,GDXJ,73937446,112.26000213623048,,
2026-05-21,GDXJ,73937446,110.83000183105467,,
2026-05-22,GDXJ,73937446,110.375,,
2026-05-25,GDXJ,73337446,,,
2026-05-26,GDXJ,73337446,115.16000366210938,,
2026-05-27,GDXJ,73337446,113.88999938964844,,
2026-05-28,GDXJ,73237446,113.58499908447266,,
2026-05-29,GDXJ,73237446,,,
2026-06-01,GDXJ,72987446,116.13999938964844,,
2026-06-02,GDXJ,72987446,115.54000091552734,,
2026-06-03,GDXJ,73337446,110.97000122070312,,
2026-06-04,GDXJ,73337446,111.16999816894533,,
2026-06-05,GDXJ,73337446,102.98500061035156,,
2026-06-08,GDXJ,73537446,103.01010131835938,,
2026-06-09,GDXJ,73537446,101.30500030517578,,
2026-06-10,GDXJ,73537446,96.38999938964844,,
2026-06-11,GDXJ,73487446,97.0,,
2026-06-12,GDXJ,73187446,101.58000183105467,,
2026-06-15,GDXJ,73087446,111.98500061035156,,
2026-06-16,GDXJ,73187446,113.89810180664062,,
2026-06-17,GDXJ,73187446,117.2300033569336,,
2026-06-18,GDXJ,73037446,108.86000061035156,,
2026-06-19,GDXJ,73037446,,,
2026-06-22,GDXJ,73037446,105.74099731445312,,
2026-06-23,GDXJ,73037446,101.52999877929688,,
2026-06-24,GDXJ,72437446,97.81999969482422,,
2026-06-25,GDXJ,72137446,97.69000244140624,,
2026-06-26,GDXJ,71787446,101.98999786376952,,
2026-06-29,GDXJ,71787446,98.11000061035156,,
2026-06-30,GDXJ,71787446,97.41000366210938,,
2026-07-01,GDXJ,72037446,101.93499755859376,,
2026-07-02,GDXJ,72037446,104.84500122070312,,
2026-07-03,GDXJ,72037446,,,
2026-07-06,GDXJ,72037446,103.54000091552734,,
2026-07-07,GDXJ,72037446,100.16500091552734,,
2026-07-08,GDXJ,72037446,96.94499969482422,,
2026-07-09,GDXJ,72037446,98.37000274658205,,
2026-07-10,GDXJ,72037446,98.83999633789062,,
2026-07-13,GDXJ,71887446,96.04000091552734,,
2026-07-14,GDXJ,71887446,,,
2026-07-15,GDXJ,71887446,,,
2026-07-16,GDXJ,71887446,93.4749984741211,,
2026-07-17,GDXJ,72187446,,,
2026-07-20,GDXJ,72187446,92.2300033569336,,
2026-07-21,GDXJ,72187446,,,
2026-07-22,GDXJ,72187446,100.7750015258789,,
2026-07-23,GDXJ,72187446,98.0,,
2026-07-24,GDXJ,72187446,,,
2026-07-27,GDXJ,72187446,97.90499877929688,,
2026-07-28,GDXJ,72187446,95.58999633789062,,
2026-07-29,GDXJ,71887446,94.6449966430664,,
2026-07-30,GDXJ,71887446,97.0250015258789,,
2026-07-31,GDXJ,71887446,95.25499725341795,,
2026-08-03,GDXJ,71887446,96.56999969482422,,
2026-08-04,GDXJ,71887446,101.95500183105467,,
2026-08-05,GDXJ,71887446,108.33000183105467,,
2026-08-06,GDXJ,71687446,108.8000030517578,,
2026-08-07,GDXJ,71687446,,,
2026-08-10,GDXJ,71987446,,,
2026-08-11,GDXJ,71987446,,,
2026-08-12,GDXJ,72237446,,,
2026-08-13,GDXJ,72787446,,,
2026-08-14,GDXJ,73087446,,,
2026-08-17,GDXJ,73287446,,,
2026-08-18,GDXJ,73237446,,,
2026-08-19,GDXJ,73337446,,,
2026-08-20,GDXJ,73337446,,,
2026-08-21,GDXJ,73587446,,,
2026-08-24,GDXJ,74437446,,,
2026-08-25,GDXJ,74437446,,,
2026-08-26,GDXJ,74437446,,,
2026-08-27,GDXJ,75087446,134.7899932861328,,
2026-08-28,GDXJ,75087446,128.8000030517578,,
2026-08-31,GDXJ,75087446,126.93000030517578,,
2026-09-01,GDXJ,75087446,125.24500274658205,,
2026-09-02,GDXJ,75087446,126.66000366210938,,
2026-09-03,GDXJ,74587446,131.5399932861328,,
2026-09-04,GDXJ,74537446,129.55499267578125,,
2026-09-07,GDXJ,74287446,,,
2026-09-08,GDXJ,74287446,128.91000366210938,,
2026-09-09,GDXJ,74287446,129.26499938964844,,
2026-09-10,GDXJ,74387446,125.71009826660156,,
2026-09-11,GDXJ,74137446,126.06999969482422,,
2026-03-28,GLD,368300000,,,
2026-03-30,GLD,367200000,414.5799865722656,,
2026-03-31,GLD,366000000,428.5199890136719,,
2026-04-01,GLD,366400000,,,
2026-04-02,GLD,367700000,,,
2026-04-03,GLD,367700000,,,
2026-04-06,GLD,367700000,,,
2026-04-07,GLD,368900000,,,
2026-04-08,GLD,368900000,,,
2026-04-09,GLD,368400000,,,
2026-04-10,GLD,368200000,,,
2026-04-13,GLD,367100000,,,
2026-04-14,GLD,366500000,,,
2026-04-15,GLD,367300000,,,
2026-04-16,GLD,368100000,,,
2026-04-17,GLD,368500000,,,
2026-09-12,GLD,368200000,398.6300048828125,2026-09-11,SSGA
2026-09-14,GLD,367200000,398.7699890136719,2026-09-11,SSGA
2026-09-15,GLD,367200000,392.8399963378906,2026-09-14,SSGA
2026-03-28,GLDM,324150000,,,
2026-03-30,GLDM,324150000,89.31999969482422,,
2026-03-31,GLDM,324750000,92.30500030517578,,
2026-04-01,GLDM,324750000,,,
2026-04-02,GLDM,325250000,,,
2026-04-03,GLDM,325250000,,,
2026-04-06,GLDM,325250000,,,
2026-04-07,GLDM,325750000,,,
2026-04-08,GLDM,326350000,,,
2026-04-09,GLDM,329950000,,,
2026-04-10,GLDM,331550000,,,
2026-04-13,GLDM,331550000,,,
2026-04-14,GLDM,332450000,,,
2026-04-15,GLDM,333550000,,,
2026-04-16,GLDM,334250000,,,
2026-04-17,GLDM,334750000,,,
2026-09-12,GLDM,370050000,86.01000213623047,2026-09-11,SSGA
2026-09-14,GLDM,370050000,86.0,2026-09-11,SSGA
2026-09-15,GLDM,371250000,84.7300033569336,2026-09-14,SSGA
2026-03-28,GSG,31700000,,,
2026-03-30,GSG,31700000,32.58000183105469,,
2026-03-31,GSG,31850000,32.224998474121094,,
2026-04-01,GSG,32050000,,,
2026-04-02,GSG,30950000,,,
2026-04-03,GSG,31950000,,,
2026-04-06,GSG,31950000,,,
2026-04-07,GSG,32700000,,,
2026-04-08,GSG,32700000,,,
2026-04-09,GSG,32700000,,,
2026-04-10,GSG,31500000,,,
2026-04-13,GSG,31100000,,,
2026-04-14,GSG,30800000,,,
2026-04-15,GSG,30200000,,,
2026-04-16,GSG,30400000,,,
2026-04-17,GSG,30400000,,,
2026-04-20,GSG,30250000,,,
2026-04-21,GSG,30900000,,,
2026-04-22,GSG,31000000,,,
2026-04-23,GSG,31000000,,,
2026-04-24,GSG,31000000,,,
2026-04-27,GSG,31000000,32.81999969482422,,
2026-04-28,GSG,31000000,,,
2026-04-29,GSG,30850000,34.18000030517578,,
2026-04-30,GSG,30850000,34.11000061035156,,
2026-05-01,GSG,31100000,,,
2026-05-04,GSG,31150000,34.09000015258789,,
2026-05-05,GSG,31150000,,,
2026-05-06,GSG,31850000,32.939998626708984,,
2026-05-07,GSG,31600000,32.05500030517578,,
2026-05-08,GSG,31700000,,,
2026-05-11,GSG,31400000,33.459999084472656,,
2026-05-12,GSG,31200000,34.22999954223633,,
2026-05-13,GSG,31800000,34.470001220703125,,
2026-05-14,GSG,31800000,33.79999923706055,,
2026-05-15,GSG,31800000,34.040000915527344,,
2026-09-12,GSG,29450000,36.435001373291016,2026-09-11,iShares
2026-09-14,GSG,29450000,36.470001220703125,2026-09-11,iShares
2026-09-15,GSG,29450000,36.5,2026-09-14,iShares
2026-09-12,GSOL,20694135,7.639999866485596,2026-09-11,TradingView
2026-09-12,HACK,25800000,109.80500030517578,2026-09-11,TradingView
2026-09-14,HACK,25800000,109.9000015258789,2026-09-11,TradingView
2026-09-15,HACK,25800000,118.55999755859375,2026-09-14,TradingView
2026-09-12,HEWJ,10500000,64.3499984741211,2026-09-11,TradingView
2026-09-14,HEWJ,10500000,64.26000213623047,2026-09-11,TradingView
2026-09-15,HEWJ,10500000,63.84000015258789,2026-09-14,TradingView
2026-03-28,HYG,207500000,,,
2026-03-30,HYG,207500000,78.80999755859375,,
2026-03-31,HYG,201400000,79.48999786376953,,
2026-04-01,HYG,206400000,,,
2026-04-02,HYG,206200000,,,
2026-04-03,HYG,208700000,,,
2026-04-06,HYG,208700000,,,
2026-04-07,HYG,209600000,,,
2026-04-08,HYG,210100000,,,
2026-04-09,HYG,204000000,,,
2026-04-10,HYG,209700000,,,
2026-04-13,HYG,212800000,,,
2026-04-14,HYG,210700000,,,
2026-04-15,HYG,210400000,,,
2026-04-16,HYG,213000000,,,
2026-04-17,HYG,218400000,,,
2026-04-20,HYG,217700000,,,
2026-04-21,HYG,209000000,,,
2026-04-22,HYG,205300000,,,
2026-04-23,HYG,211200000,,,
2026-04-24,HYG,212200000,,,
2026-04-27,HYG,216500000,80.45999908447266,,
2026-04-28,HYG,209700000,,,
2026-04-29,HYG,211500000,80.26499938964844,,
2026-04-30,HYG,213800000,80.25,,
2026-05-01,HYG,211300000,,,
2026-05-04,HYG,210300000,79.96499633789062,,
2026-05-05,HYG,209300000,,,
2026-05-06,HYG,206400000,80.1500015258789,,
2026-05-07,HYG,206900000,80.16500091552734,,
2026-05-08,HYG,210400000,,,
2026-05-11,HYG,209900000,80.09500122070312,,
2026-05-12,HYG,207300000,79.80999755859375,,
2026-05-13,HYG,207700000,79.84500122070312,,
2026-05-14,HYG,209500000,79.9800033569336,,
2026-05-15,HYG,211600000,79.58499908447266,,
2026-09-12,HYG,192900000,78.65499877929688,2026-09-11,iShares
2026-09-14,HYG,184600000,78.5999984741211,2026-09-11,iShares
2026-09-15,HYG,182300000,78.52999877929688,2026-09-14,iShares
2026-09-12,IAGG,239100000,49.400001525878906,2026-09-11,TradingView
2026-03-30,IAU,810700000,84.93000030517578,,
2026-03-31,IAU,810700000,87.80000305175781,,
2026-04-01,IAU,810700000,,,
2026-04-02,IAU,810700000,,,
2026-04-03,IAU,810700000,,,
2026-04-06,IAU,810700000,,,
2026-04-07,IAU,818150000,,,
2026-04-08,IAU,818150000,,,
2026-04-09,IAU,818950000,,,
2026-04-10,IAU,822550000,,,
2026-04-13,IAU,823200000,,,
2026-04-14,IAU,823200000,,,
2026-04-15,IAU,823200000,,,
2026-04-16,IAU,823200000,,,
2026-04-17,IAU,822950000,,,
2026-04-20,IAU,822950000,,,
2026-04-21,IAU,822950000,,,
2026-04-22,IAU,822400000,,,
2026-04-23,IAU,823000000,,,
2026-04-24,IAU,823000000,,,
2026-04-27,IAU,823000000,88.37000274658203,,
2026-04-28,IAU,823000000,,,
2026-04-29,IAU,823000000,84.9000015258789,,
2026-04-30,IAU,823000000,86.9458999633789,,
2026-05-01,IAU,823600000,,,
2026-05-04,IAU,825900000,85.83499908447266,,
2026-05-05,IAU,825900000,,,
2026-05-06,IAU,824450000,88.4749984741211,,
2026-05-07,IAU,823500000,89.2500991821289,,
2026-05-08,IAU,822750000,,,
2026-05-11,IAU,822950000,88.97000122070312,,
2026-05-12,IAU,822950000,88.21499633789062,,
2026-05-13,IAU,822950000,88.01499938964844,,
2026-05-14,IAU,822950000,87.98999786376953,,
2026-05-15,IAU,822950000,85.37000274658203,,
2026-05-18,IAU,822350000,85.3499984741211,,
2026-05-19,IAU,822350000,84.49500274658203,,
2026-05-20,IAU,821850000,85.13500213623047,,
2026-05-21,IAU,821850000,84.76000213623047,,
2026-05-22,IAU,818950000,84.62000274658203,,
2026-05-25,IAU,817950000,,,
2026-05-26,IAU,817950000,84.92520141601562,,
2026-05-27,IAU,817950000,83.41500091552734,,
2026-05-28,IAU,817950000,84.20500183105469,,
2026-05-29,IAU,817950000,,,
2026-06-01,IAU,817550000,84.3499984741211,,
2026-06-02,IAU,817550000,84.625,,
2026-06-03,IAU,817550000,83.46910095214844,,
2026-06-04,IAU,816800000,83.9800033569336,,
2026-06-05,IAU,816800000,81.81999969482422,,
2026-06-08,IAU,818300000,81.56999969482422,,
2026-06-09,IAU,818300000,80.97010040283203,,
2026-06-10,IAU,817350000,77.6500015258789,,
2026-06-11,IAU,815850000,76.94000244140625,,
2026-06-12,IAU,815850000,78.66999816894531,,
2026-06-15,IAU,810700000,81.46499633789062,,
2026-06-16,IAU,807200000,81.69499969482422,,
2026-06-17,IAU,807200000,81.81559753417969,,
2026-06-18,IAU,804450000,79.90499877929688,,
2026-06-19,IAU,804450000,,,
2026-06-22,IAU,806850000,78.66000366210938,,
2026-06-23,IAU,803850000,77.56500244140625,,
2026-06-24,IAU,802650000,75.5009994506836,,
2026-06-25,IAU,802050000,75.61000061035156,,
2026-06-26,IAU,797150000,76.81500244140625,,
2026-06-29,IAU,795650000,75.61009979248047,,
2026-06-30,IAU,795650000,75.96499633789062,,
2026-07-01,IAU,794200000,77.16510009765625,,
2026-07-02,IAU,794200000,77.9000015258789,,
2026-07-03,IAU,791550000,,,
2026-07-06,IAU,791550000,77.88999938964844,,
2026-07-07,IAU,791550000,78.12999725341797,,
2026-07-08,IAU,790950000,76.56500244140625,,
2026-07-09,IAU,792200000,77.5,,
2026-07-10,IAU,792200000,77.07009887695312,,
2026-07-13,IAU,790550000,75.50499725341797,,
2026-07-14,IAU,790550000,,,
2026-07-15,IAU,789650000,,,
2026-07-16,IAU,789650000,74.95999908447266,,
2026-07-17,IAU,789300000,,,
2026-07-20,IAU,788650000,75.4000015258789,,
2026-07-21,IAU,787850000,,,
2026-07-22,IAU,787850000,77.87999725341797,,
2026-07-23,IAU,789850000,76.26499938964844,,
2026-07-24,IAU,789250000,,,
2026-07-27,IAU,790150000,76.61499786376953,,
2026-07-28,IAU,790150000,75.72989654541016,,
2026-07-29,IAU,789550000,75.34500122070312,,
2026-07-30,IAU,789550000,77.05010223388672,,
2026-07-31,IAU,789550000,75.68000030517578,,
2026-08-03,IAU,789050000,75.8550033569336,,
2026-08-04,IAU,788600000,76.78810119628906,,
2026-08-05,IAU,787800000,79.01000213623047,,
2026-08-06,IAU,784800000,80.1500015258789,,
2026-08-07,IAU,784800000,,,
2026-08-10,IAU,782900000,,,
2026-08-11,IAU,781100000,,,
2026-08-12,IAU,781100000,,,
2026-08-13,IAU,781100000,,,
2026-08-14,IAU,780200000,,,
2026-08-17,IAU,780500000,,,
2026-08-18,IAU,780500000,,,
2026-08-19,IAU,780000000,,,
2026-08-20,IAU,780000000,,,
2026-08-21,IAU,780950000,,,
2026-08-24,IAU,784200000,,,
2026-08-25,IAU,784200000,,,
2026-08-26,IAU,786700000,,,
2026-08-27,IAU,787350000,86.62000274658203,,
2026-08-28,IAU,787950000,83.81999969482422,,
2026-08-31,IAU,787950000,83.23999786376953,,
2026-09-01,IAU,787350000,82.19000244140625,,
2026-09-02,IAU,787350000,82.13619995117188,,
2026-09-03,IAU,787350000,84.51000213623047,,
2026-09-04,IAU,787650000,83.44499969482422,,
2026-09-07,IAU,788000000,,,
2026-09-08,IAU,788000000,82.69499969482422,,
2026-09-09,IAU,788000000,82.76499938964844,,
2026-09-10,IAU,788000000,82.02999877929688,,
2026-09-11,IAU,788000000,81.7750015258789,,
2026-09-12,IAU,788000000,81.73500061035156,2026-09-11,TradingView
2026-09-14,IAU,789300000,81.70999908447266,2026-09-11,TradingView
2026-09-15,IAU,789300000,80.54000091552734,2026-09-14,TradingView
2026-03-28,IBB,48250000,,,
2026-03-30,IBB,48250000,161.86000061035156,,
2026-03-31,IBB,48250000,168.05999755859375,,
2026-04-01,IBB,48100000,,,
2026-04-02,IBB,48200000,,,
2026-04-03,IBB,48350000,,,
2026-04-06,IBB,48350000,,,
2026-04-07,IBB,48200000,,,
2026-04-08,IBB,48050000,,,
2026-04-09,IBB,48200000,,,
2026-04-10,IBB,48700000,,,
2026-04-13,IBB,48450000,,,
2026-04-14,IBB,48350000,,,
2026-04-15,IBB,48300000,,,
2026-04-16,IBB,48250000,,,
2026-04-17,IBB,49050000,,,
2026-04-20,IBB,48050000,,,
2026-04-21,IBB,48250000,,,
2026-04-22,IBB,47900000,,,
2026-04-23,IBB,47550000,,,
2026-04-24,IBB,48100000,,,
2026-04-27,IBB,48250000,169.6999969482422,,
2026-04-28,IBB,47500000,,,
2026-04-29,IBB,47600000,166.17999267578125,,
2026-04-30,IBB,47500000,166.90499877929688,,
2026-05-01,IBB,47100000,,,
2026-05-04,IBB,47400000,168.75999450683594,,
2026-05-05,IBB,47400000,,,
2026-05-06,IBB,47200000,171.5,,
2026-05-07,IBB,47000000,171.75999450683594,,
2026-05-08,IBB,47050000,,,
2026-05-11,IBB,47050000,172.8300018310547,,
2026-05-12,IBB,47550000,171.55999755859375,,
2026-05-13,IBB,46900000,171.07000732421875,,
2026-05-14,IBB,46950000,171.66000366210938,,
2026-05-15,IBB,46850000,168.69000244140625,,
2026-03-28,IBIT,1385120000,,,
2026-03-30,IBIT,1385120000,37.68000030517578,,
2026-03-31,IBIT,1379720000,38.369998931884766,,
2026-04-01,IBIT,1379920000,,,
2026-04-02,IBIT,1382480000,,,
2026-04-03,IBIT,1380240000,,,
2026-04-06,IBIT,1380240000,,,
2026-04-07,IBIT,1380160000,,,
2026-04-08,IBIT,1384760000,,,
2026-04-09,IBIT,1384320000,,,
2026-04-10,IBIT,1385320000,,,
2026-04-13,IBIT,1391920000,,,
2026-04-14,IBIT,1395240000,,,
2026-04-15,IBIT,1396080000,,,
2026-04-16,IBIT,1401160000,,,
2026-04-17,IBIT,1408040000,,,
2026-04-20,IBIT,1409960000,,,
2026-04-21,IBIT,1416440000,,,
2026-04-22,IBIT,1422360000,,,
2026-04-23,IBIT,1423280000,,,
2026-04-24,IBIT,1428800000,,,
2026-04-27,IBIT,1432600000,,,
2026-04-28,IBIT,1433120000,,,
2026-04-29,IBIT,1433120000,43.39500045776367,,
2026-04-30,IBIT,1430520000,43.43999862670898,,
2026-05-01,IBIT,1429240000,,,
2026-05-04,IBIT,1429680000,44.72499847412109,,
2026-05-05,IBIT,1436080000,,,
2026-05-06,IBIT,1443480000,46.28010177612305,,
2026-05-07,IBIT,1448920000,45.63999938964844,,
2026-05-08,IBIT,1451840000,,,
2026-05-11,IBIT,1449680000,45.78499984741211,,
2026-05-12,IBIT,1449080000,45.67010116577149,,
2026-05-13,IBIT,1448920000,45.185001373291016,,
2026-05-14,IBIT,1448200000,45.16999816894531,,
2026-05-15,IBIT,1441880000,44.58000183105469,,
2026-09-12,IBIT,1387360000,43.584999084472656,2026-09-11,iShares
2026-09-14,IBIT,1386800000,43.77000045776367,2026-09-11,iShares
2026-09-15,IBIT,1386360000,44.7400016784668,2026-09-14,iShares
2026-03-28,ICLN,118500000,,,
2026-03-30,ICLN,118500000,17.510000228881836,,
2026-03-31,ICLN,118500000,18.09499931335449,,
2026-04-01,ICLN,118500000,,,
2026-04-02,ICLN,118500000,,,
2026-04-03,ICLN,119000000,,,
2026-04-06,ICLN,119000000,,,
2026-04-07,ICLN,119000000,,,
2026-04-08,ICLN,119000000,,,
2026-04-09,ICLN,119000000,,,
2026-04-10,ICLN,119000000,,,
2026-04-13,ICLN,119000000,,,
2026-04-14,ICLN,119000000,,,
2026-04-15,ICLN,119200000,,,
2026-04-16,ICLN,119900000,,,
2026-04-17,ICLN,120200000,,,
2026-04-20,ICLN,121000000,,,
2026-04-21,ICLN,121000000,,,
2026-04-22,ICLN,121000000,,,
2026-04-23,ICLN,121000000,,,
2026-04-24,ICLN,121000000,,,
2026-04-27,ICLN,121000000,20.209999084472656,,
2026-04-28,ICLN,121000000,,,
2026-04-29,ICLN,121000000,20.200000762939453,,
2026-04-30,ICLN,121000000,20.39999961853028,,
2026-05-01,ICLN,121000000,,,
2026-05-04,ICLN,121700000,20.895000457763672,,
2026-05-05,ICLN,121700000,,,
2026-05-06,ICLN,124700000,21.190000534057617,,
2026-05-07,ICLN,127200000,21.30500030517578,,
2026-05-08,ICLN,128500000,,,
2026-05-11,ICLN,129900000,21.834999084472656,,
2026-05-12,ICLN,129900000,21.38500022888184,,
2026-05-13,ICLN,130300000,21.7549991607666,,
2026-05-14,ICLN,131300000,21.420000076293945,,
2026-05-15,ICLN,133800000,21.450000762939453,,
2026-03-28,IEF,508000000,,,
2026-03-30,IEF,508000000,95.2699966430664,,
2026-03-31,IEF,510300000,95.5,,
2026-04-01,IEF,512800000,,,
2026-04-02,IEF,510500000,,,
2026-04-03,IEF,514200000,,,
2026-04-06,IEF,514200000,,,
2026-04-07,IEF,519500000,,,
2026-04-08,IEF,519500000,,,
2026-04-09,IEF,519300000,,,
2026-04-10,IEF,518000000,,,
2026-04-13,IEF,511000000,,,
2026-04-14,IEF,509700000,,,
2026-04-15,IEF,509700000,,,
2026-04-16,IEF,509100000,,,
2026-04-17,IEF,509300000,,,
2026-04-20,IEF,508500000,,,
2026-04-21,IEF,508200000,,,
2026-04-22,IEF,508200000,,,
2026-04-23,IEF,508600000,,,
2026-04-24,IEF,508400000,,,
2026-04-27,IEF,509100000,95.43499755859376,,
2026-04-28,IEF,509400000,,,
2026-04-29,IEF,509400000,94.96499633789062,,
2026-04-30,IEF,510100000,95.0,,
2026-05-01,IEF,510400000,,,
2026-05-04,IEF,506500000,94.53500366210938,,
2026-05-05,IEF,506700000,,,
2026-05-06,IEF,507000000,94.91000366210938,,
2026-05-07,IEF,504800000,95.12989807128906,,
2026-05-08,IEF,502400000,,,
2026-05-11,IEF,503200000,94.78500366210938,,
2026-05-12,IEF,504000000,94.36000061035156,,
2026-05-13,IEF,503700000,94.2249984741211,,
2026-05-14,IEF,503700000,94.489501953125,,
2026-05-15,IEF,505500000,93.625,,
2026-09-12,IEF,456100000,91.01000213623048,2026-09-11,iShares
2026-09-14,IEF,458700000,91.01000213623048,2026-09-11,iShares
2026-09-15,IEF,459100000,90.93000030517578,2026-09-14,iShares
2026-09-12,IEI,150900000,114.54049682617188,2026-09-11,TradingView
2026-09-14,IEI,150700000,114.5500030517578,2026-09-11,TradingView
2026-09-15,IEI,150700000,114.5500030517578,2026-09-11,TradingView
2026-03-28,IEMG,1879800000,,,
2026-03-30,IEMG,1879800000,67.31999969482422,,
2026-03-31,IEMG,1879800000,69.05500030517578,,
2026-04-01,IEMG,1879800000,,,
2026-04-02,IEMG,1879800000,,,
2026-04-03,IEMG,1879800000,,,
2026-04-06,IEMG,1879800000,,,
2026-04-07,IEMG,1879800000,,,
2026-04-08,IEMG,1879800000,,,
2026-04-09,IEMG,1883800000,,,
2026-04-10,IEMG,1883800000,,,
2026-04-13,IEMG,1883800000,,,
2026-04-14,IEMG,1883800000,,,
2026-04-15,IEMG,1883800000,,,
2026-04-16,IEMG,1883800000,,,
2026-04-17,IEMG,1883800000,,,
2026-04-20,IEMG,1883800000,,,
2026-04-21,IEMG,1883800000,,,
2026-04-22,IEMG,1883800000,,,
2026-04-23,IEMG,1883800000,,,
2026-04-24,IEMG,1883800000,,,
2026-04-27,IEMG,1883800000,78.33999633789062,,
2026-04-28,IEMG,1883800000,,,
2026-04-29,IEMG,1883800000,77.16500091552734,,
2026-04-30,IEMG,1883800000,77.43000030517578,,
2026-05-01,IEMG,1888800000,,,
2026-05-04,IEMG,1888800000,79.30500030517578,,
2026-05-05,IEMG,1888800000,,,
2026-05-06,IEMG,1888800000,81.93499755859375,,
2026-05-07,IEMG,1888800000,82.36750030517578,,
2026-05-08,IEMG,1888800000,,,
2026-05-11,IEMG,1888800000,82.98500061035156,,
2026-05-12,IEMG,1888800000,80.83499908447266,,
2026-05-13,IEMG,1892800000,81.86000061035156,,
2026-05-14,IEMG,1892800000,81.7699966430664,,
2026-05-15,IEMG,1892800000,79.48500061035156,,
2026-09-12,IEMG,1961000000,82.48500061035156,2026-09-11,iShares
2026-09-14,IEMG,1961000000,82.56999969482422,2026-09-11,iShares
2026-09-15,IEMG,1961000000,80.4000015258789,2026-09-14,iShares
2026-09-12,IGIB,361050000,51.25,2026-09-11,TradingView
2026-09-14,IGIB,361250000,51.22999954223633,2026-09-11,TradingView
2026-09-15,IGIB,361250000,51.22999954223633,2026-09-11,TradingView
2026-09-12,IGOV,37550000,40.935001373291016,2026-09-11,TradingView
2026-09-12,IGSB,455000000,51.53409957885742,2026-09-11,TradingView
2026-09-14,IGSB,455750000,51.52999877929688,2026-09-11,TradingView
2026-09-15,IGSB,455750000,51.52999877929688,2026-09-11,TradingView
2026-09-12,IJH,1661700000,74.44499969482422,2026-09-11,TradingView
2026-09-14,IJH,1662050000,74.44000244140625,2026-09-11,TradingView
2026-09-15,IJH,1662050000,73.79000091552734,2026-09-14,TradingView
2026-09-12,ILF,110500000,35.79999923706055,2026-09-11,TradingView
2026-09-14,ILF,110500000,35.970001220703125,2026-09-11,TradingView
2026-09-15,ILF,111500000,35.54999923706055,2026-09-14,TradingView
2026-03-28,INDA,13450000,,,
2026-03-30,INDA,13450000,45.41999816894531,,
2026-03-31,INDA,13450000,46.41999816894531,,
2026-04-01,INDA,13450000,,,
2026-04-02,INDA,13450000,,,
2026-04-03,INDA,13450000,,,
2026-04-06,INDA,13450000,,,
2026-04-07,INDA,13450000,,,
2026-04-08,INDA,13450000,,,
2026-04-09,INDA,13450000,,,
2026-04-10,INDA,13450000,,,
2026-04-13,INDA,13450000,,,
2026-04-14,INDA,13450000,,,
2026-04-15,INDA,13450000,,,
2026-04-16,INDA,13450000,,,
2026-04-17,INDA,13450000,,,
2026-04-20,INDA,13450000,,,
2026-04-21,INDA,13450000,,,
2026-04-22,INDA,13450000,,,
2026-04-23,INDA,13450000,,,
2026-04-24,INDA,13450000,,,
2026-04-27,INDA,13450000,49.47999954223633,,
2026-04-28,INDA,13450000,,,
2026-04-29,INDA,13450000,49.040000915527344,,
2026-04-30,INDA,13450000,49.0099983215332,,
2026-05-01,INDA,13450000,,,
2026-05-04,INDA,13450000,48.91999816894531,,
2026-05-05,INDA,13450000,,,
2026-05-06,INDA,13450000,49.84999847412109,,
2026-05-07,INDA,13450000,50.19499969482422,,
2026-05-08,INDA,13450000,,,
2026-05-11,INDA,13450000,48.65499877929688,,
2026-05-12,INDA,13450000,47.51499938964844,,
2026-05-13,INDA,13450000,47.744998931884766,,
2026-05-14,INDA,13450000,48.172000885009766,,
2026-05-15,INDA,13250000,47.97999954223633,,
2026-09-12,INDA,12650000,48.470001220703125,2026-09-11,iShares
2026-09-14,INDA,12300000,48.56999969482422,2026-09-11,iShares
2026-09-15,INDA,12300000,48.43000030517578,2026-09-14,iShares
2026-09-12,INDY,12650000,42.40999984741211,2026-09-11,TradingView
2026-09-14,INDY,12300000,42.5099983215332,2026-09-11,TradingView
2026-09-15,INDY,12300000,42.459999084472656,2026-09-14,TradingView
2026-09-12,ITA,59000000,219.5500030517578,2026-09-11,TradingView
2026-09-14,ITA,58800000,219.009994506836,2026-09-11,TradingView
2026-09-15,ITA,58800000,216.77000427246094,2026-09-14,TradingView
2026-09-12,ITOT,575900000,167.28500366210938,2026-09-11,TradingView
2026-09-14,ITOT,576950000,167.11000061035156,2026-09-11,TradingView
2026-09-15,ITOT,576750000,166.3699951171875,2026-09-14,TradingView
2026-09-12,IVE,212000000,235.3650054931641,2026-09-11,TradingView
2026-09-14,IVE,212100000,235.32000732421875,2026-09-11,TradingView
2026-09-15,IVE,212100000,234.9600067138672,2026-09-14,TradingView
2026-03-28,IVV,1101750000,,,
2026-03-30,IVV,1101750000,634.9299926757812,,
2026-03-31,IVV,1101700000,650.2999877929688,,
2026-04-01,IVV,1102850000,,,
2026-04-02,IVV,1102250000,,,
2026-04-03,IVV,1102400000,,,
2026-04-06,IVV,1102400000,,,
2026-04-07,IVV,1096250000,,,
2026-04-08,IVV,1095400000,,,
2026-04-09,IVV,1095550000,,,
2026-04-10,IVV,1095650000,,,
2026-04-13,IVV,1094850000,,,
2026-04-14,IVV,1094550000,,,
2026-04-15,IVV,1096250000,,,
2026-04-16,IVV,1097650000,,,
2026-04-17,IVV,1097950000,,,
2026-04-20,IVV,1098300000,,,
2026-04-21,IVV,1098400000,,,
2026-04-22,IVV,1097850000,,,
2026-04-23,IVV,1097950000,,,
2026-04-24,IVV,1098100000,,,
2026-04-27,IVV,1100700000,716.4299926757812,,
2026-04-28,IVV,1100500000,,,
2026-04-29,IVV,1104850000,713.260009765625,,
2026-04-30,IVV,1104250000,716.260009765625,,
2026-05-01,IVV,1104700000,,,
2026-05-04,IVV,1107950000,723.9099731445312,,
2026-05-05,IVV,1108200000,,,
2026-05-06,IVV,1108600000,732.989990234375,,
2026-05-07,IVV,1107700000,737.6821899414062,,
2026-05-08,IVV,1108550000,,,
2026-05-11,IVV,1108950000,742.260009765625,,
2026-05-12,IVV,1109050000,738.7999877929688,,
2026-05-13,IVV,1110550000,741.8095703125,,
2026-05-14,IVV,1110600000,748.315185546875,,
2026-05-15,IVV,1112200000,743.5549926757812,,
2026-09-12,IVV,1102650000,768.7750244140625,2026-09-11,iShares
2026-09-14,IVV,1084200000,767.9199829101562,2026-09-11,iShares
2026-09-15,IVV,1076250000,764.47998046875,2026-09-14,iShares
2026-09-12,IVW,550100000,139.57000732421875,2026-09-11,TradingView
2026-09-14,IVW,550200000,139.30999755859375,2026-09-11,TradingView
2026-09-15,IVW,550200000,138.32000732421875,2026-09-14,TradingView
2026-09-12,IWB,117100000,418.3200073242188,2026-09-11,TradingView
2026-09-14,IWB,117050000,417.9100036621094,2026-09-11,TradingView
2026-09-15,IWB,117050000,416.04998779296875,2026-09-14,TradingView
2026-09-12,IWD,326450000,255.5500946044922,2026-09-11,TradingView
2026-09-14,IWD,326050000,255.5800018310547,2026-09-11,TradingView
2026-09-15,IWD,326050000,255.3699951171875,2026-09-14,TradingView
2026-09-12,IWF,1021000000,122.52010345458984,2026-09-11,TradingView
2026-09-14,IWF,1020900000,122.2699966430664,2026-09-11,TradingView
2026-09-15,IWF,1020750000,121.26000213623047,2026-09-14,TradingView
2026-03-28,IWM,283800000,,,
2026-03-30,IWM,283800000,239.6100006103516,,
2026-03-31,IWM,282800000,246.6000061035156,,
2026-04-01,IWM,290100000,,,
2026-04-02,IWM,287750000,,,
2026-04-03,IWM,286100000,,,
2026-04-06,IWM,286100000,,,
2026-04-07,IWM,281750000,,,
2026-04-08,IWM,279700000,,,
2026-04-09,IWM,279750000,,,
2026-04-10,IWM,279850000,,,
2026-04-13,IWM,280200000,,,
2026-04-14,IWM,280350000,,,
2026-04-15,IWM,280700000,,,
2026-04-16,IWM,279900000,,,
2026-04-17,IWM,280550000,,,
2026-04-20,IWM,281150000,,,
2026-04-21,IWM,281850000,,,
2026-04-22,IWM,276900000,,,
2026-04-23,IWM,277150000,,,
2026-04-24,IWM,276700000,,,
2026-04-27,IWM,274400000,277.2237854003906,,
2026-04-28,IWM,274500000,,,
2026-04-29,IWM,275200000,272.67498779296875,,
2026-04-30,IWM,277700000,273.8099975585937,,
2026-05-01,IWM,276400000,,,
2026-05-04,IWM,278750000,278.6650085449219,,
2026-05-05,IWM,283600000,,,
2026-05-06,IWM,278750000,284.1000061035156,,
2026-05-07,IWM,280700000,284.8500061035156,,
2026-05-08,IWM,278950000,,,
2026-05-11,IWM,278800000,286.3599853515625,,
2026-05-12,IWM,278100000,281.9649963378906,,
2026-05-13,IWM,275700000,281.32000732421875,,
2026-05-14,IWM,277450000,282.82000732421875,,
2026-05-15,IWM,278850000,278.67999267578125,,
2026-09-12,IWM,269550000,289.2349853515625,2026-09-11,iShares
2026-09-14,IWM,271200000,288.8900146484375,2026-09-11,iShares
2026-09-15,IWM,277550000,287.9100036621094,2026-09-14,iShares
2026-09-12,IWN,65200000,219.8800048828125,2026-09-11,TradingView
2026-09-14,IWN,65250000,219.69000244140625,2026-09-11,TradingView
2026-09-15,IWN,65250000,219.4499969482422,2026-09-14,TradingView
2026-09-12,IWO,39150000,,,TradingView
2026-09-14,IWO,39150000,367.6300048828125,2026-09-11,TradingView
2026-09-15,IWO,39150000,365.6000061035156,2026-09-14,TradingView
2026-09-12,IXUS,620800000,,,TradingView
2026-09-14,IXUS,619900000,97.22000122070312,2026-09-11,TradingView
2026-09-15,IXUS,619900000,95.94999694824219,2026-09-14,TradingView
2026-03-30,JAAA,531450000,50.5099983215332,,
2026-03-31,JAAA,531450000,50.345001220703125,,
2026-04-01,JAAA,531450000,,,
2026-04-02,JAAA,531450000,,,
2026-04-03,JAAA,531450000,,,
2026-04-06,JAAA,531450000,,,
2026-04-07,JAAA,529250000,,,
2026-04-08,JAAA,529250000,,,
2026-04-09,JAAA,529250000,,,
2026-04-10,JAAA,528850000,,,
2026-04-13,JAAA,529600000,,,
2026-04-14,JAAA,529600000,,,
2026-04-15,JAAA,530000000,,,
2026-04-16,JAAA,530000000,,,
2026-04-17,JAAA,530800000,,,
2026-04-20,JAAA,531250000,,,
2026-04-21,JAAA,531250000,,,
2026-04-22,JAAA,531550000,,,
2026-04-23,JAAA,533400000,,,
2026-04-24,JAAA,533400000,,,
2026-04-27,JAAA,534400000,50.66400146484375,,
2026-04-28,JAAA,534400000,,,
2026-04-29,JAAA,534400000,50.665000915527344,,
2026-04-30,JAAA,534400000,50.51499938964844,,
2026-05-01,JAAA,533000000,,,
2026-05-04,JAAA,536700000,50.53010177612305,,
2026-05-05,JAAA,538000000,,,
2026-05-06,JAAA,538000000,50.560001373291016,,
2026-05-07,JAAA,538300000,50.5724983215332,,
2026-05-08,JAAA,538400000,,,
2026-05-11,JAAA,538600000,50.60499954223633,,
2026-05-12,JAAA,537000000,50.609901428222656,,
2026-05-13,JAAA,537000000,50.6150016784668,,
2026-05-14,JAAA,536200000,50.625,,
2026-05-15,JAAA,535800000,50.65499877929688,,
2026-05-18,JAAA,536600000,50.635101318359375,,
2026-05-19,JAAA,536600000,50.65010070800781,,
2026-05-20,JAAA,536400000,50.65499877929688,,
2026-05-21,JAAA,536400000,50.65999984741211,,
2026-05-22,JAAA,536600000,50.69499969482422,,
2026-05-25,JAAA,536950000,,,
2026-05-26,JAAA,536950000,50.709999084472656,,
2026-05-27,JAAA,536950000,50.71500015258789,,
2026-05-28,JAAA,538750000,50.71989822387695,,
2026-05-29,JAAA,538750000,,,
2026-06-01,JAAA,541150000,50.540000915527344,,
2026-06-02,JAAA,541150000,,,
2026-06-03,JAAA,541950000,50.54499816894531,,
2026-06-04,JAAA,543750000,50.55989837646485,,
2026-06-05,JAAA,549200000,50.56499862670898,,
2026-06-08,JAAA,551450000,50.57500076293945,,
2026-06-09,JAAA,551650000,50.560001373291016,,
2026-06-10,JAAA,551650000,50.56499862670898,,
2026-06-11,JAAA,554050000,50.57989883422852,,
2026-06-12,JAAA,554850000,50.59999847412109,,
2026-06-15,JAAA,555250000,50.619998931884766,,
2026-06-16,JAAA,555250000,50.61009979248047,,
2026-06-17,JAAA,557600000,50.6150016784668,,
2026-06-18,JAAA,559550000,50.63990020751953,,
2026-06-19,JAAA,561550000,,,
2026-06-22,JAAA,561550000,50.64500045776367,,
2026-06-23,JAAA,561550000,50.6349983215332,,
2026-06-24,JAAA,561850000,50.63999938964844,,
2026-06-25,JAAA,561850000,50.63999938964844,,
2026-06-26,JAAA,561850000,50.65499877929688,,
2026-06-29,JAAA,561850000,50.67020034790039,,
2026-06-30,JAAA,562450000,50.48500061035156,,
2026-07-01,JAAA,562850000,50.494998931884766,,
2026-07-02,JAAA,562850000,50.52999877929688,,
2026-07-03,JAAA,566000000,,,
2026-07-06,JAAA,566000000,50.540000915527344,,
2026-07-07,JAAA,566000000,50.53049850463867,,
2026-07-08,JAAA,566000000,50.525001525878906,,
2026-07-09,JAAA,573550000,50.54499816894531,,
2026-07-10,JAAA,574350000,50.55329895019531,,
2026-07-13,JAAA,576950000,50.56499862670898,,
2026-07-14,JAAA,576950000,,,
2026-07-15,JAAA,576950000,,,
2026-07-16,JAAA,576950000,50.56499862670898,,
2026-07-17,JAAA,575200000,,,
2026-07-20,JAAA,575200000,50.598899841308594,,
2026-07-21,JAAA,575200000,,,
2026-07-22,JAAA,575150000,50.619998931884766,,
2026-07-23,JAAA,575150000,50.6150016784668,,
2026-07-24,JAAA,575150000,,,
2026-07-27,JAAA,575750000,50.65499877929688,,
2026-07-28,JAAA,576950000,50.65499877929688,,
2026-07-29,JAAA,577750000,50.6599006652832,,
2026-07-30,JAAA,577750000,50.65999984741211,,
2026-07-31,JAAA,577750000,50.505001068115234,,
2026-08-03,JAAA,578650000,50.5,,
2026-08-04,JAAA,584500000,50.5099983215332,,
2026-08-05,JAAA,587400000,50.52000045776367,,
2026-08-06,JAAA,587400000,50.53499984741211,,
2026-08-07,JAAA,588000000,,,
2026-08-10,JAAA,592100000,,,
2026-08-11,JAAA,593950000,,,
2026-08-12,JAAA,594200000,,,
2026-08-13,JAAA,594200000,,,
2026-08-14,JAAA,594400000,,,
2026-08-17,JAAA,594400000,,,
2026-08-18,JAAA,594400000,,,
2026-08-19,JAAA,593450000,,,
2026-08-20,JAAA,593700000,,,
2026-08-21,JAAA,592750000,,,
2026-08-24,JAAA,594850000,,,
2026-08-25,JAAA,594850000,,,
2026-08-26,JAAA,595050000,,,
2026-08-27,JAAA,595350000,50.70000076293945,,
2026-08-28,JAAA,595350000,50.70000076293945,,
2026-08-31,JAAA,598600000,50.51499938964844,,
2026-09-01,JAAA,598600000,50.525001525878906,,
2026-09-02,JAAA,598800000,50.540000915527344,,
2026-09-03,JAAA,599450000,50.54010009765625,,
2026-09-04,JAAA,601100000,50.56999969482422,,
2026-09-07,JAAA,605500000,,,
2026-09-08,JAAA,605500000,50.583099365234375,,
2026-09-09,JAAA,605500000,50.59000015258789,,
2026-09-10,JAAA,607150000,50.584999084472656,,
2026-09-11,JAAA,609650000,50.61759948730469,,
2026-09-12,JNK,71874605,94.66000366210938,2026-09-11,TradingView
2026-09-14,JNK,69674605,94.61000061035156,2026-09-11,TradingView
2026-09-12,KBA,4349788,32.410099029541016,2026-09-11,TradingView
2026-09-14,KBA,4350526,32.41999816894531,2026-09-11,TradingView
2026-09-15,KBA,4350526,32.150001525878906,2026-09-14,TradingView
2026-09-12,KSA,16500000,38.20000076293945,2026-09-11,TradingView
2026-09-14,KSA,16500000,38.220001220703125,2026-09-11,TradingView
2026-09-15,KSA,16500000,37.79999923706055,2026-09-14,TradingView
2026-09-12,KWEB,191337866,24.645000457763672,2026-09-11,TradingView
2026-09-14,KWEB,190881747,24.600000381469727,2026-09-11,TradingView
2026-09-15,KWEB,190881747,24.729999542236328,2026-09-14,TradingView
2026-03-28,LQD,271400000,,,
2026-03-30,LQD,271400000,108.30999755859376,,
2026-03-31,LQD,271400000,108.94000244140624,,
2026-04-01,LQD,265300000,,,
2026-04-02,LQD,272600000,,,
2026-04-03,LQD,282900000,,,
2026-04-06,LQD,282900000,,,
2026-04-07,LQD,281500000,,,
2026-04-08,LQD,282700000,,,
2026-04-09,LQD,281300000,,,
2026-04-10,LQD,284300000,,,
2026-04-13,LQD,292500000,,,
2026-04-14,LQD,297800000,,,
2026-04-15,LQD,299100000,,,
2026-04-16,LQD,302100000,,,
2026-04-17,LQD,301700000,,,
2026-04-20,LQD,304700000,,,
2026-04-21,LQD,307000000,,,
2026-04-22,LQD,308300000,,,
2026-04-23,LQD,310900000,,,
2026-04-24,LQD,293700000,,,
2026-04-27,LQD,291600000,109.48999786376952,,
2026-04-28,LQD,279000000,,,
2026-04-29,LQD,281000000,108.88999938964844,,
2026-04-30,LQD,283400000,108.8499984741211,,
2026-05-01,LQD,284200000,,,
2026-05-04,LQD,289200000,108.375,,
2026-05-05,LQD,281000000,,,
2026-05-06,LQD,276100000,109.16000366210938,,
2026-05-07,LQD,271900000,109.2750015258789,,
2026-05-08,LQD,269100000,,,
2026-05-11,LQD,271000000,109.0165023803711,,
2026-05-12,LQD,269300000,108.5250015258789,,
2026-05-13,LQD,271100000,108.44000244140624,,
2026-05-14,LQD,270000000,108.81500244140624,,
2026-05-15,LQD,272400000,107.74500274658205,,
2026-09-12,LQD,279200000,104.34500122070312,2026-09-11,iShares
2026-09-14,LQD,269100000,104.31999969482422,2026-09-11,iShares
2026-09-15,LQD,264400000,104.30000305175781,2026-09-14,iShares
2026-09-12,MCHI,115200000,52.97999954223633,2026-09-11,TradingView
2026-09-14,MCHI,115200000,52.959999084472656,2026-09-11,TradingView
2026-09-15,MCHI,115200000,53.31999969482422,2026-09-14,TradingView
2026-09-12,MUB,432300000,103.15499877929688,2026-09-11,TradingView
2026-09-12,OIH,4900543,420.0473937988281,2026-09-11,TradingView
2026-09-14,OIH,4800543,420.6700134277344,2026-09-11,TradingView
2026-09-15,OIH,4800543,402.05999755859375,2026-09-14,TradingView
2026-09-12,PAVE,252227364,54.06999969482422,2026-09-11,TradingView
2026-09-14,PAVE,253108808,54.08000183105469,2026-09-11,TradingView
2026-09-15,PAVE,253108808,53.02000045776367,2026-09-14,TradingView
2026-09-12,PDBC,394504000,19.770000457763672,2026-09-11,TradingView
2026-09-14,PDBC,394354000,19.790000915527344,2026-09-11,TradingView
2026-09-15,PDBC,394354000,19.790000915527344,2026-09-11,TradingView
2026-09-12,PPA,47760000,161.94000244140625,2026-09-11,TradingView
2026-09-14,PPA,47750000,161.80999755859375,2026-09-11,TradingView
2026-09-15,PPA,47750000,160.64999389648438,2026-09-14,TradingView
2025-03-05,PSLV,518864992,11.09000015258789,,
2025-03-11,PSLV,528420992,11.140000343322754,,
2025-03-12,PSLV,518864992,11.300000190734863,,
2025-03-13,PSLV,518864992,11.520000457763672,,
2025-03-17,PSLV,518864992,11.609999656677246,,
2025-03-20,PSLV,518864992,11.510000228881836,,
2025-03-21,PSLV,518864992,11.289999961853027,,
2025-03-22,PSLV,518864992,,,
2025-03-26,PSLV,519975008,11.4399995803833,,
2025-03-27,PSLV,519975008,11.68000030517578,,
2025-03-31,PSLV,519975008,11.600000381469728,,
2025-04-01,PSLV,519975008,11.520000457763672,,
2025-04-05,PSLV,519975008,,,
2025-04-08,PSLV,519975008,10.079999923706056,,
2025-04-09,PSLV,519975008,10.380000114440918,,
2025-04-11,PSLV,519975008,10.760000228881836,,
2025-04-17,PSLV,519975008,10.960000038146973,,
2025-04-18,PSLV,519975008,,,
2025-04-22,PSLV,519975008,10.890000343322754,,
2025-04-23,PSLV,519975008,11.260000228881836,,
2025-04-24,PSLV,519975008,11.289999961853027,,
2025-04-26,PSLV,528876000,,,
2025-04-29,PSLV,519975008,11.029999732971191,,
2025-04-30,PSLV,525160992,10.949999809265137,,
2025-05-01,PSLV,519975008,10.84000015258789,,
2025-05-07,PSLV,519975008,10.880000114440918,,
2025-05-08,PSLV,519975008,10.869999885559082,,
2025-05-13,PSLV,519975008,11.050000190734863,,
2025-05-14,PSLV,519975008,10.789999961853027,,
2025-05-22,PSLV,526905984,11.109999656677246,,
2025-05-27,PSLV,530201984,11.1899995803833,,
2025-05-28,PSLV,526905984,11.100000381469728,,
2025-05-29,PSLV,526905984,11.229999542236328,,
2025-06-09,PSLV,526905984,12.300000190734863,,
2025-07-23,PSLV,526905984,13.3100004196167,,
2025-07-25,PSLV,526905984,12.9399995803833,,
2025-07-26,PSLV,526905984,,,
2025-07-29,PSLV,526905984,12.93000030517578,,
2025-08-01,PSLV,526905984,12.520000457763672,,
2025-08-05,PSLV,526905984,12.850000381469728,,
2025-08-06,PSLV,526905984,12.829999923706056,,
2025-08-07,PSLV,527728000,12.970000267028809,,
2025-08-08,PSLV,526905984,13.0,,
2025-08-27,PSLV,554899968,13.050000190734863,,
2025-08-29,PSLV,554899968,13.479999542236328,,
2025-09-03,PSLV,554899968,13.859999656677246,,
2025-09-05,PSLV,559745984,13.859999656677246,,
2025-09-20,PSLV,554899927,,,
2025-09-24,PSLV,554899927,14.68000030517578,,
2025-09-26,PSLV,554899927,15.539999961853027,,
2025-10-01,PSLV,554899927,15.9399995803833,,
2025-10-08,PSLV,564217276,16.450000762939453,,
2025-10-09,PSLV,554899927,16.43000030517578,,
2025-10-10,PSLV,554899927,16.6200008392334,,
2025-10-16,PSLV,554899927,18.06999969482422,,
2025-10-17,PSLV,554899927,17.270000457763672,,
2025-10-18,PSLV,554899927,,,
2025-10-22,PSLV,600070240,16.020000457763672,,
2025-10-23,PSLV,554899927,16.1200008392334,,
2025-10-24,PSLV,554899927,16.020000457763672,,
2025-10-25,PSLV,554899927,,,
2025-10-27,PSLV,580254362,15.31999969482422,,
2025-10-28,PSLV,554899927,15.420000076293944,,
2025-10-29,PSLV,554899927,15.670000076293944,,
2025-10-31,PSLV,554899927,16.110000610351562,,
2025-11-01,PSLV,554899927,,,
2025-11-05,PSLV,554899927,15.949999809265137,,
2025-11-06,PSLV,554899927,15.90999984741211,,
2025-11-11,PSLV,580894213,17.0,,
2025-11-13,PSLV,580894213,17.260000228881836,,
2025-11-14,PSLV,580894213,16.729999542236328,,
2025-11-15,PSLV,599296719,,,
2025-11-17,PSLV,580894213,16.540000915527344,,
2026-01-07,PSLV,605116964,26.020000457763672,,
2026-01-23,PSLV,637772285,33.220001220703125,,
2026-03-30,QQQ,645300000,558.280029296875,,
2026-03-31,QQQ,645300000,574.635009765625,,
2026-04-01,QQQ,645300000,,,
2026-04-02,QQQ,645300000,,,
2026-04-03,QQQ,645300000,,,
2026-04-06,QQQ,645300000,,,
2026-04-07,QQQ,642750000,,,
2026-04-08,QQQ,639250000,,,
2026-04-09,QQQ,644300000,,,
2026-04-10,QQQ,643100000,,,
2026-04-13,QQQ,646200000,,,
2026-04-14,QQQ,646200000,,,
2026-04-15,QQQ,648050000,,,
2026-04-16,QQQ,648650000,,,
2026-04-17,QQQ,649850000,,,
2026-04-20,QQQ,656500000,,,
2026-04-21,QQQ,656500000,,,
2026-04-22,QQQ,655550000,,,
2026-04-23,QQQ,655500000,,,
2026-04-24,QQQ,657350000,,,
2026-04-27,QQQ,655450000,663.8400268554688,,
2026-04-28,QQQ,655450000,,,
2026-04-29,QQQ,651550000,657.9837036132812,,
2026-04-30,QQQ,652850000,662.1599731445312,,
2026-05-01,QQQ,654450000,,,
2026-05-04,QQQ,658600000,675.510009765625,,
2026-05-05,QQQ,658600000,,,
2026-05-06,QQQ,653750000,689.6799926757812,,
2026-05-07,QQQ,660700000,697.72998046875,,
2026-05-08,QQQ,656150000,,,
2026-05-11,QQQ,653100000,711.3800048828125,,
2026-05-12,QQQ,653100000,706.39501953125,,
2026-05-13,QQQ,649450000,708.9390258789062,,
2026-05-14,QQQ,655100000,717.0800170898438,,
2026-05-15,QQQ,661300000,709.0598754882812,,
2026-05-18,QQQ,661450000,703.469970703125,,
2026-05-19,QQQ,661450000,696.780029296875,,
2026-05-20,QQQ,661100000,709.219970703125,,
2026-05-21,QQQ,667800000,709.02001953125,,
2026-05-22,QQQ,666350000,717.719970703125,,
2026-05-25,QQQ,663800000,,,
2026-05-26,QQQ,663800000,730.02001953125,,
2026-05-27,QQQ,663800000,726.8499755859375,,
2026-05-28,QQQ,662000000,734.8800048828125,,
2026-05-29,QQQ,664650000,,,
2026-06-01,QQQ,669100000,743.8099975585938,,
2026-06-02,QQQ,669100000,746.0549926757812,,
2026-06-03,QQQ,666750000,742.4400024414062,,
2026-06-04,QQQ,662350000,736.3200073242188,,
2026-06-05,QQQ,664250000,726.405029296875,,
2026-06-08,QQQ,668300000,720.9299926757812,,
2026-06-09,QQQ,668300000,715.7899780273438,,
2026-06-10,QQQ,663500000,700.6500244140625,,
2026-06-11,QQQ,660200000,700.989990234375,,
2026-06-12,QQQ,660650000,714.7000122070312,,
2026-06-15,QQQ,665950000,743.1900024414062,,
2026-06-16,QQQ,665950000,734.5700073242188,,
2026-06-17,QQQ,668350000,732.5499877929688,,
2026-06-18,QQQ,670700000,738.1480102539062,,
2026-06-19,QQQ,670700000,,,
2026-06-22,QQQ,666100000,735.52001953125,,
2026-06-23,QQQ,666100000,720.469970703125,,
2026-06-24,QQQ,665950000,712.5999755859375,,
2026-06-25,QQQ,673250000,714.5999755859375,,
2026-06-26,QQQ,674650000,712.1300048828125,,
2026-06-29,QQQ,672300000,717.6699829101562,,
2026-06-30,QQQ,672300000,731.2160034179688,,
2026-07-01,QQQ,670700000,730.3499755859375,,
2026-07-02,QQQ,665500000,728.5499877929688,,
2026-07-03,QQQ,659600000,,,
2026-07-06,QQQ,674250000,723.2349853515625,,
2026-07-07,QQQ,674250000,707.635009765625,,
2026-07-08,QQQ,675450000,708.27001953125,,
2026-07-09,QQQ,670750000,719.469970703125,,
2026-07-10,QQQ,669900000,723.4400024414062,,
2026-07-13,QQQ,663150000,715.4299926757812,,
2026-07-14,QQQ,663150000,,,
2026-07-15,QQQ,663750000,,,
2026-07-16,QQQ,668750000,710.9299926757812,,
2026-07-17,QQQ,664600000,,,
2026-07-20,QQQ,667900000,,,
2026-07-21,QQQ,669850000,,,
2026-07-22,QQQ,661700000,704.10400390625,,
2026-07-23,QQQ,662600000,697.5999755859375,,
2026-07-24,QQQ,658250000,,,
2026-07-27,QQQ,661000000,682.9949951171875,,
2026-07-28,QQQ,661000000,670.8599853515625,,
2026-07-29,QQQ,662750000,671.2000122070312,,
2026-07-30,QQQ,669850000,678.52001953125,,
2026-07-31,QQQ,669750000,685.8499755859375,,
2026-08-03,QQQ,658300000,694.4500122070312,,
2026-08-04,QQQ,658300000,713.1799926757812,,
2026-08-05,QQQ,665500000,726.969970703125,,
2026-08-06,QQQ,662500000,715.1998901367188,,
2026-08-07,QQQ,665050000,,,
2026-08-10,QQQ,672700000,,,
2026-08-11,QQQ,672700000,,,
2026-08-12,QQQ,678950000,,,
2026-08-13,QQQ,674400000,,,
2026-08-14,QQQ,680550000,,,
2026-08-17,QQQ,678650000,,,
2026-08-18,QQQ,678650000,,,
2026-08-19,QQQ,683100000,,,
2026-08-20,QQQ,681400000,,,
2026-08-21,QQQ,683150000,,,
2026-08-24,QQQ,680550000,,,
2026-08-25,QQQ,680550000,,,
2026-08-26,QQQ,680700000,,,
2026-08-27,QQQ,679500000,721.1099853515625,,
2026-08-28,QQQ,682700000,716.4299926757812,,
2026-08-31,QQQ,678600000,714.2000122070312,,
2026-09-01,QQQ,678600000,711.7239990234375,,
2026-09-02,QQQ,683300000,708.36328125,,
2026-09-03,QQQ,683300000,717.010009765625,,
2026-09-04,QQQ,682100000,717.3300170898438,,
2026-09-07,QQQ,675650000,,,
2026-09-08,QQQ,675650000,720.219970703125,,
2026-09-09,QQQ,675650000,715.9400024414062,,
2026-09-10,QQQ,668800000,711.47998046875,,
2026-09-11,QQQ,672600000,716.1199951171875,,
2026-09-12,QQQ,672600000,715.9849853515625,2026-09-11,TradingView
2026-09-14,QQQ,674850000,714.8800048828125,2026-09-11,TradingView
2026-09-15,QQQ,674850000,709.1799926757812,2026-09-14,TradingView
2026-09-12,QQQM,355280001,294.8299865722656,2026-09-11,TradingView
2026-09-14,QQQM,355150001,294.3900146484375,2026-09-11,TradingView
2026-09-15,QQQM,355150001,292.0199890136719,2026-09-14,TradingView
2026-09-12,ROBO,25500009,79.07649993896484,2026-09-11,TradingView
2026-09-14,ROBO,25499686,79.11000061035156,2026-09-11,TradingView
2026-09-15,ROBO,25499686,77.3499984741211,2026-09-14,TradingView
2026-09-12,SCHP,624700000,25.584999084472656,2026-09-11,TradingView
2026-09-12,SGOV,1076550000,,,TradingView
2026-09-14,SGOV,1088350000,100.5199966430664,2026-09-11,TradingView
2026-09-15,SGOV,1088350000,100.5199966430664,2026-09-11,TradingView
2026-03-28,SHY,299000000,,,
2026-03-30,SHY,299000000,82.5,,
2026-03-31,SHY,299900000,82.56500244140625,,
2026-04-01,SHY,299800000,,,
2026-04-02,SHY,300600000,,,
2026-04-03,SHY,304200000,,,
2026-04-06,SHY,304200000,,,
2026-04-07,SHY,306900000,,,
2026-04-08,SHY,307200000,,,
2026-04-09,SHY,307400000,,,
2026-04-10,SHY,308800000,,,
2026-04-13,SHY,311400000,,,
2026-04-14,SHY,310500000,,,
2026-04-15,SHY,310500000,,,
2026-04-16,SHY,311000000,,,
2026-04-17,SHY,311000000,,,
2026-04-20,SHY,311200000,,,
2026-04-21,SHY,311700000,,,
2026-04-22,SHY,311700000,,,
2026-04-23,SHY,311900000,,,
2026-04-24,SHY,310900000,,,
2026-04-27,SHY,309500000,82.55999755859375,,
2026-04-28,SHY,308500000,,,
2026-04-29,SHY,307500000,82.45500183105469,,
2026-04-30,SHY,306200000,82.45500183105469,,
2026-05-01,SHY,304200000,,,
2026-05-04,SHY,304600000,82.1906967163086,,
2026-05-05,SHY,304300000,,,
2026-05-06,SHY,303900000,82.28500366210938,,
2026-05-07,SHY,303100000,82.33499908447266,,
2026-05-08,SHY,303000000,,,
2026-05-11,SHY,302600000,82.26499938964844,,
2026-05-12,SHY,302900000,82.16999816894531,,
2026-05-13,SHY,302900000,82.16999816894531,,
2026-05-14,SHY,302500000,82.21499633789062,,
2026-05-15,SHY,302500000,82.07499694824219,,
2026-09-12,SHY,320300000,81.34500122070312,2026-09-11,iShares
2026-09-14,SHY,318400000,81.37000274658203,2026-09-11,iShares
2026-09-15,SHY,318900000,81.33999633789062,2026-09-14,iShares
2026-09-12,SIVR,73650000,61.04999923706055,2026-09-11,TradingView
2026-09-14,SIVR,73650000,61.150001525878906,2026-09-11,TradingView
2026-09-15,SIVR,73650000,59.77000045776367,2026-09-14,TradingView
2026-09-12,SKYY,20700002,158.50999450683594,2026-09-11,TradingView
2026-09-14,SKYY,20650002,158.47000122070312,2026-09-11,TradingView
2026-09-15,SKYY,20650002,162.77000427246094,2026-09-14,TradingView
2026-03-28,SLV,546900000,,,
2026-03-30,SLV,542600000,63.52000045776367,,
2026-03-31,SLV,542600000,67.93000030517578,,
2026-04-01,SLV,542100000,,,
2026-04-02,SLV,542000000,,,
2026-04-03,SLV,542000000,,,
2026-04-06,SLV,542000000,,,
2026-04-07,SLV,542000000,,,
2026-04-08,SLV,542000000,,,
2026-04-09,SLV,544400000,,,
2026-04-10,SLV,543600000,,,
2026-04-13,SLV,542950000,,,
2026-04-14,SLV,542250000,,,
2026-04-15,SLV,542900000,,,
2026-04-16,SLV,541650000,,,
2026-04-17,SLV,542150000,,,
2026-04-20,SLV,543650000,,,
2026-04-21,SLV,542550000,,,
2026-04-22,SLV,542550000,,,
2026-04-23,SLV,539800000,,,
2026-04-24,SLV,537500000,,,
2026-04-27,SLV,538100000,68.24500274658203,,
2026-04-28,SLV,538100000,,,
2026-04-29,SLV,538100000,64.55500030517578,,
2026-04-30,SLV,535900000,66.18499755859375,,
2026-05-01,SLV,534900000,,,
2026-05-04,SLV,534100000,66.77989959716797,,
2026-05-05,SLV,534100000,,,
2026-05-06,SLV,534900000,69.96009826660156,,
2026-05-07,SLV,534900000,73.56999969482422,,
2026-05-08,SLV,535650000,,,
2026-05-11,SLV,534550000,76.58000183105469,,
2026-05-12,SLV,535850000,77.06500244140625,,
2026-05-13,SLV,537050000,79.20500183105469,,
2026-05-14,SLV,538650000,75.95999908447266,,
2026-05-15,SLV,540750000,69.32499694824219,,
2026-09-12,SLV,545050000,58.05500030517578,2026-09-11,iShares
2026-09-14,SLV,545050000,58.119998931884766,2026-09-11,iShares
2026-09-15,SLV,544150000,56.84000015258789,2026-09-14,iShares
2026-09-12,SMH,123741874,570.5700073242188,2026-09-11,TradingView
2026-09-14,SMH,122891874,568.530029296875,2026-09-11,TradingView
2026-09-15,SMH,122341874,541.5,2026-09-14,TradingView
2026-03-28,SOXX,62800000,,,
2026-03-30,SOXX,62800000,309.7900085449219,,
2026-03-31,SOXX,63000000,325.989990234375,,
2026-04-01,SOXX,62600000,,,
2026-04-02,SOXX,61500000,,,
2026-04-03,SOXX,62950000,,,
2026-04-06,SOXX,62950000,,,
2026-04-07,SOXX,62000000,,,
2026-04-08,SOXX,62500000,,,
2026-04-09,SOXX,62750000,,,
2026-04-10,SOXX,62600000,,,
2026-04-13,SOXX,64100000,,,
2026-04-14,SOXX,64300000,,,
2026-04-15,SOXX,65050000,,,
2026-04-16,SOXX,66650000,,,
2026-04-17,SOXX,66300000,,,
2026-04-20,SOXX,66500000,,,
2026-04-21,SOXX,67750000,,,
2026-04-22,SOXX,66600000,,,
2026-04-23,SOXX,66450000,,,
2026-04-24,SOXX,64200000,,,
2026-04-27,SOXX,65900000,462.0,,
2026-04-28,SOXX,65100000,,,
2026-04-29,SOXX,64700000,444.7999877929688,,
2026-04-30,SOXX,64800000,454.9101867675781,,
2026-05-01,SOXX,64050000,,,
2026-05-04,SOXX,64700000,466.760009765625,,
2026-05-05,SOXX,64650000,,,
2026-05-06,SOXX,65150000,497.7449951171875,,
2026-05-07,SOXX,64800000,499.0650024414063,,
2026-05-08,SOXX,65000000,,,
2026-05-11,SOXX,65000000,526.260009765625,,
2026-05-12,SOXX,64500000,518.1500244140625,,
2026-05-13,SOXX,64800000,522.9099731445312,,
2026-05-14,SOXX,66200000,529.9099731445312,,
2026-05-15,SOXX,66300000,509.1400146484375,,
2026-09-12,SOXX,85400000,528.6275024414062,2026-09-11,iShares
2026-09-14,SOXX,83800000,527.0700073242188,2026-09-11,iShares
2026-09-15,SOXX,83250000,497.3999938964844,2026-09-14,iShares
2026-03-28,SPY,1001130000,,,
2026-03-30,SPY,1003630000,631.969970703125,,
2026-03-31,SPY,999580000,647.280029296875,,
2026-04-01,SPY,1001830000,,,
2026-04-02,SPY,997130000,,,
2026-04-03,SPY,997130000,,,
2026-04-06,SPY,996030000,,,
2026-04-07,SPY,994480000,,,
2026-04-08,SPY,1000330000,,,
2026-04-09,SPY,1003630000,,,
2026-04-10,SPY,1014330000,,,
2026-04-13,SPY,1014530000,,,
2026-04-14,SPY,1013980000,,,
2026-04-15,SPY,1011580000,,,
2026-04-16,SPY,1012530000,,,
2026-04-17,SPY,1014330000,,,
2026-09-12,SPY,1054829999,765.1099853515625,2026-09-11,SSGA
2026-09-14,SPY,1060079999,764.2899780273438,2026-09-11,SSGA
2026-09-15,SPY,1055530000,760.8800048828125,2026-09-14,SSGA
2026-03-28,SRLN,121100000,,,
2026-03-30,SRLN,121100000,39.91999816894531,,
2026-03-31,SRLN,120650000,40.09999847412109,,
2026-04-01,SRLN,116900000,,,
2026-04-02,SRLN,116350000,,,
2026-04-03,SRLN,116350000,,,
2026-04-06,SRLN,116600000,,,
2026-04-07,SRLN,116600000,,,
2026-04-08,SRLN,116600000,,,
2026-04-09,SRLN,116600000,,,
2026-04-10,SRLN,117900000,,,
2026-04-13,SRLN,119300000,,,
2026-04-14,SRLN,119300000,,,
2026-04-15,SRLN,117500000,,,
2026-04-16,SRLN,117950000,,,
2026-04-17,SRLN,118700000,,,
2026-09-12,THD,4650000,74.02999877929688,2026-09-11,TradingView
2026-09-14,THD,4650000,74.11000061035156,2026-09-11,TradingView
2026-09-15,THD,4650000,73.41000366210938,2026-09-14,TradingView
2026-03-28,TIP,127200000,,,
2026-03-30,TIP,127200000,110.3499984741211,,
2026-03-31,TIP,126500000,110.45999908447266,,
2026-04-01,TIP,126000000,,,
2026-04-02,TIP,126200000,,,
2026-04-03,TIP,126400000,,,
2026-04-06,TIP,126400000,,,
2026-04-07,TIP,126400000,,,
2026-04-08,TIP,126400000,,,
2026-04-09,TIP,126400000,,,
2026-04-10,TIP,127200000,,,
2026-04-13,TIP,127400000,,,
2026-04-14,TIP,128400000,,,
2026-04-15,TIP,128600000,,,
2026-04-16,TIP,129300000,,,
2026-04-17,TIP,130500000,,,
2026-04-20,TIP,131000000,,,
2026-04-21,TIP,131000000,,,
2026-04-22,TIP,131600000,,,
2026-04-23,TIP,131600000,,,
2026-04-24,TIP,131600000,,,
2026-04-27,TIP,131500000,111.72000122070312,,
2026-04-28,TIP,131300000,,,
2026-04-29,TIP,132000000,111.54000091552734,,
2026-04-30,TIP,132300000,111.45500183105467,,
2026-05-01,TIP,132300000,,,
2026-05-04,TIP,134100000,111.19499969482422,,
2026-05-05,TIP,133600000,,,
2026-05-06,TIP,133900000,111.1500015258789,,
2026-05-07,TIP,134100000,111.1999969482422,,
2026-05-08,TIP,134600000,,,
2026-05-11,TIP,135300000,111.32530212402344,,
2026-05-12,TIP,135300000,111.15499877929688,,
2026-05-13,TIP,135300000,111.13500213623048,,
2026-05-14,TIP,135300000,111.2249984741211,,
2026-05-15,TIP,135300000,110.55500030517578,,
2026-09-12,TIP,138800000,105.86499786376952,2026-09-11,iShares
2026-09-14,TIP,139100000,105.83999633789062,2026-09-11,iShares
2026-09-15,TIP,139100000,105.81999969482422,2026-09-14,iShares
2026-09-12,TLH,115900000,95.0250015258789,2026-09-11,TradingView
2026-09-14,TLH,115900000,95.01000213623048,2026-09-11,TradingView
2026-09-15,TLH,115900000,95.01000213623048,2026-09-11,TradingView
2026-03-28,TLT,487300000,,,
2026-03-30,TLT,487300000,86.77999877929688,,
2026-03-31,TLT,491100000,86.95999908447266,,
2026-04-01,TLT,491700000,,,
2026-04-02,TLT,483300000,,,
2026-04-03,TLT,487300000,,,
2026-04-06,TLT,487300000,,,
2026-04-07,TLT,484700000,,,
2026-04-08,TLT,485500000,,,
2026-04-09,TLT,487300000,,,
2026-04-10,TLT,486300000,,,
2026-04-13,TLT,486200000,,,
2026-04-14,TLT,486100000,,,
2026-04-15,TLT,487000000,,,
2026-04-16,TLT,487300000,,,
2026-04-17,TLT,488700000,,,
2026-04-20,TLT,486900000,,,
2026-04-21,TLT,483100000,,,
2026-04-22,TLT,482500000,,,
2026-04-23,TLT,483000000,,,
2026-04-24,TLT,493000000,,,
2026-04-27,TLT,493300000,86.4749984741211,,
2026-04-28,TLT,491800000,,,
2026-04-29,TLT,493800000,85.86499786376953,,
2026-04-30,TLT,497600000,85.82499694824219,,
2026-05-01,TLT,501300000,,,
2026-05-04,TLT,497500000,85.23500061035156,,
2026-05-05,TLT,496400000,,,
2026-05-06,TLT,498200000,85.98999786376953,,
2026-05-07,TLT,499500000,86.18280029296875,,
2026-05-08,TLT,500100000,,,
2026-05-11,TLT,501100000,85.73500061035156,,
2026-05-12,TLT,498700000,85.05000305175781,,
2026-05-13,TLT,497700000,84.74500274658203,,
2026-05-14,TLT,499900000,85.25499725341797,,
2026-05-15,TLT,499900000,83.75499725341797,,
2026-09-12,TLT,575400000,80.885498046875,2026-09-11,iShares
2026-09-14,TLT,586900000,80.87000274658203,2026-09-11,iShares
2026-09-15,TLT,589600000,80.93000030517578,2026-09-14,iShares
2026-09-12,UAE,14700000,19.924999237060547,2026-09-11,TradingView
2026-09-14,UAE,14700000,19.88999938964844,2026-09-11,TradingView
2026-09-15,UAE,14700000,20.049999237060547,2026-09-14,TradingView
2026-09-12,UNG,54946103,10.175000190734863,2026-09-11,TradingView
2026-09-14,UNG,55846103,10.170000076293944,2026-09-11,TradingView
2026-09-15,UNG,56946103,10.329999923706055,2026-09-14,TradingView
2026-09-12,URA,140373311,43.77000045776367,2026-09-11,TradingView
2026-09-14,URA,140801392,43.52999877929688,2026-09-11,TradingView
2026-09-15,URA,140801392,42.189998626708984,2026-09-14,TradingView
2026-09-12,URNM,37975000,52.6349983215332,2026-09-11,TradingView
2026-09-14,URNM,38085000,52.380001068115234,2026-09-11,TradingView
2026-09-15,URNM,38085000,50.630001068115234,2026-09-14,TradingView
2026-09-12,URTH,39600000,207.88999938964844,2026-09-11,TradingView
2026-09-14,URTH,39600000,207.69000244140625,2026-09-11,TradingView
2026-09-15,URTH,39600000,206.8000030517578,2026-09-14,TradingView
2026-09-12,USHY,778700000,36.375,2026-09-11,TradingView
2026-09-12,USO,14523603,154.63999938964844,2026-09-11,TradingView
2026-09-14,USO,13523603,154.89999389648438,2026-09-11,TradingView
2026-09-15,USO,13523603,156.66000366210938,2026-09-14,TradingView
2026-09-12,VCIT,859693994,79.625,2026-09-11,TradingView
2026-09-14,VCIT,855693994,79.5999984741211,2026-09-11,TradingView
2026-09-12,VCSH,572895040,77.70999908447266,2026-09-11,TradingView
2026-09-14,VCSH,572895452,77.72000122070312,2026-09-11,TradingView
2026-09-15,VCSH,572895452,77.72000122070312,2026-09-11,TradingView
2026-03-30,VEA,3207210257,62.02999877929688,,
2026-03-31,VEA,3207210257,63.540000915527344,,
2026-04-01,VEA,3207210257,,,
2026-04-02,VEA,3207210257,,,
2026-04-03,VEA,3207210257,,,
2026-04-06,VEA,3207214594,,,
2026-04-07,VEA,3207370647,,,
2026-04-08,VEA,3207388040,,,
2026-04-09,VEA,3207424165,,,
2026-04-10,VEA,3207538158,,,
2026-04-13,VEA,3207551767,,,
2026-04-14,VEA,3207554200,,,
2026-04-15,VEA,3207568697,,,
2026-04-16,VEA,3207576513,,,
2026-04-17,VEA,3207576513,,,
2026-04-20,VEA,3207603255,,,
2026-04-21,VEA,3222609963,,,
2026-04-22,VEA,3222620901,,,
2026-04-23,VEA,3222620901,,,
2026-04-24,VEA,3222632682,,,
2026-04-27,VEA,3222639880,68.31999969482422,,
2026-04-28,VEA,3222639880,,,
2026-04-29,VEA,3222663063,67.24500274658203,,
2026-04-30,VEA,3222679733,67.99500274658203,,
2026-05-01,VEA,3214185968,,,
2026-05-04,VEA,3214225039,68.58000183105469,,
2026-05-05,VEA,3214225039,,,
2026-05-06,VEA,3214232001,70.67500305175781,,
2026-05-07,VEA,3214239437,70.63500213623047,,
2026-05-08,VEA,3214252806,,,
2026-05-11,VEA,3214322348,70.89510345458984,,
2026-05-12,VEA,3214322348,69.8949966430664,,
2026-05-13,VEA,3214328665,70.33499908447266,,
2026-05-14,VEA,3214351407,70.51319885253906,,
2026-05-15,VEA,3214352277,69.08509826660156,,
2026-05-18,VEA,3214384026,69.19499969482422,,
2026-05-19,VEA,3214459142,68.69499969482422,,
2026-05-20,VEA,3214459142,69.78240203857422,,
2026-05-21,VEA,3214472115,70.06500244140625,,
2026-05-22,VEA,3214501746,70.47000122070312,,
2026-05-25,VEA,3214517027,,,
2026-05-26,VEA,3214517027,71.70500183105469,,
2026-05-27,VEA,3214517027,71.43499755859375,,
2026-05-28,VEA,3218088125,71.54499816894531,,
2026-05-29,VEA,3218088125,,,
2026-06-01,VEA,3218173970,72.04000091552734,,
2026-06-02,VEA,3218173970,72.24500274658203,,
2026-06-03,VEA,3218194641,71.66999816894531,,
2026-06-04,VEA,3218215967,71.41000366210938,,
2026-06-05,VEA,3219224824,70.5250015258789,,
2026-06-08,VEA,3219256439,70.12000274658203,,
2026-06-09,VEA,3219256439,70.42500305175781,,
2026-06-10,VEA,3219263901,69.41500091552734,,
2026-06-11,VEA,3219299103,69.67990112304688,,
2026-06-12,VEA,3221554198,71.13860321044922,,
2026-06-15,VEA,3221742600,72.44409942626953,,
2026-06-16,VEA,3221743326,72.6050033569336,,
2026-06-17,VEA,3221743326,72.94999694824219,,
2026-06-18,VEA,3221761171,72.4749984741211,,
2026-06-19,VEA,3221767708,,,
2026-06-22,VEA,3221780999,72.34500122070312,,
2026-06-23,VEA,3221780999,70.48999786376953,,
2026-06-24,VEA,3239780999,70.16000366210938,,
2026-06-25,VEA,3239780999,71.37000274658203,,
2026-06-26,VEA,3239876581,70.88500213623047,,
2026-06-29,VEA,3239890753,70.49649810791016,,
2026-06-30,VEA,3239905849,70.98500061035156,,
2026-07-01,VEA,3239905849,70.73500061035156,,
2026-07-02,VEA,3239911917,71.47000122070312,,
2026-07-03,VEA,3239924676,,,
2026-07-06,VEA,3239937495,71.59500122070312,,
2026-07-07,VEA,3239937495,70.88500213623047,,
2026-07-08,VEA,3239955298,70.00499725341797,,
2026-07-09,VEA,3239995225,70.625,,
2026-07-10,VEA,3239995225,70.80000305175781,,
2026-07-13,VEA,3240054454,70.04000091552734,,
2026-07-14,VEA,3240054454,,,
2026-07-15,VEA,3240073312,,,
2026-07-16,VEA,3240076842,70.03500366210938,,
2026-07-17,VEA,3240076842,,,
2026-07-20,VEA,3242583214,69.7300033569336,,
2026-07-21,VEA,3242595673,,,
2026-07-22,VEA,3242609928,70.65599822998047,,
2026-07-23,VEA,3247340479,69.99500274658203,,
2026-07-24,VEA,3247356240,,,
2026-07-27,VEA,3250865262,70.1050033569336,,
2026-07-28,VEA,3250865262,69.20999908447266,,
2026-07-29,VEA,3250874103,69.25,,
2026-07-30,VEA,3252386275,70.33999633789062,,
2026-07-31,VEA,3252409581,70.37999725341797,,
2026-08-03,VEA,3252410879,70.81999969482422,,
2026-08-04,VEA,3252410879,71.78500366210938,,
2026-08-05,VEA,3252912794,72.69999694824219,,
2026-08-06,VEA,3252948696,72.2750015258789,,
2026-08-07,VEA,3252971583,,,
2026-08-10,VEA,3253028150,,,
2026-08-11,VEA,3253028150,,,
2026-08-12,VEA,3253031749,,,
2026-08-13,VEA,3253068485,,,
2026-08-14,VEA,3254160397,,,
2026-08-17,VEA,3254181631,,,
2026-08-18,VEA,3254181631,,,
2026-08-19,VEA,3254190132,,,
2026-08-20,VEA,3254223808,,,
2026-08-21,VEA,3254234727,,,
2026-08-24,VEA,3257894057,,,
2026-08-25,VEA,3257894057,,,
2026-08-26,VEA,3261704027,,,
2026-08-27,VEA,3262706665,73.41999816894531,,
2026-08-28,VEA,3263720655,,,
2026-08-31,VEA,3264723813,72.78500366210938,,
2026-09-01,VEA,3264723813,72.58499908447266,,
2026-09-02,VEA,3264729296,72.41510009765625,,
2026-09-03,VEA,3264737417,73.36509704589844,,
2026-09-04,VEA,3264742863,73.67500305175781,,
2026-09-07,VEA,3266780502,,,
2026-09-08,VEA,3266780502,73.7750015258789,,
2026-09-09,VEA,3266780502,72.95500183105469,,
2026-09-10,VEA,3267784370,72.21990203857422,,
2026-09-11,VEA,3267813672,72.79499816894531,,
2026-09-12,VEU,824091696,85.11000061035156,2026-09-11,TradingView
2026-09-14,VEU,821494548,85.18000030517578,2026-09-11,TradingView
2026-09-15,VEU,821494548,84.08999633789062,2026-09-14,TradingView
2026-09-12,VGIT,686641762,57.32500076293945,2026-09-11,TradingView
2026-09-14,VGIT,687416762,57.34000015258789,2026-09-11,TradingView
2026-09-15,VGIT,687416762,57.34000015258789,2026-09-11,TradingView
2026-09-12,VGK,339992050,89.94499969482422,2026-09-11,TradingView
2026-09-14,VGK,339996809,90.0199966430664,2026-09-11,TradingView
2026-09-15,VGK,339996809,89.2300033569336,2026-09-14,TradingView
2026-09-12,VGLT,199694687,51.90999984741211,2026-09-11,TradingView
2026-09-14,VGLT,200869687,51.900001525878906,2026-09-11,TradingView
2026-09-15,VGLT,200869687,51.900001525878906,2026-09-11,TradingView
2026-09-12,VNM,28900000,17.55500030517578,2026-09-11,TradingView
2026-09-14,VNM,28900000,17.5,2026-09-11,TradingView
2026-09-15,VNM,28900000,17.34000015258789,2026-09-14,TradingView
2026-03-30,VOO,1358013061,580.9299926757812,,
2026-03-31,VOO,1358013061,595.0,,
2026-04-01,VOO,1358013061,,,
2026-04-02,VOO,1358013061,,,
2026-04-03,VOO,1358013061,,,
2026-04-06,VOO,1360788061,,,
2026-04-07,VOO,1371552694,,,
2026-04-08,VOO,1378075507,,,
2026-04-09,VOO,1380559208,,,
2026-04-10,VOO,1381516331,,,
2026-04-13,VOO,1384166109,,,
2026-04-14,VOO,1384166109,,,
2026-04-15,VOO,1385368503,,,
2026-04-16,VOO,1386050133,,,
2026-04-17,VOO,1385965650,,,
2026-04-20,VOO,1387779933,,,
2026-04-21,VOO,1391119745,,,
2026-04-22,VOO,1393551021,,,
2026-04-23,VOO,1396075917,,,
2026-04-24,VOO,1396370867,,,
2026-04-27,VOO,1397457553,655.5,,
2026-04-28,VOO,1397457553,,,
2026-04-29,VOO,1399058389,652.7000122070312,,
2026-04-30,VOO,1399820762,655.4400024414062,,
2026-05-01,VOO,1399820762,,,
2026-05-04,VOO,1404512496,662.52001953125,,
2026-05-05,VOO,1404512496,,,
2026-05-06,VOO,1406752541,670.780029296875,,
2026-05-07,VOO,1406404403,675.0900268554688,,
2026-05-08,VOO,1406602282,,,
2026-05-11,VOO,1408610988,679.2000122070312,,
2026-05-12,VOO,1408610988,676.125,,
2026-05-13,VOO,1409163275,678.8699951171875,,
2026-05-14,VOO,1409911112,684.8099975585938,,
2026-05-15,VOO,1410788120,680.4849853515625,,
2026-05-18,VOO,1414158187,676.9498901367188,,
2026-05-19,VOO,1414158187,672.8300170898438,,
2026-05-20,VOO,1415052067,678.9749755859375,,
2026-05-21,VOO,1418643911,679.0518798828125,,
2026-05-22,VOO,1418874765,685.5800170898438,,
2026-05-25,VOO,1420067856,,,
2026-05-26,VOO,1420067856,690.8499755859375,,
2026-05-27,VOO,1420067856,688.9998779296875,,
2026-05-28,VOO,1421413290,693.2050170898438,,
2026-05-29,VOO,1421924653,,,
2026-06-01,VOO,1430038475,697.5499877929688,,
2026-06-02,VOO,1430038475,698.7349853515625,,
2026-06-03,VOO,1431650238,693.5900268554688,,
2026-06-04,VOO,1431650238,692.8699951171875,,
2026-06-05,VOO,1437401198,689.719970703125,,
2026-06-08,VOO,1443851491,683.5750122070312,,
2026-06-09,VOO,1443851491,681.239990234375,,
2026-06-10,VOO,1446519088,672.4699096679688,,
2026-06-11,VOO,1481100086,668.8800048828125,,
2026-06-12,VOO,1499386594,678.0106811523438,,
2026-06-15,VOO,1515127945,694.614990234375,,
2026-06-16,VOO,1515127945,692.2808837890625,,
2026-06-17,VOO,1509851737,689.3198852539062,,
2026-06-18,VOO,1509851737,688.4739990234375,,
2026-06-19,VOO,1494069138,,,
2026-06-22,VOO,1494069138,686.4201049804688,,
2026-06-23,VOO,1494069138,680.2100219726562,,
2026-06-24,VOO,1461449010,677.7550048828125,,
2026-06-25,VOO,1442392848,678.72802734375,,
2026-06-26,VOO,1435093727,673.7000122070312,,
2026-06-29,VOO,1416123458,678.25,,
2026-06-30,VOO,1416123458,683.4149780273438,,
2026-07-01,VOO,1419698458,686.3372192382812,,
2026-07-02,VOO,1419548458,690.0,,
2026-07-03,VOO,1425592235,,,
2026-07-06,VOO,1431771803,689.260009765625,,
2026-07-07,VOO,1431771803,686.780029296875,,
2026-07-08,VOO,1432916525,683.7899780273438,,
2026-07-09,VOO,1435006336,687.5599975585938,,
2026-07-10,VOO,1436017745,691.989990234375,,
2026-07-13,VOO,1438168639,691.3200073242188,,
2026-07-14,VOO,1438168639,,,
2026-07-15,VOO,1438929151,,,
2026-07-16,VOO,1439608029,691.2899780273438,,
2026-07-17,VOO,1440661565,,,
2026-07-20,VOO,1441310000,685.6199951171875,,
2026-07-21,VOO,1442028298,,,
2026-07-22,VOO,1442591719,686.719970703125,,
2026-07-23,VOO,1442885069,681.5549926757812,,
2026-07-24,VOO,1444386990,,,
2026-07-27,VOO,1446477875,680.7249755859375,,
2026-07-28,VOO,1446477875,677.8699951171875,,
2026-07-29,VOO,1448638515,677.8900146484375,,
2026-07-30,VOO,1449328536,677.4299926757812,,
2026-07-31,VOO,1449071970,681.635009765625,,
2026-08-03,VOO,1448215638,693.614990234375,,
2026-08-04,VOO,1448215638,701.4099731445312,,
2026-08-05,VOO,1453347057,713.030029296875,,
2026-08-06,VOO,1455742959,708.8200073242188,,
2026-08-07,VOO,1456522411,,,
2026-08-10,VOO,1460741380,,,
2026-08-11,VOO,1460741380,,,
2026-08-12,VOO,1461679514,,,
2026-08-13,VOO,1462678927,,,
2026-08-14,VOO,1463059764,,,
2026-08-17,VOO,1464807798,,,
2026-08-18,VOO,1464807798,,,
2026-08-19,VOO,1465512585,,,
2026-08-20,VOO,1466492264,,,
2026-08-21,VOO,1468656881,,,
2026-08-24,VOO,1470879447,,,
2026-08-25,VOO,1470879447,,,
2026-08-26,VOO,1483427481,,,
2026-08-27,VOO,1483888756,708.75,,
2026-08-28,VOO,1484149215,707.239990234375,,
2026-08-31,VOO,1487040834,703.6500244140625,,
2026-09-01,VOO,1486805618,702.47998046875,,
2026-09-02,VOO,1486805618,703.4500122070312,,
2026-09-03,VOO,1487789041,710.030029296875,,
2026-09-04,VOO,1492472918,707.380126953125,,
2026-09-07,VOO,1492472918,,,
2026-09-08,VOO,1510025389,705.6749877929688,,
2026-09-09,VOO,1514299090,700.614990234375,,
2026-09-10,VOO,1514299090,698.0850219726562,,
2026-09-11,VOO,1523588750,703.5850219726562,,
2026-09-12,VOO,1523588750,703.3350219726562,2026-09-11,TradingView
2026-09-14,VOO,1543437534,702.5599975585938,2026-09-11,TradingView
2026-09-15,VOO,1543437534,699.2999877929688,2026-09-14,TradingView
2026-09-12,VSOL,1725000,13.6899995803833,2026-09-11,TradingView
2026-09-12,VT,511906954,159.99000549316406,2026-09-11,TradingView
2026-09-14,VT,511909145,159.94000244140625,2026-09-11,TradingView
2026-09-15,VT,511909145,158.72999572753906,2026-09-14,TradingView
2026-09-12,VTEB,940127893,48.399600982666016,2026-09-11,TradingView
2026-03-30,VTI,1743790721,311.67999267578125,,
2026-03-31,VTI,1743790721,319.53009033203125,,
2026-04-01,VTI,1743790721,,,
2026-04-02,VTI,1743790721,,,
2026-04-03,VTI,1743790721,,,
2026-04-06,VTI,1743790721,,,
2026-04-07,VTI,1748769422,,,
2026-04-08,VTI,1749495619,,,
2026-04-09,VTI,1748734803,,,
2026-04-10,VTI,1751205744,,,
2026-04-13,VTI,1751350260,,,
2026-04-14,VTI,1751350260,,,
2026-04-15,VTI,1752235446,,,
2026-04-16,VTI,1753453604,,,
2026-04-17,VTI,1754111458,,,
2026-04-20,VTI,1754580225,,,
2026-04-21,VTI,1754743190,,,
2026-04-22,VTI,1755564444,,,
2026-04-23,VTI,1756705715,,,
2026-04-24,VTI,1757215479,,,
2026-04-27,VTI,1758110778,351.69500732421875,,
2026-04-28,VTI,1758110778,,,
2026-04-29,VTI,1759251128,349.5899963378906,,
2026-04-30,VTI,1759310347,351.1849975585937,,
2026-05-01,VTI,1760519818,,,
2026-05-04,VTI,1762581216,355.2099914550781,,
2026-05-05,VTI,1762581216,,,
2026-05-06,VTI,1763280653,359.75,,
2026-05-07,VTI,1763352000,361.8500061035156,,
2026-05-08,VTI,1763996581,,,
2026-05-11,VTI,1765704035,363.6091003417969,,
2026-05-12,VTI,1765704035,361.6099853515625,,
2026-05-13,VTI,1766135510,362.8800048828125,,
2026-05-14,VTI,1767127293,365.8299865722656,,
2026-05-15,VTI,1767607125,363.4085083007813,,
2026-05-18,VTI,1768043718,361.4201049804688,,
2026-05-19,VTI,1768043718,358.9501037597656,,
2026-05-20,VTI,1768670224,362.6950073242188,,
2026-05-21,VTI,1769520600,362.9849853515625,,
2026-05-22,VTI,1770637591,366.6199951171875,,
2026-05-25,VTI,1771059279,,,
2026-05-26,VTI,1771059279,369.9200134277344,,
2026-05-27,VTI,1771059279,368.989990234375,,
2026-05-28,VTI,1771352727,371.3200073242188,,
2026-05-29,VTI,1772300956,,,
2026-06-01,VTI,1774065169,373.6600036621094,,
2026-06-02,VTI,1774065169,374.5,,
2026-06-03,VTI,1773911805,371.75,,
2026-06-04,VTI,1776510832,371.7199096679688,,
2026-06-05,VTI,1776945172,369.7999877929688,,
2026-06-08,VTI,1780986173,366.760009765625,,
2026-06-09,VTI,1780986173,365.6449890136719,,
2026-06-10,VTI,1779509209,361.0299072265625,,
2026-06-11,VTI,1781592474,359.31060791015625,,
2026-06-12,VTI,1783832669,364.5549926757813,,
2026-06-15,VTI,1783299505,372.989990234375,,
2026-06-16,VTI,1783299505,371.7699890136719,,
2026-06-17,VTI,1791839259,370.3450012207031,,
2026-06-18,VTI,1792331961,369.93499755859375,,
2026-06-19,VTI,1791324601,,,
2026-06-22,VTI,1791324601,368.9515075683594,,
2026-06-23,VTI,1791324601,365.864990234375,,
2026-06-24,VTI,1790516052,364.6127014160156,,
2026-06-25,VTI,1789459408,365.739990234375,,
2026-06-26,VTI,1788572466,363.0350036621094,,
2026-06-29,VTI,1789877985,365.4100036621094,,
2026-06-30,VTI,1789877985,368.3599853515625,,
2026-07-01,VTI,1793077985,370.1099853515625,,
2026-07-02,VTI,1791577985,371.9490051269531,,
2026-07-03,VTI,1792590857,,,
2026-07-06,VTI,1793808295,371.20989990234375,,
2026-07-07,VTI,1793808295,369.4599914550781,,
2026-07-08,VTI,1794317398,367.760009765625,,
2026-07-09,VTI,1794987841,370.0249938964844,,
2026-07-10,VTI,1795795493,371.8500061035156,,
2026-07-13,VTI,1795922163,371.2192077636719,,
2026-07-14,VTI,1795922163,,,
2026-07-15,VTI,1796388663,,,
2026-07-16,VTI,1797875876,371.3399963378906,,
2026-07-17,VTI,1798035852,,,
2026-07-20,VTI,1797226424,368.2900085449219,,
2026-07-21,VTI,1799080512,,,
2026-07-22,VTI,1800059182,369.0268859863281,,
2026-07-23,VTI,1800557884,366.2550048828125,,
2026-07-24,VTI,1801622887,,,
2026-07-27,VTI,1803383844,365.8200988769531,,
2026-07-28,VTI,1803383844,364.2200012207031,,
2026-07-29,VTI,1803275146,364.3399963378906,,
2026-07-30,VTI,1803766893,363.9649963378906,,
2026-07-31,VTI,1804761606,366.0700073242188,,
2026-08-03,VTI,1806639596,372.4100036621094,,
2026-08-04,VTI,1806639596,376.5499877929688,,
2026-08-05,VTI,1810976070,382.76849365234375,,
2026-08-06,VTI,1823386181,380.30999755859375,,
2026-08-07,VTI,1823386181,,,
2026-08-10,VTI,1809691878,,,
2026-08-11,VTI,1809691878,,,
2026-08-12,VTI,1810114160,,,
2026-08-13,VTI,1810777169,,,
2026-08-14,VTI,1810777169,,,
2026-08-17,VTI,1813713454,,,
2026-08-18,VTI,1813713454,,,
2026-08-19,VTI,1814400326,,,
2026-08-20,VTI,1817155395,,,
2026-08-21,VTI,1818567568,,,
2026-08-24,VTI,1819354066,,,
2026-08-25,VTI,1819354066,,,
2026-08-26,VTI,1820439984,,,
2026-08-27,VTI,1821543655,380.6300048828125,,
2026-08-28,VTI,1822940644,379.3599853515625,,
2026-08-31,VTI,1825668119,377.3500061035156,,
2026-09-01,VTI,1825888136,376.510009765625,,
2026-09-02,VTI,1825402065,376.8800964355469,,
2026-09-03,VTI,1826517362,380.5299987792969,,
2026-09-04,VTI,1826692992,379.3699951171875,,
2026-09-07,VTI,1826517362,,,
2026-09-08,VTI,1827942383,378.5400085449219,,
2026-09-09,VTI,1827942383,375.6400146484375,,
2026-09-10,VTI,1828378327,374.0499877929688,,
2026-09-11,VTI,1830273692,376.8049926757813,,
2026-09-12,VTI,1830273692,376.6400146484375,2026-09-11,TradingView
2026-09-14,VTI,1831579528,376.30999755859375,2026-09-11,TradingView
2026-09-15,VTI,1831579528,374.67999267578125,2026-09-14,TradingView
2026-09-12,VTIP,420016915,49.4900016784668,2026-09-11,TradingView
2026-09-12,VTV,855760132,223.88999938964844,2026-09-11,TradingView
2026-09-14,VTV,855789679,223.97000122070312,2026-09-11,TradingView
2026-09-15,VTV,855789679,222.88999938964844,2026-09-14,TradingView
2026-09-12,VUG,2575208582,88.19000244140625,2026-09-11,TradingView
2026-09-14,VUG,2576316392,88.0199966430664,2026-09-11,TradingView
2026-09-15,VUG,2576316392,87.70999908447266,2026-09-14,TradingView
2026-03-30,VWO,2034081727,52.41999816894531,,
2026-03-31,VWO,2034081727,53.61989974975586,,
2026-04-01,VWO,2034081727,,,
2026-04-02,VWO,2034081727,,,
2026-04-03,VWO,2034083001,,,
2026-04-06,VWO,2034083001,,,
2026-04-07,VWO,2034239821,,,
2026-04-08,VWO,2034253898,,,
2026-04-09,VWO,2034344624,,,
2026-04-10,VWO,2034608451,,,
2026-04-13,VWO,2034631491,,,
2026-04-14,VWO,2034644016,,,
2026-04-15,VWO,2034692632,,,
2026-04-16,VWO,2034697796,,,
2026-04-17,VWO,2034697796,,,
2026-04-20,VWO,2034766664,,,
2026-04-21,VWO,2034766664,,,
2026-04-22,VWO,2034820615,,,
2026-04-23,VWO,2034842199,,,
2026-04-24,VWO,2034842199,,,
2026-04-27,VWO,2034862019,58.900001525878906,,
2026-04-28,VWO,2034862019,,,
2026-04-29,VWO,2034876643,58.1150016784668,,
2026-04-30,VWO,2034942300,58.28499984741211,,
2026-05-01,VWO,2034955823,,,
2026-05-04,VWO,2034969117,59.14500045776367,,
2026-05-05,VWO,2034969117,,,
2026-05-06,VWO,2037001985,60.29499816894531,,
2026-05-07,VWO,2037031706,60.73500061035156,,
2026-05-08,VWO,2037041330,,,
2026-05-11,VWO,2037077316,60.44010162353516,,
2026-05-12,VWO,2037077316,59.42499923706055,,
2026-05-13,VWO,2037106479,59.85499954223633,,
2026-05-14,VWO,2037113104,59.630001068115234,,
2026-05-15,VWO,2037114790,58.42499923706055,,
2026-05-18,VWO,2037158011,58.29999923706055,,
2026-05-19,VWO,2037169395,57.622100830078125,,
2026-05-20,VWO,2037196502,58.46500015258789,,
2026-05-21,VWO,2037196502,58.22499847412109,,
2026-05-22,VWO,2037232032,58.86000061035156,,
2026-05-25,VWO,2037248114,,,
2026-05-26,VWO,2037248114,60.130001068115234,,
2026-05-27,VWO,2037248114,60.23500061035156,,
2026-05-28,VWO,2037254145,59.93999862670898,,
2026-05-29,VWO,2037316363,,,
2026-06-01,VWO,2038732672,,,
2026-06-02,VWO,2038732672,61.29990005493164,,
2026-06-03,VWO,2038758465,60.310001373291016,,
2026-06-04,VWO,2038778286,60.01499938964844,,
2026-06-05,VWO,2038787490,58.95000076293945,,
2026-06-08,VWO,2038805226,58.58000183105469,,
2026-06-09,VWO,2038813089,58.85499954223633,,
2026-06-10,VWO,2038833570,58.130001068115234,,
2026-06-11,VWO,2038834048,58.005001068115234,,
2026-06-12,VWO,2038919673,59.20859909057617,,
2026-06-15,VWO,2039051872,60.9099006652832,,
2026-06-16,VWO,2039051872,60.33000183105469,,
2026-06-17,VWO,2039064200,60.64889907836914,,
2026-06-18,VWO,2039157294,60.76020050048828,,
2026-06-19,VWO,2039157378,,,
2026-06-22,VWO,2041763841,61.27000045776367,,
2026-06-23,VWO,2041763841,59.59000015258789,,
2026-06-24,VWO,2052963841,58.90499877929688,,
2026-06-25,VWO,2052964437,59.040000915527344,,
2026-06-26,VWO,2053025508,58.375,,
2026-06-29,VWO,2053064099,58.85499954223633,,
2026-06-30,VWO,2053085742,59.470001220703125,,
2026-07-01,VWO,2053085742,59.61000061035156,,
2026-07-02,VWO,2053094645,59.8650016784668,,
2026-07-03,VWO,2053095855,,,
2026-07-06,VWO,2053097968,59.959999084472656,,
2026-07-07,VWO,2053097968,58.95000076293945,,
2026-07-08,VWO,2053109177,58.9900016784668,,
2026-07-09,VWO,2053171145,59.525001525878906,,
2026-07-10,VWO,2053180028,59.77000045776367,,
2026-07-13,VWO,2053262678,59.130001068115234,,
2026-07-14,VWO,2053262678,,,
2026-07-15,VWO,2067077103,,,
2026-07-16,VWO,2067077103,58.869998931884766,,
2026-07-17,VWO,2067080653,,,
2026-07-20,VWO,2069482348,58.119998931884766,,
2026-07-21,VWO,2069482348,,,
2026-07-22,VWO,2071887830,58.7599983215332,,
2026-07-23,VWO,2071895575,58.375,,
2026-07-24,VWO,2071899867,,,
2026-07-27,VWO,2078566898,58.06499862670898,,
2026-07-28,VWO,2078566898,57.380001068115234,,
2026-07-29,VWO,2078572126,57.15999984741211,,
2026-07-30,VWO,2078572126,57.85499954223633,,
2026-07-31,VWO,2080603466,58.45500183105469,,
2026-08-03,VWO,2080604970,58.93000030517578,,
2026-08-04,VWO,2080604970,59.72999954223633,,
2026-08-05,VWO,2085619533,60.290000915527344,,
2026-08-06,VWO,2087634590,59.93999862670898,,
2026-08-07,VWO,2087644594,,,
2026-08-10,VWO,2087687688,,,
2026-08-11,VWO,2087715352,,,
2026-08-12,VWO,2087730994,,,
2026-08-13,VWO,2087730994,,,
2026-08-14,VWO,2087730994,,,
2026-08-17,VWO,2089768980,,,
2026-08-18,VWO,2093572239,,,
2026-08-19,VWO,2093572239,,,
2026-08-20,VWO,2095580772,,,
2026-08-21,VWO,2096802895,,,
2026-08-24,VWO,2096991634,,,
2026-08-25,VWO,2096991634,,,
2026-08-26,VWO,2103003414,,,
2026-08-27,VWO,2104027292,61.0099983215332,,
2026-08-28,VWO,2104042790,60.790000915527344,,
2026-08-31,VWO,2104045811,60.46500015258789,,
2026-09-01,VWO,2104045811,60.994998931884766,,
2026-09-02,VWO,2104047776,60.665000915527344,,
2026-09-03,VWO,2106055235,60.845001220703125,,
2026-09-04,VWO,2106067466,61.400001525878906,,
2026-09-07,VWO,2106069617,,,
2026-09-08,VWO,2106074930,61.3849983215332,,
2026-09-09,VWO,2106074930,60.92499923706055,,
2026-09-10,VWO,2106143795,60.17499923706055,,
2026-09-11,VWO,2106166010,60.31999969482422,,
2026-09-12,VWO,2106166010,60.290000915527344,2026-09-11,TradingView
2026-09-14,VWO,2106184988,60.34999847412109,2026-09-11,TradingView
2026-09-15,VWO,2106184988,59.61000061035156,2026-09-14,TradingView
2026-09-12,VWOB,97560658,64.89510345458984,2026-09-11,TradingView
2026-09-12,VXUS,1904033341,87.05999755859375,2026-09-11,TradingView
2026-09-14,VXUS,1907648672,87.13999938964844,2026-09-11,TradingView
2026-09-15,VXUS,1907648672,86.04000091552734,2026-09-14,TradingView
2026-09-12,XAR,22420000,246.189697265625,2026-09-11,SSGA
2026-09-14,XAR,22380000,245.9600067138672,2026-09-11,SSGA
2026-09-15,XAR,22380000,242.8300018310547,2026-09-14,SSGA
2026-03-28,XLB,130600000,,,
2026-03-30,XLB,127300000,49.09000015258789,,
2026-03-31,XLB,126450000,49.77000045776367,,
2026-04-01,XLB,130900000,,,
2026-04-02,XLB,131900000,,,
2026-04-03,XLB,131900000,,,
2026-04-06,XLB,132600000,,,
2026-04-07,XLB,132500000,,,
2026-04-08,XLB,133050000,,,
2026-04-09,XLB,134950000,,,
2026-04-10,XLB,138250000,,,
2026-04-13,XLB,140450000,,,
2026-04-14,XLB,140500000,,,
2026-04-15,XLB,140650000,,,
2026-04-16,XLB,142350000,,,
2026-04-17,XLB,146850000,,,
2026-09-12,XLB,165400000,50.90499877929688,2026-09-11,SSGA
2026-09-14,XLB,163050000,50.95000076293945,2026-09-11,SSGA
2026-09-15,XLB,163250000,50.4900016784668,2026-09-14,SSGA
2026-03-28,XLC,215900000,,,
2026-03-30,XLC,217650000,107.95999908447266,,
2026-03-31,XLC,217650000,110.73500061035156,,
2026-04-01,XLC,217400000,,,
2026-04-02,XLC,216350000,,,
2026-04-03,XLC,216350000,,,
2026-04-06,XLC,216100000,,,
2026-04-07,XLC,216450000,,,
2026-04-08,XLC,216650000,,,
2026-04-09,XLC,216350000,,,
2026-04-10,XLC,216500000,,,
2026-04-13,XLC,216300000,,,
2026-04-14,XLC,216050000,,,
2026-04-15,XLC,217000000,,,
2026-04-16,XLC,217800000,,,
2026-04-17,XLC,218050000,,,
2026-09-12,XLC,202600000,112.63999938964844,2026-09-11,SSGA
2026-09-14,XLC,201000000,112.5999984741211,2026-09-11,SSGA
2026-09-15,XLC,201700000,115.06999969482422,2026-09-14,SSGA
2026-03-28,XLE,692750000,,,
2026-03-30,XLE,700850000,61.959999084472656,,
2026-03-31,XLE,707150000,60.66999816894531,,
2026-04-01,XLE,711950000,,,
2026-04-02,XLE,714450000,,,
2026-04-03,XLE,714450000,,,
2026-04-06,XLE,708100000,,,
2026-04-07,XLE,692200000,,,
2026-04-08,XLE,696100000,,,
2026-04-09,XLE,700050000,,,
2026-04-10,XLE,687450000,,,
2026-04-13,XLE,686850000,,,
2026-04-14,XLE,678900000,,,
2026-04-15,XLE,682000000,,,
2026-04-16,XLE,697850000,,,
2026-04-17,XLE,698600000,,,
2026-09-12,XLE,656600000,64.98500061035156,2026-09-11,SSGA
2026-09-14,XLE,655550000,65.13999938964844,2026-09-11,SSGA
2026-09-15,XLE,654850000,64.52999877929688,2026-09-14,SSGA
2026-03-28,XLF,986400000,,,
2026-03-30,XLF,981700000,48.36000061035156,,
2026-03-31,XLF,974800000,49.26499938964844,,
2026-04-01,XLF,967750000,,,
2026-04-02,XLF,976450000,,,
2026-04-03,XLF,976450000,,,
2026-04-06,XLF,983300000,,,
2026-04-07,XLF,984150000,,,
2026-04-08,XLF,980950000,,,
2026-04-09,XLF,983300000,,,
2026-04-10,XLF,985650000,,,
2026-04-13,XLF,988500000,,,
2026-04-14,XLF,981400000,,,
2026-04-15,XLF,989150000,,,
2026-04-16,XLF,976300000,,,
2026-04-17,XLF,978500000,,,
2026-09-12,XLF,956250000,57.23500061035156,2026-09-11,SSGA
2026-09-14,XLF,958200000,57.25,2026-09-11,SSGA
2026-09-15,XLF,963900000,57.029998779296875,2026-09-14,SSGA
2026-03-28,XLI,172680000,,,
2026-03-30,XLI,173830000,156.61000061035156,,
2026-03-31,XLI,174730000,160.88999938964844,,
2026-04-01,XLI,175180000,,,
2026-04-02,XLI,173530000,,,
2026-04-03,XLI,173530000,,,
2026-04-06,XLI,173730000,,,
2026-04-07,XLI,172530000,,,
2026-04-08,XLI,173180000,,,
2026-04-09,XLI,173080000,,,
2026-04-10,XLI,176030000,,,
2026-04-13,XLI,177480000,,,
2026-04-14,XLI,176680000,,,
2026-04-15,XLI,177380000,,,
2026-04-16,XLI,175630000,,,
2026-04-17,XLI,176130000,,,
2026-09-12,XLI,181230000,172.4499969482422,2026-09-11,SSGA
2026-09-14,XLI,181430000,172.3699951171875,2026-09-11,SSGA
2026-09-15,XLI,181230000,169.92999267578125,2026-09-14,SSGA
2026-03-28,XLK,632460000,,,
2026-03-30,XLK,632260000,127.5,,
2026-03-31,XLK,632410000,132.08999633789062,,
2026-04-01,XLK,633260000,,,
2026-04-02,XLK,633560000,,,
2026-04-03,XLK,633560000,,,
2026-04-06,XLK,634310000,,,
2026-04-07,XLK,635610000,,,
2026-04-08,XLK,636360000,,,
2026-04-09,XLK,637310000,,,
2026-04-10,XLK,638910000,,,
2026-04-13,XLK,640010000,,,
2026-04-14,XLK,638810000,,,
2026-04-15,XLK,638910000,,,
2026-04-16,XLK,639010000,,,
2026-04-17,XLK,638810000,,,
2026-09-12,XLK,649910000,188.06500244140625,2026-09-11,SSGA
2026-09-14,XLK,649010000,187.6699981689453,2026-09-11,SSGA
2026-09-15,XLK,648410000,184.27999877929688,2026-09-14,SSGA
2026-03-28,XLP,190520000,,,
2026-03-30,XLP,189470000,81.87999725341797,,
2026-03-31,XLP,188920000,81.47509765625,,
2026-04-01,XLP,188870000,,,
2026-04-02,XLP,188720000,,,
2026-04-03,XLP,188720000,,,
2026-04-06,XLP,186420000,,,
2026-04-07,XLP,176870000,,,
2026-04-08,XLP,176820000,,,
2026-04-09,XLP,174870000,,,
2026-04-10,XLP,174970000,,,
2026-04-13,XLP,174320000,,,
2026-04-14,XLP,173870000,,,
2026-04-15,XLP,174720000,,,
2026-04-16,XLP,176670000,,,
2026-04-17,XLP,177120000,,,
2026-09-12,XLP,172170000,83.43499755859375,2026-09-11,SSGA
2026-09-14,XLP,172970000,83.37999725341797,2026-09-11,SSGA
2026-09-15,XLP,170670000,84.41999816894531,2026-09-14,SSGA
2026-03-28,XLRE,176250000,,,
2026-03-30,XLRE,179700000,40.209999084472656,,
2026-03-31,XLRE,179300000,40.70500183105469,,
2026-04-01,XLRE,178900000,,,
2026-04-02,XLRE,181150000,,,
2026-04-03,XLRE,181150000,,,
2026-04-06,XLRE,179950000,,,
2026-04-07,XLRE,179950000,,,
2026-04-08,XLRE,180050000,,,
2026-04-09,XLRE,180250000,,,
2026-04-10,XLRE,180200000,,,
2026-04-13,XLRE,178800000,,,
2026-04-14,XLRE,179100000,,,
2026-04-15,XLRE,179250000,,,
2026-04-16,XLRE,179250000,,,
2026-04-17,XLRE,179250000,,,
2026-09-12,XLRE,185700000,43.42499923706055,2026-09-11,SSGA
2026-09-14,XLRE,185700000,43.41999816894531,2026-09-11,SSGA
2026-09-15,XLRE,184950000,43.119998931884766,2026-09-14,SSGA
2026-03-28,XLU,530450000,,,
2026-03-30,XLU,529549999,45.91999816894531,,
2026-03-31,XLU,528950000,45.470001220703125,,
2026-04-01,XLU,532200000,,,
2026-04-02,XLU,528500000,,,
2026-04-03,XLU,528500000,,,
2026-04-06,XLU,530000000,,,
2026-04-07,XLU,531500000,,,
2026-04-08,XLU,535250000,,,
2026-04-09,XLU,536850000,,,
2026-04-10,XLU,537900000,,,
2026-04-13,XLU,542100000,,,
2026-04-14,XLU,542300000,,,
2026-04-15,XLU,541800000,,,
2026-04-16,XLU,540750000,,,
2026-04-17,XLU,538900000,,,
2026-09-12,XLU,519150000,42.46500015258789,2026-09-11,SSGA
2026-09-14,XLU,519100000,42.38999938964844,2026-09-11,SSGA
2026-09-15,XLU,519600000,41.81999969482422,2026-09-14,SSGA
2026-03-28,XLV,265370000,,,
2026-03-30,XLV,263570000,143.82000732421875,,
2026-03-31,XLV,263670000,145.90499877929688,,
2026-04-01,XLV,263320000,,,
2026-04-02,XLV,264470000,,,
2026-04-03,XLV,264470000,,,
2026-04-06,XLV,263570000,,,
2026-04-07,XLV,263370000,,,
2026-04-08,XLV,262920000,,,
2026-04-09,XLV,261970000,,,
2026-04-10,XLV,261120000,,,
2026-04-13,XLV,261620000,,,
2026-04-14,XLV,261470000,,,
2026-04-15,XLV,261620000,,,
2026-04-16,XLV,265269999,,,
2026-04-17,XLV,262769999,,,
2026-09-12,XLV,259519999,165.2899932861328,2026-09-11,SSGA
2026-09-14,XLV,260470000,165.36000061035156,2026-09-11,SSGA
2026-09-15,XLV,259820000,167.75,2026-09-14,SSGA
2026-03-28,XLY,198660000,,,
2026-03-30,XLY,197460000,105.66000366210938,,
2026-03-31,XLY,197260000,108.74500274658205,,
2026-04-01,XLY,196810000,,,
2026-04-02,XLY,194660000,,,
2026-04-03,XLY,194660000,,,
2026-04-06,XLY,192110000,,,
2026-04-07,XLY,191810000,,,
2026-04-08,XLY,192360000,,,
2026-04-09,XLY,192510000,,,
2026-04-10,XLY,194410000,,,
2026-04-13,XLY,194610000,,,
2026-04-14,XLY,194060000,,,
2026-04-15,XLY,193710000,,,
2026-04-16,XLY,193610000,,,
2026-04-17,XLY,193460000,,,
2026-09-12,XLY,190260000,113.0199966430664,2026-09-11,SSGA
2026-09-14,XLY,189660000,112.95999908447266,2026-09-11,SSGA
2026-09-15,XLY,189660000,112.8499984741211,2026-09-14,SSGA
2026-09-12,XOP,21000000,195.3000030517578,2026-09-11,TradingView
2026-09-14,XOP,21650000,195.72000122070312,2026-09-11,TradingView
2026-09-15,XOP,21650000,193.47000122070312,2026-09-14,TradingView
2026-09-12,XSD,5400000,507.1199951171875,2026-09-11,TradingView
2026-09-14,XSD,5425000,505.5700073242188,2026-09-11,TradingView
2026-09-15,XSD,5425000,474.6199951171875,2026-09-14,TradingView
2026-09-12,ZCSH,6979300,93.21009826660156,2026-09-11,TradingView
